question,document
When does the next data engineering cohort usually begin each year?,9e508f2212
Where can I find the exact start date for the current Zoomcamp cohort?,9e508f2212
Is there a registration link somewhere before the course starts?,9e508f2212
What’s the best way to get course announcements and updates?,9e508f2212
Which Telegram and Slack channels should I join for this course?,9e508f2212
What should I know before starting this course? Do I need any data engineering background already?,bfafa427b3
"Is Python required for the course, or is it just something that helps?",bfafa427b3
Do I need to be comfortable with SQL and coding before I enroll?,bfafa427b3
"Can I take this course if I’m brand new to data engineering, or is some experience expected?",bfafa427b3
What basic skills should I have so I can keep up with the course without being lost at the start?,bfafa427b3
Can I join the course late and still do the homework?,3f1424af17
"If I missed the start date, am I still allowed to submit assignments?",3f1424af17
Do I need to register before the course starts to take part in homework?,3f1424af17
What happens if I sign up after the course has already begun?,3f1424af17
Are there deadlines for homework and the final project if I join late?,3f1424af17
"Do I actually need to wait for a confirmation email after signing up for the Data Engineering Bootcamp, or am I already in?",52217fc51b
"I registered for the bootcamp but haven't gotten any email yet — is that normal, or did I miss something?",52217fc51b
"If I signed up for the Data Engineering Bootcamp, can I just start the course and submit homework right away?",52217fc51b
"Was registration for the bootcamp only for showing interest, or does it mean I still need approval before starting?",52217fc51b
Do I need to register again or wait for anything else before I begin the Data Engineering Bootcamp?,52217fc51b
What should I set up before the course begins so I can follow along smoothly?,33fc260cd8
Do I need to create a Google Cloud account and install the gcloud CLI before day one?,33fc260cd8
"Which tools should I have installed ahead of time for the course, like Python, Terraform, and Git?",33fc260cd8
Is it better to install Python with my system package manager or use uv for this course?,33fc260cd8
"Besides installing the basic tools, is there anything else I should review before the course starts?",33fc260cd8
"How many Zoomcamps does DataTalks.Club usually run in a year, and which ones are they?",b71fb3b195
When does the Data Engineering Zoomcamp happen compared with the other Zoomcamps?,b71fb3b195
"If I miss the live cohort, can I still do the course later and get a certificate?",b71fb3b195
"Are the Zoomcamp dates fixed, or is there a place to check the current schedule?",b71fb3b195
"Does every Zoomcamp have more than one live cohort each year, or just one?",b71fb3b195
"Will the new cohort be much different from the last one, or is most of the course basically the same?",e499535e82
Where can I check which tools or lessons changed for this year’s data engineering cohort?,e499535e82
"I noticed older videos use different orchestration tools — can I still learn from those, or do I need to stick to the current stack?",e499535e82
"Has the orchestrator and analytics engineering tooling changed between cohorts, and how do I see the exact updates?",e499535e82
"If I follow an older cohort’s material, will the homework still match, or is it only graded with the current tools?",e499535e82
"Can I still take the course materials after it ends, or do they disappear?",068529125b
"If I start the course late, will I still be able to go through everything on my own schedule?",068529125b
"After the cohort finishes, are the homeworks and lessons still available to review?",068529125b
Can I keep using the course resources to prep for the next cohort later on?,068529125b
"Once the course is over, am I allowed to start working on the final capstone project?",068529125b
"If I’m doing the course on my own, can I still get help somewhere, like on Slack?",c207b8614e
"Does the Slack channel stay open for people taking the course self-paced, or is it only for live students?",c207b8614e
"Before I ask a question in Slack, should I check the FAQ and search the channel first?",c207b8614e
Can I mention @ZoomcampQABot in Slack to look things up for me?,c207b8614e
How reliable is the bot’s answer in Zoomcamp — can I trust it completely?,c207b8614e
"Which YouTube playlist is the official one for the course videos, and does it always match the current cohort?",8ac65b2225
Where can I find the latest video links for each module without digging through old playlists?,8ac65b2225
Is there a place in the course repo that sends me to the right lesson video for every module?,8ac65b2225
"Do office hours and cohort-specific videos live in the same playlist as the main course lessons, or somewhere else?",8ac65b2225
How do I find the playlist or links for my specific cohort in this course?,8ac65b2225
How much time per week should I plan for this course if I'm new to the material?,316180784f
"Is the weekly workload around 5 to 15 hours, or does it vary a lot by experience?",316180784f
Do people with prior experience usually spend less time on the modules each week?,316180784f
What should I expect in terms of hours per week for the course overall?,316180784f
Can I estimate the weekly time commitment myself from the course data?,316180784f
Will the office hours be recorded if I can’t make it live?,a411de5004
How long after the live office hours do the recordings usually show up?,a411de5004
Can I watch the workshop later if I miss the live session?,a411de5004
Are the office hours available to rewatch after they end?,a411de5004
"If I miss the office hours, where can I find the recording?",a411de5004
Can I change the random name shown on the leaderboard to my real name or a nickname?,16005581f2
Which name should I use for the certificate if I want my real name printed on it?,16005581f2
"What does the ""Display on Leaderboard"" setting actually control?",16005581f2
How do I know which entry on the leaderboard is mine?,16005581f2
"Is the leaderboard name the same as the certificate name, or are they set separately?",16005581f2
Do I really have to finish all the homework to get the course certificate?,3774a79c13
"If I skip the homeworks, can I still earn the certificate somehow?",3774a79c13
What are the minimum requirements for getting the certificate in this course?,3774a79c13
"If I join the course late, do I need to catch up on every homework for the certificate?",3774a79c13
"Is completing the peer-reviewed capstone project enough for the certificate, even without the homework?",3774a79c13
Can I take this course at my own pace and still get the certificate?,900f60fd25
Is there any way to get a certificate if I don't join the live cohort?,900f60fd25
Why can't the self-paced version of the course give out certificates?,900f60fd25
Do I need to be in the live run to do the peer reviews for the capstone project?,900f60fd25
"If I finish everything later on my own, will I still qualify for the certificate?",900f60fd25
Where can I check the deadline for this cohort’s homework and project submissions?,d3f485cd10
"If I want the current homework due date, should I look in the repo, the course site, or somewhere else?",d3f485cd10
"How do I find the deadline for my cohort, and does it change if instructors extend it?",d3f485cd10
Is there a place in the cohort materials that lists homework and project deadlines for each run of the course?,d3f485cd10
"Besides the README, where should I look to know the latest submission deadline or any extension announcement?",d3f485cd10
"Can I submit homework after the deadline, or is it not allowed?",4dbd2eea47
"If the homework form is still open after the due date, does that mean I can still turn it in?",4dbd2eea47
How do I make sure my homework submission actually went through on the course page?,4dbd2eea47
Do I need to be logged in to confirm my homework was submitted correctly?,4dbd2eea47
What should I do if I missed the deadline but the homework form is still available?,4dbd2eea47
What should I put as the homework URL for the homework link?,9d89b52976
Is the homework link supposed to be my GitHub repo or something else?,9d89b52976
Where do I submit the homework URL if my code is on GitLab or Bitbucket?,9d89b52976
Does the homework URL need to point to a portfolio-style repo with my exercises in it?,9d89b52976
What kind of link would a reasonable person expect for the homework submission?,9d89b52976
How can I find my name on the course leaderboard if I only have the random display name?,7255a1c3bc
Where do I go to see or change the display name that shows up on the leaderboard?,7255a1c3bc
How do I check what name was assigned to my account after signing up?,7255a1c3bc
Is there a way to set my real name for the certificate and also edit my leaderboard name?,7255a1c3bc
"What’s the page for managing my profile on the cohort site, and how do I use it to find myself on the leaderboard?",7255a1c3bc
"Are there any live Zoom sessions besides the office hours, or is that it for the course?",99bb0ceeb6
"Will there be extra calls during the Capstone phase to ask questions, and how will we know if they’re happening?",99bb0ceeb6
"Do you plan to schedule any additional Zoom meetings for the capstone, or should I just watch the calendar?",99bb0ceeb6
"Outside of office hour, what other live calls should students expect in this course?",99bb0ceeb6
"If there are more Zoom calls later on, will they be announced ahead of time somewhere?",99bb0ceeb6
How can I help improve this course project if I spot mistakes or missing info?,721f9e0c29
What’s the best way to contribute to the course repo besides just studying it?,721f9e0c29
Can I send a pull request if I want to fix the text or organization of the course materials?,721f9e0c29
Is there anything I can do to support the course if I found it useful?,721f9e0c29
How do students usually contribute to the FAQ or course repository?,721f9e0c29
What books or extra resources do you recommend for this course?,86251abcdf
Is there a list of good data engineering resources I can use alongside the zoomcamp?,86251abcdf
Where can I find recommended reading and other useful materials for data engineering?,86251abcdf
Do you have any document with additional data engineering resources I should check out?,86251abcdf
Can you share a place with books and links for learning more data engineering?,86251abcdf
What exactly are project attempt 1 and attempt 2 for this course?,9b0561dbf8
"If I miss the first project deadline, do I still get another chance to submit?",9b0561dbf8
How does the second project attempt work if I fail the first one?,9b0561dbf8
Are there really two tries for the project submission?,9b0561dbf8
Do I need to wait for the first attempt to fail before using the second one?,9b0561dbf8
How do I get started with GitHub for this course and pull the course repo onto my laptop?,dc06a38bc6
Is there a simple guide for cloning the course repository after I make a GitHub account?,dc06a38bc6
"I want to keep my own notes for the class — should I make a separate Git repo, and how do I do that?",dc06a38bc6
What files should I exclude from my repository so I don’t accidentally commit huge data files or secrets?,dc06a38bc6
"Can I put .env or password files in a private repo, or should I still hide them with .gitignore?",dc06a38bc6
"How will I know when my certificate is ready, and what should I do before that if my name is wrong?",6314bc3029
Where exactly do I go to generate the course certificate after grading is finished?,6314bc3029
"Do I need to check Telegram or Slack for certificate updates, and what are the two announcements about?",6314bc3029
"If my certificate name has a typo, where can I change it before the certificate gets issued?",6314bc3029
"After the final grading announcement, what is the step-by-step process to download or create my certificate?",6314bc3029
"How are homework points actually calculated after I submit an assignment, and where do I see the score?",05727a95dd
What exactly goes into the cohort leaderboard besides homework grades?,05727a95dd
How many points can I get from FAQ contributions and Learning in Public posts each week?,05727a95dd
Where can I find the leaderboard link for my current cohort?,05727a95dd
Is there a video or guide that explains how the homework and leaderboard scoring works?,05727a95dd
"I already submitted my project, but my certificate still doesn’t show up — is that normal?",5ee1e7ea9c
Why is my leaderboard score still zero after I turned in the project?,5ee1e7ea9c
Does submitting the project automatically mean I passed the course project?,5ee1e7ea9c
How long does it usually take before the certificate becomes available after project submission?,5ee1e7ea9c
"If the course says grading is done and I still can’t see a certificate in my profile, what should I do?",5ee1e7ea9c
What Python version should I install for this course if I want the safest option?,29e58c5c37
"Can I use Python 3.9 for the older videos, or will something break?",29e58c5c37
"Does the course expect one exact Python version, or is there a recommended default?",29e58c5c37
"If a module needs a different Python version, where do I check that?",29e58c5c37
"Will Python 3.10 or 3.11 work with the main tools used in the course like pandas, dbt, and PySpark?",29e58c5c37
"Do I have to use my laptop for this course, or can I do it in GitHub Codespaces or on a GCP VM instead?",4f1fe161b1
"Which setup is easiest if I already know Docker locally — my own machine, Codespaces, or a Google Cloud VM?",4f1fe161b1
"If my laptop is slow, is GitHub Codespaces a good option for the course environment?",4f1fe161b1
"For the course videos, is the recommended setup a local install, Codespaces, or a persistent VM on Google Cloud?",4f1fe161b1
"Do I need both a Codespaces environment and a GCP VM, or can I just choose one for running the course?",4f1fe161b1
"I'm trying to connect to my GCP VM from VS Code on Windows and I get ""Could not establish connection to MyServerName: Got bad result from install script."" What usually fixes this?",b92da7c113
Do I need to change something in Windows Registry if VS Code remote connection to the VM fails with an install script error?,b92da7c113
Where do I look in regedit to fix the weird connection problem when opening my server in VS Code on Windows?,b92da7c113
Can deleting a saved SSH fingerprint help when VS Code says it can't connect to my GCP machine? Where is that file on Windows?,b92da7c113
What should I do if the remote server connection keeps failing on Windows even after I tried reconnecting in VS Code?,b92da7c113
Why did the course choose GCP instead of AWS or Azure?,a8219681ec
Is BigQuery the reason the lessons are on Google Cloud?,a8219681ec
Can I follow the course with AWS or Azure instead of GCP?,a8219681ec
Will the cloud concepts from the course still make sense if I use another provider?,a8219681ec
"Do I have to use GCP for the project, or can I switch to a different cloud?",a8219681ec
"Why are the .sh setup scripts failing on my Windows machine, and do I need WSL for this course?",8b0214d089
I’m on Windows and Git Bash isn’t running the shell scripts properly — what’s the recommended fix?,8b0214d089
"Can I do the course on Windows without WSL, or will the shell script parts break later?",8b0214d089
Why do the course scripts work in Linux but not for me in Windows terminal/MINGW64?,8b0214d089
What’s the easiest way to avoid getting stuck on the shell script tasks if I’m using Windows?,8b0214d089
What should I try first when I get an error during setup and want to troubleshoot it myself?,a83f047f52
How do I search for an error message properly instead of just pasting the whole stack trace into Google?,a83f047f52
"When I ask for help in Slack, what details should I include so people can actually debug it?",a83f047f52
"Should I send screenshots of the error, or is it better to paste the command and message as text?",a83f047f52
"If I already tried a few fixes and it still fails, what’s the best way to follow up in the same support thread?",a83f047f52
How do I set Git Bash on Windows to use backslash as the escape character?,1ba19ed6a0
What command should I run in Git Bash if I want \ to work as the escape character?,1ba19ed6a0
Do I need to add the backslash escape setting to my .bashrc file in Git Bash?,1ba19ed6a0
Is there a terminal command to make Git Bash treat backslash as the escape character on Windows?,1ba19ed6a0
"For Git Bash on Windows, how can I enable backslash escaping without editing my shell config?",1ba19ed6a0
"Why am I getting ""Makefile:2: *** missing separator. Stop."" in VS Code?",e5dc51eac9
How do I fix a Makefile error caused by spaces instead of tabs?,e5dc51eac9
"In Visual Studio Code, how can I convert indentation from spaces to tabs for a Makefile?",e5dc51eac9
What should I change in my editor when a Makefile complains about a missing separator?,e5dc51eac9
Is there a quick way to switch VS Code to use tabs instead of spaces so my Makefile works?,e5dc51eac9
How can I open an HTML file from WSL2 using my Windows browser instead of a Linux one?,5b54567e89
Do I need to install anything extra to launch a local HTML page from Linux on WSL into a browser on Windows?,5b54567e89
What is the easiest way to open `index.html` from the WSL terminal with the browser installed on the Windows host?,5b54567e89
"Can I choose a specific Windows browser when opening HTML files from WSL, and how do I set that up?",5b54567e89
"Why does `wslview index.html` open my page in Windows, and can I change the default browser it uses?",5b54567e89
How do I add and use secrets in GitHub Codespaces for this course?,994ef10e79
Where can I store account-specific secrets so they show up in my Codespaces?,994ef10e79
Is there a guide for managing secrets in GitHub Codespaces?,994ef10e79
How do I make environment secrets available inside a Codespace?,994ef10e79
What’s the recommended way to keep sensitive values in GitHub Codespaces?,994ef10e79
How do I set up Chrome Remote Desktop on a Debian Linux VM in Compute Engine?,1b03f3dadf
Is there a tutorial for getting Chrome Remote Desktop working on Google Compute Engine?,1b03f3dadf
Can I use Chrome Remote Desktop to access a Linux virtual machine with a GUI?,1b03f3dadf
What’s the easiest way to enable remote desktop access on a Debian instance in Compute Engine?,1b03f3dadf
How do I remotely open applications with a graphical interface on a Linux VM in GCP?,1b03f3dadf
Why does pgAdmin just show a blank or gray screen after I log in when I'm running it in Docker inside GitHub Codespaces?,3d24f7796d
What environment variables do I need to set so pgAdmin works correctly behind the Codespaces reverse proxy?,3d24f7796d
"If setting the proxy variables doesn't fix the blank page in pgAdmin, what cookie or CSRF settings should I change?",3d24f7796d
Do I need to restart the pgAdmin container after changing the proxy or session settings in Docker?,3d24f7796d
"Is there a safer fix for the pgAdmin blank screen issue in Codespaces, or should I go straight to disabling CSRF checks?",3d24f7796d
My VM disk is full during ETL runs — what should I clean up first to get space back?,dcb8885c9b
"How can I tell if some process is still using files I already deleted, so the space doesn't free up?",dcb8885c9b
Is there a simple tool to visually find what's eating disk space on a Linux VM?,dcb8885c9b
"What are the usual space hogs on a data-engineering VM, like Docker, caches, or logs?",dcb8885c9b
"If a pipeline cache keeps growing again and again, what’s the best way to stop the disk from filling up?",dcb8885c9b
How do I make Python run as a startup script on my machine?,a3776dc060
What do I need to change so the startup script uses my user account’s Python?,a3776dc060
"If Python isn’t starting correctly, do I need to redefine an environment variable for my account?",a3776dc060
How can I point the Python environment to my own user profile for startup?,a3776dc060
What’s the fix for running Python at startup with the right user environment?,a3776dc060
"Why am I getting ""ssh: Could not resolve hostname linux"" when I try to connect, and where should I put my SSH config file?",10407876a1
My SSH command says it can’t resolve the host named linux — what setup step am I missing?,10407876a1
I keep seeing a hostname resolution error in SSH; is my .ssh config location wrong?,10407876a1
"How do I fix the SSH ""Could not resolve hostname linux"" problem on Windows?",10407876a1
I’m stuck on an SSH hostname error during setup. What path should my config file be in?,10407876a1
How do I install or upgrade nbconvert so Jupyter can convert notebooks properly?,35d7874a8d
"I'm getting a ""Failed to spawn: nbconvert"" error in my uv setup — what should I do to fix it?",35d7874a8d
What commands can I use to turn a .ipynb notebook into a Python .py script?,35d7874a8d
Do I need to add jupyter and nbconvert to uv before running notebook conversion?,35d7874a8d
What’s the simplest way to run nbconvert from the command line if I don’t want to use uv?,35d7874a8d
What’s the easiest alternative to `nbconvert` if `jupyter nbconvert --to script` keeps failing on my notebook?,c2f39b0ef3
How do I turn a Jupyter notebook into a `.py` file with Jupytext?,c2f39b0ef3
Do I need to install something first before using Jupytext to convert notebooks to Python scripts?,c2f39b0ef3
Why would someone use Jupytext instead of `nbconvert` for exporting a notebook?,c2f39b0ef3
What command should I run to convert `<your_notebook.ipynb>` into a Python script with Jupytext?,c2f39b0ef3
"Do we still need Anaconda for this course, or is there a better setup now?",a1b2c3d4e5
What should I use instead of Anaconda to install Python and manage packages for the Zoomcamp?,a1b2c3d4e5
How do I set up a Python environment for the course without using Anaconda?,a1b2c3d4e5
Is there a recommended tool for creating a virtual environment and installing dependencies in this course?,a1b2c3d4e5
What’s the fastest way to get Python and project packages ready for this course on my machine?,a1b2c3d4e5
"Can I take this course on Linux, macOS, or Windows, or is it only meant for one operating system?",a0e992e6ef
"Has anyone actually finished the latest cohorts using Windows, macOS, and Linux, or are some of them not really supported?",a0e992e6ef
"If I'm on Linux, should I expect the setup to be the easiest compared with the other operating systems?",a0e992e6ef
"For Windows users, do I need to set up WSL2 and work inside a WSL distro right away, or can I just use Git Bash instead?",a0e992e6ef
"Are Git Bash and MINGW64 enough for the later shell scripts in the course, or will I run into problems without WSL?",a0e992e6ef
"Can I do the capstone with AWS, Snowflake, or Azure instead of GCP, or is GCP required for the final project?",19aaf65b2a
"If I follow the course on AWS/Azure/Snowflake, will the recorded lessons still work, or do I need to adapt the steps myself?",19aaf65b2a
Do I need to justify my cloud choice during peer review if I don’t use GCP for the project?,19aaf65b2a
"Is it okay to complete the course locally without any cloud services at all, and if so, are there any parts that still need GCP?",19aaf65b2a
"Besides the final project, which homework or module specifically needs GCP, and can the rest be done without it?",19aaf65b2a
"Do I need to pay for GCP to follow this course, or is there a free trial I can use?",9aa9591efc
"How much credit does GCP give new users, and is it enough for the course work?",9aa9591efc
What should I do to avoid going over the free trial budget on GCP during the modules?,9aa9591efc
Do I need a credit card just to create a GCP free trial account?,9aa9591efc
Will GCP charge my card automatically when I sign up for the trial?,9aa9591efc
"For this course, do I need the GCP Free Trial or can I just use the Sandbox account?",d4c56f568d
What’s the difference between Google Cloud Free Trial and Sandbox for the Data Engineering Zoomcamp?,d4c56f568d
"Is the GCP Sandbox enough to do all the course labs, or does it miss some required services?",d4c56f568d
Why does the course say to use the $300 free trial instead of the free sandbox?,d4c56f568d
"Can I finish the assignments without VMs and GCS access, or do I really need the Free Trial?",d4c56f568d
My country isn’t supported by GCP — is there any workaround so I can still join the course?,e834a2ff3e
"If my card keeps getting rejected by GCP, what should I try next?",e834a2ff3e
Are there any bank cards or virtual cards that usually work for GCP signup?,e834a2ff3e
Can I still finish most of the course without a GCP account?,e834a2ff3e
"Which part of the course actually needs BigQuery, if I can’t get GCP working?",e834a2ff3e
"In GitHub Codespaces for this course, what actually eats up memory or storage, and what can I mostly ignore?",f685b2fddc
"Does Terraform take space in my Codespace, or is it only creating stuff in GCP?",f685b2fddc
"Should I split my work into a separate repo for each module, or is one repo fine for all the notebooks and scripts?",f685b2fddc
"What should I do with CSV, Parquet, or JSON files so they don't fill up my repo or Codespace?",f685b2fddc
Do Docker containers keep using RAM in Codespaces even when I'm not actively using them?,f685b2fddc
Why am I getting a 403 Forbidden error when I try to download the 2021 Yellow Taxi trip data from the TLC site?,6affd2987c
Is there another place I can grab the NYC Yellow Taxi 2021 files if the official download link fails?,6affd2987c
What exact backup file should I use for January 2021 Yellow Taxi data instead of the TLC website link?,6affd2987c
"Do I need to unzip the .gz file after downloading it, and if so what command should I use?",6affd2987c
What should I do if the NYC taxi data download page blocks me with an access error?,6affd2987c
How do I download taxi data when the file ends in .csv.gz instead of just .csv?,d677df9ccb
Why does saving the taxi file as output.csv fail when the source URL gives a .csv.gz file?,d677df9ccb
Can pandas read a compressed taxi dataset like yellow_tripdata_2021-01.csv.gz directly?,d677df9ccb
What's the easiest way to set the filename from the download link for NYC taxi data?,d677df9ccb
"Do I need to unzip the taxi data first, or can read_csv handle the gz file as-is?",d677df9ccb
Where can I find the data dictionary for NYC yellow taxi trip records?,4ee5e16952
Is there a data dictionary link for green taxi trips too?,4ee5e16952
Which PDF should I use for the yellow trip records data fields?,4ee5e16952
"Do green taxi trip records have their own data dictionary, and where is it?",4ee5e16952
Can someone share the official taxi data dictionary docs for both yellow and green trips?,4ee5e16952
How do I unzip a downloaded .csv.gz file for the taxi data so I can open it in Python?,8585d2d7f4
"Can pandas read the gzipped taxi file directly, or do I need to extract it first?",8585d2d7f4
What command should I run in the terminal to turn green_tripdata_2019-09.csv.gz into a normal CSV?,8585d2d7f4
"In ingest_data.py, how do I change the script if I want to download a parquet file instead of a gzipped CSV?",8585d2d7f4
"After downloading a .parquet file, how can I convert it to CSV inside the Python script and keep the rest of the code working?",8585d2d7f4
"How do I fix the ""wget is not recognized as an internal or external command"" error on my machine?",b3030c88e7
"Why do I also get ""No such file or directory: 'output.csv.gz'"" after trying to download the file?",b3030c88e7
"What’s the easiest way to install wget on Ubuntu, macOS, or Windows for this assignment?",b3030c88e7
"If I’m on Windows, do I need Chocolatey, or is there another way to get wget working in PATH?",b3030c88e7
Is there a Python-based alternative if I don’t want to install wget directly?,b3030c88e7
"How do I fix the ""cannot verify certificate"" error when running wget on MacOS?",542abbcb6a
Do I need to put an exclamation mark before wget in Jupyter Notebook or the terminal?,542abbcb6a
What's the easiest way to download a file with wget if the website certificate check keeps failing?,542abbcb6a
"Can I use python -m wget instead of the regular wget command, and how do I run it?",542abbcb6a
Is there a way to skip certificate verification with wget when downloading from a website?,542abbcb6a
Why does curl say it can’t resolve host when I try to save the file as output.csv?,48cae101d6
How should I write the curl command so it downloads the file instead of treating the filename like a URL?,48cae101d6
What’s the correct way to use curl with an output filename in Python?,48cae101d6
Why am I getting curl: (6) Could not resolve host: output.csv in my script?,48cae101d6
How do I fix my curl download command when the target file name is being parsed as a host?,48cae101d6
Why does wget still fail on the CloudFront parquet link even when I use --no-check-certificate?,c1135885e3
"If my school or office network blocks the dataset URL, what can I do to download the parquet file anyway?",c1135885e3
"Is the download problem caused by SSL verification, or could it be a network block to CloudFront?",c1135885e3
What should I try first to get the yellow_tripdata parquet file if the request gets redirected to a blocked page?,c1135885e3
"Do I need a VPN to access the taxi dataset from CloudFront, and what command should I rerun after connecting?",c1135885e3
"Why am I getting ""Cannot connect to Docker daemon at unix:///var/run/docker.sock"" when I try to use Docker?",5e6c4090af
How do I check if the Docker daemon is actually running on my machine?,5e6c4090af
"In WSL, what should I do if Docker keeps failing to connect to the daemon socket?",5e6c4090af
Do I need to update WSL in PowerShell to fix the Docker daemon connection problem?,5e6c4090af
"What’s the quickest way to solve the ""Docker daemon not running"" error in Module 1?",5e6c4090af
Why does Docker on Windows say the client needs elevated privileges and it can’t connect to the daemon pipe?,46dbe4810d
I’m on Windows 10/11 Pro and Docker won’t start with a connect error — do I need to turn on Hyper-V?,46dbe4810d
"I have Windows Home, so what’s the right way to get Docker working if Hyper-V isn’t available?",46dbe4810d
What should I do if WSL throws WslRegisterDistribution failed with error 0x800701bc while setting up Docker?,46dbe4810d
Is there a fix for the docker_engine pipe not found message on Windows when running docker run?,46dbe4810d
"Why does `docker pull dbpage/pgadmin4` fail with a denied access error, and what’s the correct image name?",bceb4aa421
Do I need to run `docker login` before pulling the Docker images used in the Zoomcamp module?,bceb4aa421
"When `docker-compose up` pulls images automatically, does it behave differently from doing `docker pull` by hand?",bceb4aa421
I got a message saying access to the resource is denied while pulling an image — could this just be a typo in the repo name?,bceb4aa421
In what cases would I actually need DockerHub credentials to pull an image instead of using a public one?,bceb4aa421
"Why does Postgres inside Docker keep failing with chown or permission denied on the data folder, especially when I mount a local directory?",0beb2b5df7
What’s the easiest way to avoid the Docker/Postgres data directory permission problem on Mac or Windows?,0beb2b5df7
"If I already created the Postgres folder and now Docker says it’s owned by UID 999, how do I fix or remove it?",0beb2b5df7
"Why do I get the ""directory exists but is not empty"" message when restarting my Postgres container, and do I need to reset the volume?",0beb2b5df7
"My Docker build says it can’t stat or read ny_taxi_postgres_data — is this because the data folder is inside the build context, and how do I stop that?",0beb2b5df7
Docker Desktop on Windows 10/11 is stuck on starting — how do I fix it without reinstalling everything?,3549528659
"My Docker for Windows won’t open properly, should I update to the newest version or do a clean reinstall?",3549528659
What should I do if the Docker upgrade option in the menu doesn’t work on Windows?,3549528659
How do I switch Docker between Windows containers and Linux containers when it hangs at startup?,3549528659
"On Windows 10/11 Pro, what do I need to check for Hyper-V or WSL2 if Docker still won’t start?",3549528659
"Should I be running Docker commands from the Windows file system, or from the Linux side inside WSL?",c7e1100613
"I’m on Windows Home — can I still get Docker working with WSL2, and what do I need to set up first?",c7e1100613
"If Docker keeps getting stuck even after WSL2 or Hyper-V is configured, what’s the next thing I should try?",c7e1100613
Is there a recommended way to fix Docker on Windows before doing a full reinstall?,c7e1100613
"Do I need to reset Docker to factory defaults, or should I just do a clean install when nothing else works?",c7e1100613
"Why do I get ""the input device is not a TTY"" when I run docker on Windows?",ed8dcfbb5a
How can I fix the TTY error when using `docker run -it` in mintty?,ed8dcfbb5a
Do I need to add `winpty` before every Docker command on Windows?,ed8dcfbb5a
What's the easiest way to make `docker` work in Git Bash or mintty without the TTY issue?,ed8dcfbb5a
Is there a permanent alias I can set so Docker runs with `winpty` automatically?,ed8dcfbb5a
"Why does pip fail with a name resolution error when I try to install packages inside a Docker container on Windows, and how can I fix it?",4c8959502e
"I’m getting a pip retry message about failing to connect to pypi in a Python Docker container on Windows — is there a DNS issue, and what command should I use?",4c8959502e
How do I start a Python Docker container on Windows so pip install works without the temporary failure in name resolution error?,4c8959502e
What’s the right way to run docker on Windows if pip inside the container can’t resolve package URLs and keeps retrying?,4c8959502e
"When I run a Python container on Windows, pip install breaks with connection errors; do I need to set a DNS server in the docker run command?",4c8959502e
"Why does my Postgres data folder stay empty after I start the container on Windows, even though Docker says it ran fine?",87e92edf02
How should I write the volume path in Git Bash on Windows so Docker doesn't mess up the mount?,87e92edf02
"I keep getting ""invalid reference format"" or lowercase repository errors when I use `$(pwd)` in the `-v` flag — what am I doing wrong?",87e92edf02
Why did Docker create a weird folder like `ny_taxi_postgres_data;C` instead of using my existing data directory?,87e92edf02
What’s the easiest workaround on Windows if bind mounting a local folder keeps breaking?,87e92edf02
What's the best way to install Docker Desktop on a Mac for this course?,b2eabcd7dc
"Can I just use Homebrew to set up Docker on macOS, or will that cause problems?",b2eabcd7dc
"If I install Docker with brew, which should I do first: Docker Desktop or the CLI tools?",b2eabcd7dc
Where can I download the Mac Docker app without using brew?,b2eabcd7dc
What commands do I run to get docker and docker-compose installed on macOS?,b2eabcd7dc
What's the easiest way to back up a PostgreSQL database that's inside a Docker volume while the container is still running?,30dcc71db8
How do I restore a Docker volume backup tarball back into the PostgreSQL data volume?,30dcc71db8
"Can I use pg_dump from inside the Postgres container to make a SQL backup, and what command should I run?",30dcc71db8
"Once I have a .sql backup file, how do I load it back into the database with psql?",30dcc71db8
"If my postgres data is just a folder mounted from the host in docker-compose, is it okay to back it up with a normal copy command?",30dcc71db8
"Why do I get `ERRO[0000] error waiting for container: context canceled` when starting Docker, and could this be because I installed it with snap?",d87e3d2a14
"How can I check whether my Docker install came from snap, and what should I do if `sudo snap status docker` says `unknown command ""status""`?",d87e3d2a14
I’m seeing `Bind for 0.0.0.0:5432 failed: port is already allocated.` when running Docker compose — what does that mean and how do I fix it?,d87e3d2a14
"If Docker was installed through snap and it seems broken, is the right fix to uninstall it and use the official Ubuntu install instead?",d87e3d2a14
What’s the connection between a port 5432 conflict and Docker containers stopping with a context canceled error?,d87e3d2a14
How can I find the Docker network name from the command line?,79e44b9c07
What command should I run to list Docker networks?,79e44b9c07
Is there a way to see all Docker network names on my machine?,79e44b9c07
Which Docker CLI command shows the available networks?,79e44b9c07
Where do I check the network name in Docker?,79e44b9c07
"Why am I getting ""Conflict. The container name is already in use"" when I try to start my Docker container?",381dfe5145
How do I stop and remove an existing container so I can reuse the same name in Docker?,381dfe5145
Is there a way to restart a Docker container without deleting it and creating a new one?,381dfe5145
"What should I do if Docker says the name ""pg-database"" is already taken by another container?",381dfe5145
"When I see this container name conflict error, should I use docker start instead of docker run?",381dfe5145
"Why does docker compose say it can’t translate host name pgdatabase or pg-database, and how do I fix the hostname not resolving problem?",1700cb2bd4
My ingestion container can’t reach the Postgres service by name — is this usually a Docker network mismatch or a bad service name?,1700cb2bd4
How can I check which Docker network compose actually created so I can use the right --network value?,1700cb2bd4
"Do I need the host in my script to match the compose service name exactly, and what should I use inside Docker vs on my laptop?",1700cb2bd4
"Should I avoid dashes in Docker service hostnames, and why would pgdatabase work better than pg-database?",1700cb2bd4
Why can’t I install Docker on a MacOS or Windows 11 VM that’s running on top of Linux?,c6cd0fedc5
How do I turn on nested virtualization before starting my VM?,c6cd0fedc5
What commands should I run on an Intel machine to enable nested virtualization?,c6cd0fedc5
What is the AMD version of the nested virtualization commands for Docker on a VM?,c6cd0fedc5
"I’m stuck installing Docker inside a Linux-hosted VM on MacOS/Windows 11 — do I need nested virtualization, and how do I enable it?",c6cd0fedc5
"How do I manage Docker containers, images, networks, and compose projects directly from VS Code?",0cc94bef66
"What extension do I need in VS Code to work with Docker, and where can I find it?",0cc94bef66
Can VS Code connect to Docker if my Docker engine is running on WSL2?,0cc94bef66
Does the Docker extension in VS Code let me handle containers and compose projects from the sidebar?,0cc94bef66
"If my Docker setup uses WSL2, will VS Code still be able to connect to the Linux environment?",0cc94bef66
How do I stop a running Docker container from the command line?,9e05e54958
What command should I use to stop a container in Docker?,9e05e54958
Is there a simple way to stop a Docker container by its ID?,9e05e54958
How can I shut down a running container with docker stop?,9e05e54958
What is the exact command for stopping a container in Docker?,9e05e54958
How can I install Docker on Ubuntu if the normal installer doesn’t work?,1b727dde32
Is there a way to get Docker on Ubuntu using snap?,1b727dde32
What command should I run to install Docker on some Ubuntu versions?,1b727dde32
"If Docker won’t install on my Ubuntu machine, what’s the snap-based fix?",1b727dde32
Does Docker have a quick install command for Ubuntu via snap?,1b727dde32
"In `docker run -it`, what exactly does the `-i` flag do, and why would I use it by itself?",fa905a3e7b
"What is the purpose of `-t` in Docker, and how is it different from just keeping input open?",fa905a3e7b
Why do people usually use `-it` together instead of only `-i` or only `-t` when starting a container?,fa905a3e7b
Can you explain what happens to STDIN and the terminal when I run a container with `-i` versus `-t`?,fa905a3e7b
"When should I use `docker run -it ubuntu bash`, and what would break if I remove one of those flags?",fa905a3e7b
Why is PgAdmin showing an empty database after I start Docker Compose?,a950fda271
Do I need to run `docker-compose up` and my ingest container at the same time for the DB to appear?,a950fda271
What `--network` should I use when running the `taxi_ingest` container with Docker Compose?,a950fda271
How do I find the Docker network name if my `docker-compose.yaml` doesn’t define one?,a950fda271
"Why does Docker Compose create a network like `week_1_default`, and how does that affect connecting to Postgres?",a950fda271
How do I keep pgAdmin server connections and settings after I run docker compose down and start it again?,ac52bea382
Why does pgAdmin forget my registered servers every time I restart the container?,ac52bea382
What folder should I mount so pgAdmin data survives container restarts?,ac52bea382
Is it better to use a Docker named volume or a host directory for pgAdmin persistence?,ac52bea382
"If I want to use a local folder for pgAdmin data, what permissions do I need to set first?",ac52bea382
"Why does Docker keep showing ""docker engine stopped"" and ""failed to fetch extensions"" after I restart it?",5baf3e8a5e
"If Docker keeps crashing on startup, should I update it first or just reinstall it?",5baf3e8a5e
What can I do when the Docker engine won’t stay running and the extensions fail to load?,5baf3e8a5e
Is there a fix for Docker repeatedly stopping and throwing extension fetch errors?,5baf3e8a5e
Do I need to reinstall Docker if updating to the latest version doesn’t solve the engine stopped problem?,5baf3e8a5e
"Why does docker-compose say command not found after I downloaded it, and how do I put it in the right path on Linux?",e43abaa421
"How can I tell which docker-compose binary I should download for my machine, especially on WSL or Linux?",e43abaa421
I get exec format error when I run docker-compose. Is this because I grabbed the wrong architecture version?,e43abaa421
What should I do when Docker says error getting credentials or docker-credential-desktop is missing?,e43abaa421
How do I fix permission denied for /var/run/docker.sock when I try docker compose up?,e43abaa421
My docker-compose.yml keeps failing and pgAdmin won’t connect—what should I change to get the Postgres setup working?,73876c8348
"When I try loading the taxi CSV into PostgreSQL, why do I need to create a new Docker volume first?",73876c8348
"In the data ingestion notebook, do I have to use low_memory=False when reading the CSV, and why?",73876c8348
"What’s the right order to run docker compose, Jupyter, and pgAdmin so the database import works without errors?",73876c8348
Why does the upload-data.ipynb example use a time counter and chunk loop instead of inserting the whole file at once?,73876c8348
Why does my Postgres container keep exiting with code 1 when I run docker-compose up -d?,d3c860aa46
Do I need to initialize the database before starting the Postgres container with Compose?,d3c860aa46
What should I do if the Postgres service starts and then immediately stops in Docker?,d3c860aa46
Is there a way to fix the Postgres compose error by launching the database first?,d3c860aa46
How can I set up the Postgres container so docker-compose works without the exit code 1 problem?,d3c860aa46
"Why am I getting ""WSL: Insufficient system resources exist to complete the requested service"" when I run Docker or WSL on Windows?",ec091c69a0
Could this WSL resource error be caused by outdated Windows Terminal or missing Windows Security updates?,ec091c69a0
What should I update first in Windows if WSL says there aren't enough system resources to complete the service?,ec091c69a0
Do I need to restart my PC after updating Windows Terminal and installing pending Windows updates for WSL?,ec091c69a0
How do I fix the WSL insufficient system resources issue on Windows 10/11 without reinstalling WSL?,ec091c69a0
"Why does WSL integration with Ubuntu keep stopping with exit code 1 in Docker Desktop, and what should I try first?",62f6c8dd8d
"Is there a Windows registry fix for the WSL integration exit code 1 error, and how do I toggle the DNS cache service?",62f6c8dd8d
Do I need to restart Windows after changing the Dnscache service setting for Docker/WSL issues?,62f6c8dd8d
How can I switch Docker Desktop to Linux containers if WSL integration is failing with exit code 1?,62f6c8dd8d
"What are the recommended steps to fix the ""WSL integration with Ubuntu unexpectedly stopped with exit code 1"" error in Docker Desktop?",62f6c8dd8d
"Why does SSH in WSL2 say my key permissions are too open when I try to connect to the VM, and how do I fix it?",73c8de600c
"I ran `ssh -i gpc user@IP` from WSL2 and it fails because of .ssh files on Windows — should I use `sudo`, change `chmod`, or move the keys into WSL?",73c8de600c
What’s the right way to set up my private SSH key in WSL2 if it’s currently stored in the Windows `.ssh` folder?,73c8de600c
"Do I need to create a `.ssh` directory inside my WSL home folder for SSH to work properly, and how do I copy my keys there?",73c8de600c
How can I connect to the GCP VM from WSL2 without the “permissions too open” error on my SSH key?,73c8de600c
Why does WSL2 keep saying it can’t resolve the host name when I try to connect to my VM?,16d0d756c3
"How do I set up an SSH config inside WSL2 so it uses the right host, user, and key?",16d0d756c3
Do I need to create a separate `.ssh/config` in my WSL home folder instead of using the Windows one?,16d0d756c3
What should I put in the SSH config file in WSL2 to connect to my GPC VM?,16d0d756c3
"I already have my key on Windows, but WSL still fails to connect—how do I make WSL2 point to the right private key?",16d0d756c3
"Why do I get ""address already in use"" when I try to start Docker on port 8080?",8b082e74c0
How can I free up port 8080 if Docker says the userland proxy can't bind to it?,8b082e74c0
What command can I use to stop whatever is using 8080 before running my container?,8b082e74c0
"I'm seeing ""error starting userland proxy"" for 0.0.0.0:8080 — how do I fix it?",8b082e74c0
Is there a quick way to kill the process blocking port 8080 so Docker can use it?,8b082e74c0
Can I use Docker Engine straight inside WSL2 Ubuntu instead of installing Docker Desktop?,8c1d06d681
Is it possible to run Docker directly in WSL2 without Docker Desktop on Windows?,8c1d06d681
"Do I need Docker Desktop, or can I just install Docker Engine in Ubuntu on WSL2?",8c1d06d681
Will Docker Engine work normally inside WSL2 if I skip Docker Desktop?,8c1d06d681
"Can I set up core Docker features like CLI, Compose, and containers directly in WSL2 Ubuntu?",8c1d06d681
"Why does docker-compose seem to hang forever when I try to install zip and unzip in Linux, and is there a way to make apt-get finish without waiting for prompts?",687d54c6ba
"In a Docker setup for the course, how can I unpack dataset zip files without installing the zip/unzip Linux packages?",687d54c6ba
What's the right apt-get command to install unzip tools non-interactively inside a Docker container?,687d54c6ba
"Can I use Python's built-in zip handling instead of system packages for extracting datasets in Docker, and how would that look?",687d54c6ba
"If my container is stuck while setting up zip/unzip for data files, what are the quickest fixes I should try?",687d54c6ba
"Why do I get ""connection refused"" when I try to connect to Postgres in week 1?",b9cd2aaccb
"I keep seeing ""password authentication failed for user root"" or ""role root does not exist"" — what usually causes that?",b9cd2aaccb
How can I tell if my laptop's Postgres is stealing port 5432 from the Docker container?,b9cd2aaccb
"Why does pgcli say the database ""ny_taxi"" does not exist even though I had it before?",b9cd2aaccb
"What does ""could not translate host name pgdatabase"" mean when I run the ingestion script from my machine?",b9cd2aaccb
What’s the right order to set up the Docker stuff so my ingestion script actually connects to Postgres?,30622af850
Do I need to create a network first before starting the database and the pipeline container?,30622af850
"Which container should I run first: Postgres, the ingestion image, or pgAdmin?",30622af850
What command should I use to build the pipeline image and what directory should I be in?,30622af850
How can I quickly check that the data loaded into Postgres after the ingest container finishes?,30622af850
"Do I need to spin up pgcli in a separate Docker container, or can I just use it from my laptop?",8ddf54cbd0
"Since PostgreSQL port 5432 is mapped to my machine, is it okay to connect with pgcli locally?",8ddf54cbd0
"For this part of the course, should pgcli run inside Docker or outside it on my computer?",8ddf54cbd0
"Can I access the Postgres database with pgcli directly from my host system, or is a container required?",8ddf54cbd0
Is another container necessary for pgcli when PostgreSQL is already exposed on port 5432?,8ddf54cbd0
Why am I getting PermissionError: [Errno 13] when pgcli tries to use ~/.config/pgcli?,05e6bff42c
I ran pgcli with sudo before and now it keeps saying it can't write to ~/.config/pgcli — how do I fix that?,05e6bff42c
"Do I need to use sudo for pgcli, or is there a better way to install it so I don't hit this permission issue?",05e6bff42c
What's the easiest way to set up pgcli in a project venv or with uv so it works without root?,05e6bff42c
"How can I tell if the pgcli config folder was created by root, and what command should I use to take it back?",05e6bff42c
"I installed pgcli, but Bash says command not found — what path am I supposed to add on Windows?",aa8c30b777
Windows Terminal says pgcli isn’t recognized even after installing it. How do I fix the PATH issue?,aa8c30b777
How can I find the folder for pgcli if pip installed it but the terminal still can’t see the command?,aa8c30b777
"If Python is installed in a different location like c:\python310, what path should I put in PATH for pgcli to work?",aa8c30b777
Do I need to add the Python Scripts directory to System Variables when pgcli won’t run from Git Bash?,aa8c30b777
How can I use pgcli in Docker if installing it locally is a pain?,c6a6a991d8
What command do I run to start the pgcli container for this Postgres setup?,c6a6a991d8
"After opening the container, how do I connect pgcli to the ny_taxi database?",c6a6a991d8
"Which host, user, port, and database name should I use inside pgcli in the course example?",c6a6a991d8
How do I check the tables in pgcli once I'm connected through Docker?,c6a6a991d8
"Why does Postgres not recognize `PULocationID` unless I put it in quotes like `""PULocationID""`?",45ffd3e213
Do I always need quotation marks around column names with capital letters in SQL?,45ffd3e213
"What’s the difference between `PULocationID` and `""PULocationID""` in Postgres?",45ffd3e213
Why are unquoted column names treated differently when they contain uppercase letters?,45ffd3e213
How should I write a column name with capitals so Postgres reads it correctly?,45ffd3e213
"Why do I get ""column c.relhasoids does not exist"" when I run `\d` in pgcli?",0a6a3ccf35
How can I fix the pgcli error about `c.relhasoids` not existing?,0a6a3ccf35
Is there a way to resolve the `column c.relhasoids does not exist` issue without changing my database?,0a6a3ccf35
Do I need to reinstall pgcli if `\d <database name>` throws `c.relhasoids does not exist`?,0a6a3ccf35
What's the recommended fix for the pgcli `relhasoids` error after running `\d`?,0a6a3ccf35
Why do I get a bind: address already in use error when I start the Postgres Docker container?,f291e8d311
How can I check which process is already using port 5432 on my machine?,f291e8d311
What command do I use to stop the Postgres service that's blocking the Docker container?,f291e8d311
Is there a way to run the Postgres container on a different port instead of 5432?,f291e8d311
"If I switch Postgres to port 5433, do I need to update anything in Docker or VM settings?",f291e8d311
Why am I getting a 'column does not exist' error in Postgres join queries when the column is clearly there?,4277a9cb86
"In psycopg2 on Mac M2, why does my query fail unless I quote the column name a certain way?",4277a9cb86
What's the difference between single quotes and double quotes for column names in Postgres queries?,4277a9cb86
How should I write a Postgres join if the column name keeps triggering a 'does not exist' error?,4277a9cb86
"I can see the column in the table, so why does Postgres still complain about it in my query?",4277a9cb86
"In pgAdmin, why doesn’t the create server dialog pop up anymore, and what should I click instead?",117164c439
My pgAdmin looks different now — is there a new way to add a server if the create dialog is missing?,117164c439
"When I try to set up a server in pgAdmin, the usual dialog never appears. What’s the workaround?",117164c439
Has pgAdmin changed the server setup flow? I can’t find the create server window anywhere.,117164c439
"If the server creation dialog is gone in pgAdmin, how do I register a new server?",117164c439
Why does pgAdmin keep saying the CSRF session token is missing when I open it in Docker?,0cfd7f7ed6
What’s the quickest way to get rid of the CSRF token error in pgAdmin without changing my setup too much?,0cfd7f7ed6
Which pgAdmin Docker env vars should I add if the token/session issue won’t go away?,0cfd7f7ed6
"Do I need to recreate the container after changing pgAdmin CSRF settings, and what command should I run?",0cfd7f7ed6
"Is it safe to turn off CSRF checks in pgAdmin, or is that only okay for local dev?",0cfd7f7ed6
Why can’t I open pgAdmin in my browser after starting the container with docker run?,2efd03d7f8
What do I need to change in pgAdmin settings so it listens on 0.0.0.0 instead of not being reachable?,2efd03d7f8
How should I update my docker-compose.yaml if pgAdmin won’t show up on localhost:5050?,2efd03d7f8
Do I need to set PGADMIN_CONFIG_WTF_CSRF_ENABLED=False when running pgAdmin in Docker?,2efd03d7f8
What’s the fix for pgAdmin access issues when I’m on Mac and using Remote SSH to a GCP VM?,2efd03d7f8
Why do I lose the first 100k rows when I rerun the Jupyter notebook from top to bottom for the taxi ingest task?,0d6dc0d041
"In the Postgres ingestion notebook, why does the second chunk get loaded before the first one after I run everything again?",0d6dc0d041
"What should I change in the notebook so I don't miss the initial 100,000 records when ingesting NYC Taxi data?",0d6dc0d041
Is there a problem with having `df = next(df_iter)` above the `while` loop in the ingestion notebook?,0d6dc0d041
"Can I safely run the Jupyter notebook top to bottom for the taxi data pipeline, or is it only for testing?",0d6dc0d041
How can I make pandas read date columns as datetime right from `read_csv`?,5b4c133384
Is there a way to parse multiple CSV columns as dates when loading the file with pandas?,5b4c133384
"Do I need to convert pickup and dropoff timestamps after reading the taxi CSV, or can `read_csv` handle it?",5b4c133384
What parameter should I use in `pd.read_csv` so string date fields come in as `datetime64` instead of text?,5b4c133384
Can `read_csv` take column names or column numbers to auto-parse dates while importing data?,5b4c133384
How do I use Python to download the CSV from the GitHub URL if curl isn’t working for me?,e80e8216d5
What’s the right Python line to ingest data from the GitHub link with curl?,e80e8216d5
"I tried to pull the file from GitHub in Python, but it fails — how should I write the curl command?",e80e8216d5
Can someone show the exact Python code for downloading the CSV from the provided GitHub link using curl?,e80e8216d5
"Why can’t my Python script ingest the GitHub data link, and what curl command should I use instead?",e80e8216d5
How do I open a CSV that was gzipped with Pandas?,e0c1900c47
"Does `read_csv()` work with `.csv.gz` files, or do I need something extra?",e0c1900c47
What’s the right way to load a Gzip-compressed CSV in Python using Pandas?,e0c1900c47
"If my dataset ends in `.csv.gz`, how should I pass it to `pd.read_csv()`?",e0c1900c47
"Can Pandas read a compressed CSV file directly, and what compression setting should I use?",e0c1900c47
How can I loop through a parquet file in Python and load it into Postgres without using read_csv chunksize?,fbfa475350
Is there a way to process parquet data in batches with PyArrow instead of reading the whole file at once?,fbfa475350
What’s the best approach to append parquet rows into a SQL table in chunks from Python?,fbfa475350
Can I use ParquetFile iter_batches to ingest a parquet dataset into PostgreSQL step by step?,fbfa475350
"How do I clear or recreate a table first, then keep adding parquet batches into it with SQLAlchemy?",fbfa475350
Why does create_engine fail with ImportError about TypeAliasType from typing_extensions in my notebook?,26ff32cb35
"I keep getting ModuleNotFoundError for psycopg2 when I try to connect to Postgres, what should I install?",26ff32cb35
What does NoSuchModuleError: Can't load plugin sqlalchemy.dialects:postgresql.psycopg usually mean?,26ff32cb35
Why am I seeing 'module' object is not callable after importing sqlalchemy and trying to make an engine?,26ff32cb35
"Could nested virtual environments be causing my SQLAlchemy / Postgres imports to break, and how do I fix that?",26ff32cb35
"Why am I getting ""OptionEngine"" object has no attribute ""execute"" when using pandas read_sql_query with SQLAlchemy?",5f8cf90bb4
What should I update if read_sql_query keeps failing with OptionEngine execute errors?,5f8cf90bb4
Do I need to wrap my SQL query with text() before calling pd.read_sql_query()?,5f8cf90bb4
How can I fix the pandas and SQLAlchemy version issue that breaks read_sql_query()?,5f8cf90bb4
Is there a recommended way to write the query so read_sql_query works with the latest SQLAlchemy?,5f8cf90bb4
"Why am I getting an error that the Zone column doesn’t exist when I run a SQL query on the taxi zones table, and what’s the correct way to write it?",bac852d170
Do I need to put the Zone column in double quotes in Postgres if the column name starts with a capital letter?,bac852d170
"I used `SELECT * FROM zones_taxi WHERE Zone='Astoria Zone';` but it fails — is the table name wrong, or is it the column name casing?",bac852d170
How can I query the zones table for Astoria if `Astoria Zone` doesn’t return anything in my dataset?,bac852d170
What’s the proper SQL syntax for filtering a column like `Zone` when Postgres says it doesn’t exist?,bac852d170
Why am I getting a column doesn't exist error when I run SELECT Zone from taxi_zones?,358cb2fd4d
Do I need to use quotes every time for column names like Zone in Postgres?,358cb2fd4d
What's the easiest way to avoid case sensitivity issues when loading a CSV into Pandas for Postgres?,358cb2fd4d
"After reading taxi+_zone_lookup.csv with pandas, how can I make all the column names lowercase?",358cb2fd4d
Is there a simple fix for the zone lookup table so I don't have to keep writing quoted column names?,358cb2fd4d
Why does Postgres 18 stop starting when I reuse my old Docker volume from postgres:16?,5f560784b0
Do I need to change the Docker volume path when switching from postgres:16 to postgres:18?,5f560784b0
What should I do with the old Postgres volume before recreating the container in Week 1?,5f560784b0
Can the connection errors in pgAdmin or my ingestion script be caused by the Postgres 18 data folder change?,5f560784b0
What is the correct volume mount path for Postgres 18 in docker run or docker-compose?,5f560784b0
"Why does pgAdmin keep showing ""connection failed"" on 127.0.0.1:5432, and what host should I use instead?",8fe89183d7
I tried localhost in pgAdmin but Postgres still won’t connect — should I switch to postgres or host.docker.internal?,8fe89183d7
"If my Postgres container isn’t reachable on 5432, is it because of a port conflict, and how do I fix it?",8fe89183d7
"What should I do in pgAdmin if localhost, postgres, and host.docker.internal all fail as the server name?",8fe89183d7
How can I find my IPv4 address on Windows to use it in pgAdmin when Docker Postgres connection keeps failing?,8fe89183d7
"Why does my PostgreSQL table sometimes not get created when I submit the job, especially if I’m running more than one process at once?",56d8f7ae9a
Could this issue be because my app is connecting to the wrong Postgres database or missing permissions/auth details?,56d8f7ae9a
"If the table creation code is in my script, why might it still not run during job submission?",56d8f7ae9a
Is it better to create the tables in PostgreSQL before running the jobs instead of doing it at runtime?,56d8f7ae9a
Should I use CREATE TABLE IF NOT EXISTS so the job doesn’t fail if the table is already there?,56d8f7ae9a
"Why does my GCP VM IP keep changing after I stop and start the instance, and how do I make it stay the same?",bd56924fcb
How can I reserve a fixed IP address in Google Cloud for my VM instead of using the default temporary one?,bd56924fcb
Where in the GCP console do I go to create a static IP and bind it to my virtual machine?,bd56924fcb
"Do I need a static IP for my config file, or is the VM’s normal IP enough if I restart it later?",bd56924fcb
"If I reserve a static IP in GCP but don’t attach it to a VM right away, will I still get charged?",bd56924fcb
"Why does the Google Cloud SDK installer say it can’t update my PATH on Windows, and how do I fix it manually?",25b0348672
What do I need to add to PATH after installing gcloud on Windows if the installer fails?,25b0348672
"I changed PATH for Google Cloud SDK on Windows, but gcloud still doesn’t work in my terminal — what am I missing?",25b0348672
Is there a better shell to use for the course on Windows instead of regular Command Prompt?,25b0348672
"After installing Google Cloud SDK on Windows, do I need to reopen my terminal to make PATH changes take effect?",25b0348672
"Why am I getting a 409 ""Requested entity already exists"" error when I try to create a new GCP project?",bad6a11a5a
"Is there a way to reuse a GCP project ID that failed before, or do I need to pick another one?",bad6a11a5a
"What does ""Project creation failed: HttpError accessing cloudresourcemanager.googleapis.com"" usually mean in GCP?",bad6a11a5a
How do I fix the ALREADY_EXISTS error when creating a project in Google Cloud?,bad6a11a5a
Why does GCP say my project ID is already taken even though I never used it before?,bad6a11a5a
Why am I getting Error 403 about the project being tied to an absent billing account when I try to bill my GCP project?,bc90da941d
Could this 403 billing account error just mean I typed the wrong project ID in GCP?,bc90da941d
How do I check if my GCP project ID is actually unique and correct for this setup?,bc90da941d
What else besides a wrong project ID can cause the 'billing account is absent' message in GCP?,bc90da941d
Do I need to link my billing account to the current project before this error goes away?,bc90da941d
"Why am I getting the OR-CBAT-15 error when trying to start the Google Cloud free trial, and is there any way to fix the card issue?",53b423d784
"My debit card keeps getting rejected by Google Cloud for the free trial, should I just try another bank card or is there something else I can do?",53b423d784
Has anyone managed to get past the Google Cloud free trial payment error by using a different credit card or web-card?,53b423d784
"If Google support can’t solve the OR-CBAT-15 free trial problem, what’s the best workaround people have used?",53b423d784
I used a card from my country and Google Cloud still won’t accept it for the free trial — what card types have worked for others?,53b423d784
"Where do I get the ny-rides.json file in GCP, and which menus do I click to create it?",cdd91ef84a
"I can’t find ny-rides.json in my project — is it inside Service Accounts, and how do I download the JSON key?",cdd91ef84a
"In GCP setup, what’s the path to generate the ny-rides.json private file for my instance?",cdd91ef84a
"Does ny-rides.json come from IAM & Admin, and do I need to open the KEYS tab to add a JSON key?",cdd91ef84a
"How do I create the ny-rides.json file in Google Cloud, step by step, from the project with my VM?",cdd91ef84a
"Why does the metadata section in Compute Engine show ""Failed to load"" when I try to add an SSH key?",a1f6167da1
What should I enable in GCP if Compute Engine metadata won't load?,a1f6167da1
"I can't open the metadata page on my VM, is there some API missing?",a1f6167da1
"How do I fix the ""Failed to load"" error in Compute Engine when adding SSH keys?",a1f6167da1
Is the Compute Engine API required for the metadata section to work in GCP?,a1f6167da1
"Do I need to delete my Google Cloud instance after the lecture, or can I keep it running?",a697cb2dee
"Alexey removed his GCP instance in the lesson — should I do the same, or leave mine alone?",a697cb2dee
"Is it okay to keep my Google Cloud VM for week 1, or do I have to delete it and recreate it later?",a697cb2dee
"Should I delete my instance in Google Cloud Platform now, or will I need it again for the week 1 readings?",a697cb2dee
"In the GCP setup module, do we actually need to remove the instance, or is it better to keep it?",a697cb2dee
Why am I getting an SSH public key error when I try to connect to my GCP VM from Windows?,eb759226aa
Could the problem be my SSH username if the key was generated with a different name than the one on the VM?,eb759226aa
How do I check which username GCP is using for my SSH key and fix it in my config?,eb759226aa
What happens if I accidentally created two different SSH users on the same VM?,eb759226aa
"If SSH from my laptop keeps failing, is it okay to use the browser SSH first and then switch to VS Code later?",eb759226aa
What VM size should I start with for this course? Is 30GB enough or should I go bigger?,513410225e
My GCP VM is getting super slow while I’m working through the module. How can I check what’s eating CPU or memory?,513410225e
How do I quickly see disk space and find which folder is taking up so much room on the VM?,513410225e
What commands can I use to check what processes are running and whether something weird is using my machine?,513410225e
"Is there a way to inspect the VM hardware, network, and installed packages from the terminal?",513410225e
"Why am I still getting a ""Billing has not been enabled for this project"" error even though I already linked a billing account?",e34580b954
"I enabled billing in GCP, but BigQuery still says billing is not enabled for my project — what should I do?",e34580b954
Has anyone fixed the Google API 403 billingNotEnabled error by toggling billing off and on again?,e34580b954
"My project definitely has billing set up, but dataset creation keeps failing with that billing error. Is there a workaround?",e34580b954
"If GCP keeps claiming billing isn’t enabled after I already turned it on, what’s the next thing to try?",e34580b954
I’m on Windows and the Google Cloud SDK install is acting up — I keep seeing the ADC warning about no quota project. What should I do to fix it?,8f9f91b4de
"After installing Google Cloud SDK on Windows, how can I check if it actually installed correctly?",8f9f91b4de
Do I need to rerun the SDK installer with the unzip package and install.bat on Windows if the setup failed?,8f9f91b4de
What’s the proper order after installing GCloud on Windows — should I run gcloud init first or auth application-default login first?,8f9f91b4de
"I got a message about ""quota exceeded"" or ""API not enabled"" when using GCloud on Windows. Is that related to the missing quota project, and how do I set it?",8f9f91b4de
My GCP VM won’t start because it says there aren’t enough resources. What should I do next?,f29d45f419
How can I recover my virtual machine if GCP has no resources available to start it?,f29d45f419
Is there a way to make a new VM from my old one when the current instance can’t boot in GCP?,f29d45f419
What steps do I need to follow to recreate my VM using an image and switch its location?,f29d45f419
"If GCP blocks my VM startup due to resource limits, how do I clone it and launch it in a different zone?",f29d45f419
"Do I really need to use the GCP VM for this module, or can I just work on my own laptop?",d8ebc91216
Why did the course include a video about setting up a GCP VM if it isn’t mandatory?,d8ebc91216
What’s the benefit of using my own environment instead of the VM for the homework?,d8ebc91216
"If I use the VM, can I push commits directly to my GitHub repo from there?",d8ebc91216
"In what cases would the GCP VM be useful for me, and when should I skip it?",d8ebc91216
Why do I get `mkdir: cannot create directory '.ssh': Permission denied` when setting up my GCP VM SSH folder?,51bc7e280d
I tried `mkdir .ssh` in Git Bash and it says permission denied — am I in the wrong place?,51bc7e280d
How do I create the `.ssh` directory on my machine without getting a root folder error?,51bc7e280d
What should I do if `mkdir .ssh` fails because I’m in `/` instead of my home directory?,51bc7e280d
Where am I supposed to run `cd ~` before making the `.ssh` folder for GCP VM setup?,51bc7e280d
Why does VS Code say permission denied when I try to save a file on my GCP VM over SSH?,1ba58ae0e0
How can I fix the EACCES error when editing files in the VM from VS Code remote?,1ba58ae0e0
Do I need to change the file owner on the VM if VS Code can't write to a folder I opened through SSH?,1ba58ae0e0
What command should I run on the VM to make my course files editable in VS Code again?,1ba58ae0e0
I can open the file in remote VS Code but can't save it — how do I get write access?,1ba58ae0e0
Why does my SSH connection to the GCP VM suddenly time out after working fine last week?,a63d2734b2
Do I need to start the VM again before trying to connect over SSH?,a63d2734b2
"Where can I find the current external IP for my GCP VM, and do I have to update it in my SSH settings?",a63d2734b2
What should I edit in `~/.ssh/config` if my VM connection starts failing with a timeout?,a63d2734b2
Is it possible that my old SSH config points to the wrong IP even though the VM is the same one?,a63d2734b2
"How do I fix the ""connect to host port 22: no route to host"" error on my GCP VM?",68f8a4b307
Where in the VM settings do I add the startup script to allow SSH?,68f8a4b307
What startup script should I use so port 22 works on the VM?,68f8a4b307
Do I need to stop and restart the VM after changing the startup script for SSH?,68f8a4b307
"Why can’t I SSH into my GCP VM, and how do I open port 22 properly?",68f8a4b307
"How do I forward pgAdmin, Postgres, and Jupyter from my GCP VM to my laptop without VS Code?",d6fa41adb6
What SSH command should I use to open port 5432 from the VM on my local machine?,d6fa41adb6
"Can I map both 5432 and 8080 in one ssh command, and what would that look like?",d6fa41adb6
"After setting up port forwarding, which localhost URLs should I use for pgAdmin and Jupyter?",d6fa41adb6
"If Jupyter asks for a password or token, where do I find the right link to log in?",d6fa41adb6
Why does `gcloud auth application-default login` hang in VS Code on WSL2 and show those xdg-open browser not found errors?,af2b85f346
How do I get the Google OAuth login link to open properly from VS Code when using gcloud in WSL2?,af2b85f346
What should I click in VS Code when it asks whether to open the external Google auth website?,af2b85f346
Is there a way to fix the gcloud login issue without changing browsers or reinstalling anything?,af2b85f346
"After I trust accounts.google.com in VS Code, will `gcloud auth` stop failing to open the login page?",af2b85f346
How can I make a service account key if GCP says key creation is disabled for my org?,06c61761df
Where in the GCP Console do I turn off the policy that blocks service account key creation?,06c61761df
Do I need Organization Policy Administrator access before changing the service account key restriction?,06c61761df
What gcloud commands can I use to remove the policy that disables service account keys?,06c61761df
How do I find my org ID and account email before fixing the service account key policy?,06c61761df
"Why did my GCP VM stop accepting SSH after I rebooted it, even though the network seems fine?",cdbabdd71a
"Could a full disk make sshd fail on a GCP VM, and how do I check if that’s the problem?",cdbabdd71a
What’s the fastest way to get back into a GCP VM when normal SSH is broken after restart?,cdbabdd71a
Which cleanup commands should I use to free space on the VM if Docker or logs filled the disk?,cdbabdd71a
"If my data pipeline left files in places like ~/.dlt, target/, or mounted volumes, should I delete old stuff there to fix SSH?",cdbabdd71a
I lost SSH access to my GCP VM and it says permission denied for publickey after the disk filled up. How do I get back in?,c01d835b44
"If my VM boot disk is full and I can’t SSH anymore, what’s the safest way to recover the machine?",c01d835b44
Can I fix a GCP instance that stopped accepting SSH because the boot disk ran out of space?,c01d835b44
What’s the process for making a bigger boot disk from a snapshot when my current VM is full?,c01d835b44
Do I need to stop the instance first before creating a snapshot and launching a new VM with a larger disk?,c01d835b44
Why does VS Code keep saying permission denied on my de-zoomcamp SSH connection?,7889d2bad5
How do I fix the publickey error in VS Code when connecting to my GCP VM on Windows?,7889d2bad5
Do I need to copy my .ssh folder to Windows for the SSH setup to work?,7889d2bad5
What should the IdentityFile path look like in the SSH config on Windows?,7889d2bad5
"Is there supposed to be an extra line at the end of the private key file, and where do I add it?",7889d2bad5
"Why does `terraform init` fail with errors like ""Invalid provider registry host"" or ""Could not query available versions for provider hashicorp/google"" in some countries?",dec5edee6a
"If Terraform can’t reach `registry.terraform.io` because of regional restrictions, what’s the proper way to fix it?",dec5edee6a
"Is a VPN browser extension enough to let Terraform download providers, or do I need something else for the terminal?",dec5edee6a
What should I do so my `terraform init` traffic goes through a VPN and can access the provider registry?,dec5edee6a
"After setting up VPN access, do I need to change anything in Terraform before running `terraform init` again?",dec5edee6a
"Why does Terraform fail with an oauth2 token fetch timeout when it tries to talk to Google Cloud Storage, even though my internet seems fine?",31053272e0
I’m getting a dial tcp i/o timeout on oauth2.googleapis.com during terraform apply — could this be a country/network access issue?,31053272e0
"Do I need to set proxy settings manually for my terminal if my VPN is already running, since Terraform still can’t reach Google?",31053272e0
What’s the quickest fix for the storage.googleapis.com / oauth2.googleapis.com timeout error in Terraform: do I need an enhanced VPN mode?,31053272e0
"After enabling my VPN, Terraform still errors out on Google token requests — what should I check in the VPN/proxy configuration?",31053272e0
How do I set up Terraform on Windows 10 using WSL?,a5a163f51d
Is there a guide for installing Terraform in the Windows Linux Subsystem?,a5a163f51d
What's the easiest way to configure Terraform with WSL on Windows 10?,a5a163f51d
"Can I run Terraform through the Linux Subsystem on Windows, and how do I do it?",a5a163f51d
Where can I find instructions for getting Terraform working on WSL?,a5a163f51d
"Why am I getting a Terraform error acquiring the state lock, and where can I read more about it?",feb57d99da
What does the 'Error acquiring the state lock' message in Terraform mean?,feb57d99da
"Is there a known issue for Terraform state lock errors, and can I see the GitHub link?",feb57d99da
How do I find more info about Terraform failing to acquire the state lock?,feb57d99da
"Has HashiCorp documented the Terraform state lock problem anywhere, like an issue on GitHub?",feb57d99da
"Why do I get a 400 Bad Request / invalid JWT error when I run `terraform apply` on WSL2, and what’s actually causing it?",dd3e6999fd
How can I fix the OAuth2 token issue in Terraform if the error says the JWT is invalid and mentions `iat` and `exp`?,dd3e6999fd
My Terraform apply fails on WSL with a token error for Google Cloud Storage—what command should I run to sync the clock?,dd3e6999fd
"Could this JWT `invalid_grant` problem in Terraform be caused by my machine time being off, and how do I check/fix that?",dd3e6999fd
"When using Terraform on WSL2, what should I do if Google API authentication breaks because the token is not in the right timeframe?",dd3e6999fd
"Why am I getting a Google API 403 Access denied error when running Terraform, and could it be my credentials path?",55c0047f8b
How do I fix the Terraform forbidden error if my service account key file is not being picked up?,55c0047f8b
What should I check if Google says access denied during Terraform setup in Module 1?,55c0047f8b
Do I need to point GOOGLE_APPLICATION_CREDENTIALS to a different JSON file for Terraform to work?,55c0047f8b
"After setting up Terraform, how do I activate the service account so the 403 error goes away?",55c0047f8b
"Do I need to create a separate service account for Terraform, or is one account enough for everything in this course?",de1924abdb
"Before I download the .json credentials file for Terraform, should I make another service account first?",de1924abdb
"Can I use the same service account keys for all the services and resources in this course, or do I need different ones?",de1924abdb
"Once I have the credentials file and set the environment variable, am I ready to start using Terraform?",de1924abdb
"For the Terraform setup in Module 1, do I need extra service accounts for different resources, or will one work?",de1924abdb
Where do I get the Terraform Linux download from?,d0f76f4669
What’s the official link for Terraform releases on Linux?,d0f76f4669
"Which Terraform file should I use for a Linux machine, amd64 or arm64?",d0f76f4669
How do I install Terraform after downloading the Linux zip?,d0f76f4669
Where should I put the Terraform binary so I can run it from the terminal?,d0f76f4669
Why does Terraform say it was initialized in an empty directory and that there are no configuration files?,76f95c1d28
I ran `terraform init` and got the empty directory message — what am I doing wrong?,76f95c1d28
How do I fix the error when Terraform says there are no .tf files in the directory?,76f95c1d28
Does this Terraform error mean I’m not in the right folder before running `init`?,76f95c1d28
What should I check if `terraform init` works in the wrong place or says the directory is empty?,76f95c1d28
"Why am I getting ""Request had insufficient authentication scopes"" when Terraform tries to create a BigQuery dataset?",4a6d04a2c3
What should I check first if I see a Google API 403 access denied error in Terraform?,4a6d04a2c3
How do I verify that my Google service account credentials are set up correctly before running Terraform?,4a6d04a2c3
Which environment variable do I need to export for Terraform to use my GCP auth JSON file?,4a6d04a2c3
"I set up the service account key, but Terraform still fails with 403 when creating the dataset — what could be wrong?",4a6d04a2c3
Why am I getting googleapi Error 403 when Terraform tries to create a bucket in GCP?,5849afe5f6
How do I fix the permission denied for storage.buckets.create in my Terraform setup?,5849afe5f6
Terraform says my service account can't access storage.buckets.create — is this a project ID issue?,5849afe5f6
"What should I use in Terraform: GCP Project Name or Project ID, if bucket creation is forbidden?",5849afe5f6
I can’t create a Google Cloud Storage bucket with Terraform even though I have a service account — what am I missing?,5849afe5f6
How do I set up the Google provider in Terraform when it keeps asking for credentials?,fa8cbc8f40
What’s the right way to point Terraform at my GCP credentials file for the google provider?,fa8cbc8f40
"In the Google provider block, should I use file() for the credentials path?",fa8cbc8f40
How do I keep my GCP credentials file secure while using Terraform with the google provider?,fa8cbc8f40
"What does a minimal google provider config look like for project, credentials, and zone?",fa8cbc8f40
"Why does `terraform destroy` fail with a BigQuery dataset still in use error, and how do I fix it in my `main.tf`?",9f9a1b9e4f
I keep getting `resourceInUse` when tearing down my BigQuery homework dataset with Terraform. What am I missing?,9f9a1b9e4f
"When I run `terraform destroy`, BigQuery says the dataset is still being used by a table. What setting should I change so the dataset can be deleted?",9f9a1b9e4f
How can I make Terraform remove a BigQuery dataset even if there are tables inside it?,9f9a1b9e4f
"During destroy, Terraform can't delete my BigQuery dataset because it's in use. Is there a flag or config option for that?",9f9a1b9e4f
"Why am I getting Terraform 412 on google_storage_bucket about storage.uniformBucketLevelAccess, and how do I fix it?",64d0d03a6f
My bucket apply fails with conditionNotMet / UBLA required — what setting do I need to add in Terraform?,64d0d03a6f
How do I enable Uniform Bucket-Level Access in a google_storage_bucket resource so terraform apply stops erroring?,64d0d03a6f
"What causes the GCS bucket constraint error in Terraform, and what change should I make in the bucket config?",64d0d03a6f
I see a request violates constraint error for my storage bucket in GCP. Which Terraform option should be turned on?,64d0d03a6f
"What does concurrency actually do in Kestra flows, and why would I need it?",5bf119a791
How do I set a Kestra flow so only one execution can run at once?,5bf119a791
"If the same flow gets triggered again while it is still running, what happens in Kestra?",5bf119a791
What kind of issues can concurrency help avoid in workflow execution?,5bf119a791
"Can Kestra limit parallel runs of the same flow, and how is that configured?",5bf119a791
Where can I find the previous cohorts' FAQ for the orchestration module?,f1c31510e6
Is there a FAQ document for Prefect from earlier cohorts?,f1c31510e6
Do you have an Airflow FAQ link from past students?,f1c31510e6
Where's the Mage FAQ document for this module?,f1c31510e6
"Can I get all the old FAQ docs for Prefect, Airflow, and Mage?",f1c31510e6
How can I start Kestra locally on Linux with Docker?,bcc6781b6e
What URL do I open after launching Kestra to access the dashboard?,bcc6781b6e
Is there a different setup guide for running Kestra on Windows?,bcc6781b6e
Can you show me a sample docker-compose for Kestra with the needed ports and volumes?,bcc6781b6e
What command should Kestra use in Docker for standalone mode?,bcc6781b6e
"Why do I get `mkdir C:\Program Files\Git\var: Access is denied` when I run the Kestra Docker command in Bash on Windows, and why doesn't opening Bash as admin fix it?",16481ac8f7
How should I change the `docker run` command for Kestra so it works on Windows with Docker and WSL2?,16481ac8f7
Do I need to use Command Prompt as administrator instead of Git Bash when starting `kestra/kestra:latest server local`?,16481ac8f7
What are the correct volume paths to use for `/var/run/docker.sock` and `/tmp` if Docker is complaining about `C:\Program Files\Git\var`?,16481ac8f7
"After I run the corrected Docker command, what should I expect to see on localhost for the Kestra UI?",16481ac8f7
Why does my pgAdmin page at localhost:8080 just keep loading forever after I add it to docker-compose?,db53f69d74
"I mounted a local volume for pgAdmin, but the container seems stuck and won’t open in the browser — could this be a permissions issue?",db53f69d74
"Do I need to change ownership of the pgAdmin data folder on my machine, and if so, which user should own it?",db53f69d74
Why does Postgres work with the mounted volume but pgAdmin fails when I use a local directory for sessions or data?,db53f69d74
"Is there a fix for the ""permission denied /var/lib/pgadmin/sessions"" error when running pgAdmin in Docker?",db53f69d74
Why does my GCP VM with Kestra and Postgres run out of disk so fast when I do backfills?,00e8093b90
How can I check what is eating up storage on my Linux VM before I just start deleting stuff?,00e8093b90
What’s the easiest way to remove old Kestra executions and logs so they don’t keep growing forever?,00e8093b90
"If I already loaded the same data multiple times in Postgres, should I drop the extra tables or run something like VACUUM?",00e8093b90
"My VM is still full after cleanup — can I just increase the boot disk size in GCP, and where do I do that?",00e8093b90
How do I set up Google Cloud auth in Kestra without putting the service account JSON straight into the flow?,06775a8677
"For the zoomcamp, is it better to keep GCP credentials in Kestra KV store or as a secret?",06775a8677
What should I put in pluginDefaults so BigQuery and GCS tasks can use my GCP service account automatically?,06775a8677
"If I store the service account as base64 in .env_encoded, how do I pass it into Kestra and reference it in a flow?",06775a8677
How do I rotate a GCP service account key in Kestra if I used the KV store or an encoded secret?,06775a8677
Why does a Kestra flow still show earlier tasks as successful when a later task fails?,70722b98b6
"In Kestra, is a task considered successful if a downstream step breaks?",70722b98b6
How can I still see intermediate results and logs in Kestra after the pipeline crashes later on?,70722b98b6
Why do upstream steps stay green in Kestra even when the database or merge part fails?,70722b98b6
Does Kestra mark a task failed just because something after it went wrong?,70722b98b6
Why do I get a permission denied error when I run the gcp_setup flow after the lesson?,dda62d0ef0
How can I fix the bucket permission denied issue in the gcp_setup flow?,dda62d0ef0
Should I check whether the GCP bucket already exists if the setup flow fails?,dda62d0ef0
Do I need to rename the bucket in gcp_setup if the name is already taken?,dda62d0ef0
Is the bucket name in GCP supposed to be globally unique for the setup flow?,dda62d0ef0
Why does the gcp_setup flow fail at the create_bq_dataset step with an invalid dataset ID error?,c18119ba32
"I followed the workflow orchestration lesson and the gcp_setup YAML, but BigQuery still errors when creating the dataset — what am I missing?",c18119ba32
"Can the dataset name in the gcp_setup flow include a dash, or does that break BigQuery setup?",c18119ba32
What should I change in the dataset name if create_bq_dataset keeps throwing a dataset ID problem?,c18119ba32
Is there a naming issue in the gcp_setup flow that causes the BigQuery dataset creation to fail?,c18119ba32
Why does Kestra crash with a SIGILL in the Java runtime on a Mac M4 running macOS 15.2/15.3?,5db9bca6a9
What do I need to change in the Kestra Docker run command to avoid the SIGILL issue on Apple M4?,5db9bca6a9
How can I set the Java option for Kestra if I'm using Docker Compose instead of docker run?,5db9bca6a9
Is there a workaround for the latest kestra image on Mac M4 when Java throws an illegal instruction error?,5db9bca6a9
Do I need to pass any special JVM flag in Kestra to make it work on macOS M4?,5db9bca6a9
"Why does Kestra fail with ""could not translate host name host.docker.internal"" on Linux Docker?",5d66421473
"In Kestra flows, should I replace host.docker.internal with the Postgres service name in docker-compose?",5d66421473
How do I make host.docker.internal work on native Linux with Kestra?,5d66421473
"Do I need extra_hosts in docker-compose only for the Kestra container, or also for Docker taskRunner jobs like dbt-build?",5d66421473
What’s the better fix for Kestra to reach Postgres on Linux: use the container name or add host-gateway?,5d66421473
How do I run a Python script in Kestra Docker on Windows 11 without getting the Python 3.13 path error?,acd25600d1
What is the right Kestra YAML setup for executing a Python script with commands like pip install and python run?,acd25600d1
How can I pass my Python file into a Kestra flow using InputFiles?,acd25600d1
Do I need to replace your_script.py with my own filename in the Kestra script example?,acd25600d1
Where should I put the actual Python code when using Kestra's Python Commands plugin?,acd25600d1
Why do we calculate row counts in PostgreSQL and not inside Kestra itself?,7fc105290f
Is there a reason the workflow doesn’t compute the number of rows after ingestion?,7fc105290f
Why is the row count done at the database layer instead of as part of the orchestration step?,7fc105290f
Wouldn’t it be simpler to count records directly in Kestra after loading the data?,7fc105290f
Why is PostgreSQL used for dataset analytics like row counts rather than Kestra?,7fc105290f
Why would I keep branching logic inside one Kestra flow instead of splitting it into separate flows?,b7ff18706c
How do I decide when a shared workflow should branch by dataset type like yellow vs green taxi?,b7ff18706c
What’s the usual way to set up a conditional branch in Kestra based on a runtime variable?,b7ff18706c
"Should common steps go before the branch, or is it better to repeat them in each path?",b7ff18706c
How do branches usually end in Kestra — do they merge back into one tail or stay separate?,b7ff18706c
Why can’t I just use Kestra execution logs to answer the row count questions in Homework 2?,c493aa6b92
"Do Kestra logs include total rows for a whole year, or do I need to check PostgreSQL instead?",c493aa6b92
"For the Homework 2 row count tasks, is the answer supposed to come from the flow logs or from SQL on the loaded tables?",c493aa6b92
"If Kestra runs the pipeline, why doesn’t it tell me the dataset row counts after ingestion?",c493aa6b92
How were the exact row counts for the monthly and yearly Homework 2 questions calculated?,c493aa6b92
Why does Kestra require IANA time zone names instead of simple UTC offsets?,226d10e788
What’s the reason Kestra doesn’t accept timezone abbreviations or fixed offsets for schedules?,226d10e788
How do IANA timezones help avoid scheduling issues in Kestra during daylight saving time?,226d10e788
Why would using an offset like +02:00 be a problem in Kestra cron schedules?,226d10e788
What makes IANA timezone identifiers better for Kestra than abbreviations like PST or GMT?,226d10e788
Why doesn’t Kestra turn what a task prints into a variable automatically?,5a0d2c0e59
"If my task prints a value, why can’t I reuse it in the next step in Kestra?",5a0d2c0e59
What’s the reason Kestra keeps stdout as logs instead of task outputs?,5a0d2c0e59
Do I need to define outputs manually in Kestra even when the value is already printed?,5a0d2c0e59
Why can’t Kestra just read the printed result and save it for later tasks?,5a0d2c0e59
Why do I need to list a file under outputFiles in Kestra if it was already created by the task?,39328a73c7
"My task makes a file, but I can't see or download it in Kestra — do I have to declare it somewhere else too?",39328a73c7
Is outputFiles required in Kestra just to keep a file around after a task finishes?,39328a73c7
Why are files not available to the next step unless they’re marked as outputFiles in Kestra?,39328a73c7
"If a file exists during execution, why doesn’t Kestra show it in the UI unless I explicitly expose it?",39328a73c7
Why does Kestra need the Docker socket at /var/run/docker.sock in the Docker Compose setup?,733065c175
What is Kestra using the host Docker daemon for when it starts tasks?,733065c175
Why does the official Kestra Docker Compose file run the container as root and mount the Docker socket?,733065c175
"Is the Docker socket access in Kestra required only for development, or does it have another purpose?",733065c175
How does Kestra launch Docker containers if it itself is running inside a container?,733065c175
Why does Kestra show a different CSV size in the Outputs tab than the number I get from a Python task?,f5a8ca34fa
Is the file size in Kestra's UI using bytes or some human-readable unit like MiB?,f5a8ca34fa
"For Homework 2, should I use the Outputs tab size or the raw size from `os.path.getsize()`?",f5a8ca34fa
Why is the value printed in my task logs not matching the rounded size shown by Kestra?,f5a8ca34fa
"When comparing CSV file sizes in Kestra, which one is the exact value I should submit?",f5a8ca34fa
"Can I use Kestra to run my dbt project, or is that not supported?",e14f6a8ed9
How do people usually combine dbt with Kestra in a data pipeline?,e14f6a8ed9
Does Kestra let me orchestrate dbt runs and monitor them in one place?,e14f6a8ed9
Can Kestra handle alerting and tracking for dbt jobs too?,e14f6a8ed9
Is there any Git integration when running dbt through Kestra?,e14f6a8ed9
How do I make Kestra pick up flow YAML files from a local folder when I’m using Docker Compose?,958ab42c43
Is there a way to keep Kestra flows in my repo instead of only inside the container database?,958ab42c43
What do I need to add to docker-compose so Kestra watches a host-mounted flows directory?,958ab42c43
"If I edit a flow in the Kestra UI, will that update the YAML file on my machine too?",958ab42c43
How can I set up local flow sync in Kestra so I can edit flows in VS Code and have them version controlled?,958ab42c43
Why do I get ERR_EMPTY_RESPONSE when I open Kestra in GitHub Codespaces using localhost:8080?,91a298833a
"In Codespaces, how do I reach Kestra if http://localhost:8080 just says this page isn’t working?",91a298833a
Where can I find the correct URL for Kestra inside GitHub Codespaces?,91a298833a
"My Kestra container seems to be running, but the browser on localhost still shows 127.0.0.1 didn’t send any data — what should I check?",91a298833a
Do I need to use the forwarded port link in Codespaces instead of localhost to open Kestra?,91a298833a
Why does backfill in Kestra say it’s running but then no results appear in executions?,c717810bc6
Has anyone else seen Kestra backfill execute without showing anything in the execution list?,c717810bc6
What’s the workaround when a Kestra backfill seems stuck or invisible after starting?,c717810bc6
Is there a known bug in Kestra that makes backfill look like it’s working but not actually show results?,c717810bc6
Do I need to remove the timezone from my Kestra trigger script to fix backfill issues?,c717810bc6
Why does my Python logging show up in Kestra as an error even when the script is fine?,e32e8737da
"In Kestra, why are my print/log messages getting tagged as ERROR instead of INFO or DEBUG?",e32e8737da
How can I make Python logs stop appearing as stderr in a Kestra flow?,e32e8737da
Is there a way to configure logging.basicConfig so Kestra treats my Python logs as normal output?,e32e8737da
What should I change in my Python script so logs go to stdout and not to Kestra error logs?,e32e8737da
"Why do I get an error when writing data from a web source to GCS, and how can I fix it?",ee4a3bc34d
Should I use nullable dtypes in pandas before uploading web data to a GCS bucket?,ee4a3bc34d
What data type should I use for columns with missing values when saving to GCS?,ee4a3bc34d
How do I avoid write errors to GCS when my dataframe has nulls in integer columns?,ee4a3bc34d
Is Int64 the right pandas type to use for nullable integer data before loading it into GCS?,ee4a3bc34d
Why does BigQuery complain that a Parquet column is INT when it expects DOUBLE when I load files from a GCS folder?,d2902a7227
Do all Parquet files in the same GCS directory need to have exactly the same schema for BigQuery load jobs?,d2902a7227
"In the FHV dataset, why do some months have PUlocationID and DOlocationID as integers while earlier months show them as floats?",d2902a7227
"If the first Parquet file sets the BigQuery table schema, what happens when later files have a different type for the same column?",d2902a7227
How can I force the right pandas column dtypes before writing Parquet so BigQuery won’t fail on schema mismatches?,d2902a7227
Why am I getting `gzip.BadGzipFile: Not a gzipped file (b'\n\n')` when loading FHV data into GCS?,950192cbcc
What is the correct FHV dataset URL to use for the CSV.gz files?,950192cbcc
Could the bad gzip error be caused by using the wrong GitHub link for the FHV files?,950192cbcc
Do I need to include `/releases/download` in the FHV download URL for the data engineering homework?,950192cbcc
How should I fix the import issue if the FHV file from GitHub is not recognized as a gzip file?,950192cbcc
How can I load a bunch of file URLs into my GCP bucket at once?,4ae927f8a0
Is there a simple way to make GCS pull data from a list of parquet links?,4ae927f8a0
What format should I use for a URL list if I want to transfer it into a bucket?,4ae927f8a0
Can I use gsutil or some GCS transfer tool to import multiple monthly trip files from URLs?,4ae927f8a0
Do I need to create a TSV file first before sending the links to GCS?,4ae927f8a0
Why do I get a Bad character (ASCII 0) error when querying my data in a GCS bucket?,33184c75bd
Could this ASCII 0 issue be caused by a bad schema or file formatting problem?,33184c75bd
Do I need to upload the CSV.GZ files directly instead of processing them with pandas first?,33184c75bd
What should I check if my query fails because of a Bad character error in the dataset?,33184c75bd
Is using wget to download the files a better way to avoid this GCS query error?,33184c75bd
How can I check whether the BigQuery command line tool is installed on my machine?,a07b793f65
I'm getting `bq: command not found` in GCP — what should I run to verify the tool is there?,a07b793f65
Is there a way to tell if BigQuery CLI is installed before trying the `bq` command?,a07b793f65
"Why does `bq` fail with command not found, and is there another command I can use instead?",a07b793f65
Can I use `bq.cmd` instead of `bq` when the command isn't recognized?,a07b793f65
How do I avoid getting charged when I use BigQuery for the first time?,0131ac93ac
Why did I suddenly get a bill after creating a BigQuery dataset?,0131ac93ac
Should I only use BigQuery while my free credits are still active?,0131ac93ac
Do I need to delete all BigQuery datasets after I create them?,0131ac93ac
How often should I check billing if I’ve also started a VM?,0131ac93ac
"Why do I get the ""Cannot read and write in different locations"" error when loading a file from GCS into BigQuery?",61b908fe84
How do I check whether my GCS bucket and BigQuery dataset are in different regions?,61b908fe84
What should I do if my bucket is in EU but my BigQuery dataset is in US?,61b908fe84
"Do the bucket location and the BigQuery dataset location need to match exactly, or is a general region like US enough?",61b908fe84
How can I avoid this region mismatch problem when setting up BigQuery and GCS for the first time?,61b908fe84
How do I make sure I don’t lose my BigQuery SQL Editor queries while working on the assignment?,b98d573ce2
"Is there a save button in BigQuery, and where can I find the queries I saved later?",b98d573ce2
What’s the best way to keep my BQ SQL work safe if the browser crashes or I close the tab by accident?,b98d573ce2
Can I write my BigQuery queries in VS Code or Notepad++ first and then paste them into the editor?,b98d573ce2
Why do people recommend saving BigQuery queries as .sql files instead of leaving them only in the browser?,b98d573ce2
"Can I use BigQuery for real-time analytics in this project, or is it only meant for batch stuff?",57303f9d80
Does BigQuery support streaming data if I want to make the project more real-time later on?,57303f9d80
"For this project, is BigQuery a bad choice if I need near real-time analytics?",57303f9d80
"If the assignment doesn't mention real-time, can I still plug in BigQuery streaming for future iterations?",57303f9d80
Is there any support in BigQuery for building a future version of this project with live data updates?,57303f9d80
Why do I get `could not parse 'pickup_datetime' as timestamp` when loading my BigQuery external table into a materialized table?,1724e08426
How can I make a BigQuery external table work if some rows have bad timestamp values in `pickup_datetime`?,1724e08426
What’s the best way to load data from a GCS external table into a BigQuery table when the timestamp column has invalid rows appended later?,1724e08426
Should I define a timestamp column as `STRING` first in an external table if BigQuery keeps failing on parse errors?,1724e08426
How do I filter out broken timestamp records and still insert the rest into a BigQuery table with a real `TIMESTAMP` field?,1724e08426
Why does BigQuery say my timestamp is valid but still ask for TimestampType(MICROS) or TimestampType(MILLIS)?,c2a18da218
How do I fix the BQ Parquet timestamp error when loading data from a dataset write?,c2a18da218
Is there a PyArrow option to make Parquet timestamps work better with BigQuery?,c2a18da218
What should I change in pq.write_to_dataset if BigQuery complains about timestamp encoding?,c2a18da218
Why are my Parquet timestamps not compatible with BigQuery and how can I write them in a better format?,c2a18da218
Why does BigQuery load my Parquet datetime column from Pandas as INT64 instead of TIMESTAMP?,a83247e572
How can I make a Pandas-to-Parquet export keep timestamp fields so BigQuery reads them correctly?,a83247e572
Do I need to set something in PyArrow when writing Parquet from a DataFrame for BigQuery?,a83247e572
What is the fix if BigQuery sees epoch millis from my Parquet file and won't auto-convert them?,a83247e572
Can I define a schema in PyArrow so datetime columns stay as TIMESTAMP when loading to BigQuery?,a83247e572
How do I create a BigQuery external table from a GCS folder in Python?,7c97a61529
What’s the Python code to set up a BQ external table for parquet files?,7c97a61529
How can I point BigQuery to gs:// data and create an external table with the client library?,7c97a61529
Do I need to use ExternalConfig in Python when making a BigQuery table over cloud storage files?,7c97a61529
Can you show a simple example of creating an external table in BigQuery with autodetect turned on?,7c97a61529
How can I quickly check in BigQuery with Python whether a table already exists before I call create_table?,88f2fb38b0
Is there a simple helper function for BigQuery that returns True or False if a table ID is already there?,88f2fb38b0
What’s the best way to avoid errors in Python when I try to create a BigQuery table that might already exist?,88f2fb38b0
"Can I use client.get_table to test if a BigQuery table exists, and if so, how should I handle the not found case?",88f2fb38b0
"Before overwriting or creating a BigQuery table, what’s an easy pattern to check existence first?",88f2fb38b0
How do I fix the BigQuery error about a missing closing double quote when loading CSVs from GCS?,21e010f826
What is the right bq load command for uploading gzipped CSV files from Google Cloud Storage to BigQuery?,21e010f826
Why does BigQuery complain about a missing double quote when I try to load the FHV trip data files?,21e010f826
Can I use BigQuery Cloud Shell to load data from gs:// paths without getting quote-related errors?,21e010f826
What flags should I use with bq load for autodetecting schema and handling quoted newlines in CSV data?,21e010f826
How can I use a Cloud Function to load csv.gz files from GitHub straight into BigQuery?,7cbadfe131
What’s the easiest way to automate importing monthly FHV data into a BigQuery table with Python?,7cbadfe131
Why do people use Cloud Functions for loading compressed CSV files into BigQuery instead of doing it manually?,7cbadfe131
How should I set up the BigQuery load job so the schema stays fixed when I load the 2019 FHV files?,7cbadfe131
"Can someone explain how to pull the csv.gz files from GitHub, save them temporarily, and append them into BigQuery month by month?",7cbadfe131
Why am I getting the same count(distinct(*)) result when I query an external table and a materialized table in BigQuery?,8bfd81c403
"In BigQuery, how can I make sure two different tables don’t return the same cached result when I compare them?",8bfd81c403
Do I need to change any query settings if count(distinct(*)) looks identical for external and materialized tables in GCP BigQuery?,8bfd81c403
What should I disable in BigQuery if the query output stays the same across different tables?,8bfd81c403
Could BigQuery cache be causing my queries on external and materialized tables to show the same result?,8bfd81c403
Why am I getting a BigQuery Parquet type mismatch on `DOlocationID` / `PUlocationID` when the file came from Pandas?,66d3c42dd4
How do I stop Pandas from turning nullable ID columns into float before I write Parquet to GCS?,66d3c42dd4
What’s the right way to cast `PUlocationID` and `DOlocationID` so missing values are still allowed?,66d3c42dd4
"Do I need to set the column dtypes before uploading to GCS, or can I fix it later before loading into BigQuery?",66d3c42dd4
What should I change in my ETL so BigQuery doesn’t complain that a Parquet `INT64` column doesn’t match `DOUBLE`?,66d3c42dd4
"Why am I getting ""Invalid project ID"" in BigQuery when my SQL seems fine?",625c1f542a
"How do I fix the project ID error in GCP BigQuery about 6-63 lowercase letters, digits, or dashes?",625c1f542a
Could this BigQuery project ID issue be caused by something after the FROM clause?,625c1f542a
What should I check if BigQuery says my project ID is invalid even though I already set it?,625c1f542a
Is there usually an extra space or weird symbol causing the GCP BQ invalid project ID error?,625c1f542a
"Can BigQuery partition a table by more than one column, or is it always just a single partition field?",45b587e597
How many columns can I use for clustering in BigQuery before it hits the limit?,45b587e597
"What’s the current BigQuery max number of partitions per table? I’ve also seen 4,000 mentioned somewhere — which one is right?",45b587e597
"If I run one query or load job, how many partitions can it modify at once in BigQuery?",45b587e597
"For time-based partitioning in BigQuery, how long do daily, hourly, and monthly partitions last before you hit the partition limit?",45b587e597
How can I get the CREATE TABLE statement for a BigQuery table?,7df3102580
Is there a way to see a table's schema and DDL in BigQuery without manually rebuilding it?,7df3102580
What query can I run in BigQuery to copy the DDL of a native table?,7df3102580
How do I check the DDL for an external table in BigQuery too?,7df3102580
Can INFORMATION_SCHEMA.TABLES show me the SQL needed to recreate a BigQuery table?,7df3102580
Why does BigQuery complain when I use DATE() in my PARTITION BY for a timestamp column?,49b5277d77
What’s the right way to partition a table by pickup_datetime in BigQuery if the column is not already a date?,49b5277d77
I keep getting the partition expression error in BQ — do I need to convert my dataframe columns to datetime first?,49b5277d77
How can I fix the BigQuery error that says PARTITION BY only accepts DATE or TIMESTAMP_TRUNC style expressions?,49b5277d77
"For GCP BigQuery, should I run pd.to_datetime() on pickup_datetime and dropOff_datetime before loading the table?",49b5277d77
Why does BigQuery complain that CLUSTER BY needs column names when I try `DATE(tpep_pickup_datetime)`?,8248dd9d7f
Do I really need to convert a timestamp first if I want to cluster in BigQuery?,8248dd9d7f
"Can BigQuery cluster directly on a TIMESTAMP column, or only on DATE/STRING/etc.?",8248dd9d7f
What’s the point of clustering by pickup time in BigQuery instead of making a partition?,8248dd9d7f
"For faster time-based queries, is it okay to partition by date and cluster by the timestamp column at the same time?",8248dd9d7f
What's the real difference between a BigQuery native table and an external one?,16b4ae94ef
"If I have Parquet files sitting in GCS, how do I set up an external table for them?",16b4ae94ef
How can I turn an external table into a normal BigQuery table so queries run faster?,16b4ae94ef
"Does BigQuery let me make an external table straight from a public URL like nyc.gov, or do I need to move the files first?",16b4ae94ef
What are the main trade-offs between using BigQuery-managed storage and just querying the files in cloud storage?,16b4ae94ef
Why does BigQuery still show my table as not partitioned when I know I created it as a partitioned table?,24c64415c0
Is there some delay before a partitioned table shows up correctly in the BigQuery UI?,24c64415c0
What should I do if the table details in BigQuery don’t update after I partition a table?,24c64415c0
Could the BigQuery console be showing old info even though the table is actually partitioned?,24c64415c0
How can I check whether my BigQuery partitioned table is really partitioned if the UI looks wrong?,24c64415c0
"Why do I get ""Dataset was not found in location US"" when I try to export a BigQuery ML model to GCS, even though my dataset and bucket are in us-west1?",155949a31a
What should the bq extract -m command look like when exporting a BQ ML model to a Google Cloud Storage folder?,155949a31a
Could this export error be caused by using the wrong project ID or bucket path in the GCS address?,155949a31a
"In the Week 3 BigQuery ML demo, what is the right format for the gs:// destination when saving the model export?",155949a31a
How do I fix the issue where BigQuery says the dataset is in US during an ML model export job?,155949a31a
I'm on a MacBook with an M1 chip and the BigQuery ML export/prediction step isn't working. Is there a Docker image that works on Apple Silicon instead of the usual tensorflow/serving one?,47f7c8310a
How do I set up the serving directory from extract_model.md so I can run the model locally on my Mac?,47f7c8310a
What exact docker run command should I use to start the tip_model service on arm-based Macs?,47f7c8310a
"After switching to the emacski/tensorflow-serving image, what should I do next to test that the prediction endpoint works?",47f7c8310a
Is there a newer Docker Desktop option on macOS that helps with TensorFlow Serving on Apple Silicon?,47f7c8310a
"In the homework, when it says stop with loading the files into a bucket, what exactly should I do and what should I not do after that?",a9c1fd2a8f
Do I need to clean the data or convert it to Parquet after uploading the files to the bucket for this assignment?,a9c1fd2a8f
"Is creating an external table from the bucket files enough for the homework, or is there more processing expected?",a9c1fd2a8f
What does the instruction about loading files into a bucket mean in practice for this module?,a9c1fd2a8f
"Should I only upload the raw files and make an external table, without doing any extra transformations?",a9c1fd2a8f
Why do I get an out of bounds timestamp error when I load the NYC parquet straight into pandas?,5e0cffbc79
Is there a bad date in the dataset that makes pandas crash on read?,5e0cffbc79
How can I use pyarrow or parquet.read_table to get this file into a DataFrame without the timestamp issue?,5e0cffbc79
What’s the easiest way to handle datetime columns separately so the weird record doesn’t break my homework?,5e0cffbc79
Can I filter out the row with the impossible date before converting the parquet to pandas?,5e0cffbc79
How do I upload the homework files to GCS using the GUI instead of command line?,5f072b1cc7
Is there a way to upload multiple files at once into a GCS bucket for the homework?,5f072b1cc7
Can I upload a whole folder to GCS from the web interface for this assignment?,5f072b1cc7
What’s the easiest way to avoid schema problems when loading the homework data into GCS?,5f072b1cc7
Do I need to download the files locally before using the GCS upload button?,5f072b1cc7
Why is my partitioned or clustered table not matching the result I expected for homework Q5?,c46378ea2a
What should I check if the prediction for the partitioned/clustered table seems wrong?,c46378ea2a
Is there something tricky about the dates in Q5 of the homework that could affect the answer?,c46378ea2a
My clustered table query gives a different prediction than I thought — what am I missing?,c46378ea2a
"For Module 3 homework Q5, what detail should I look at when the table result looks off?",c46378ea2a
"For Module 3 homework Q6, is it normal if my result doesn’t exactly match any of the choices?",53e0e2f585
"If I can’t get an exact answer on homework question 6, should I still pick one of the options?",53e0e2f585
"Did anyone manage to get a perfect match for Module 3 Q6, or are most answers just close?",53e0e2f585
What should I do in Module 3 homework Q6 when my number is near an option but not exact?,53e0e2f585
Is the expected approach for Q6 to choose the closest answer even when the result is a bit off?,53e0e2f585
Why does querying only a few fields in BigQuery make the bytes scanned go down?,f9b7353f28
How does BigQuery columnar storage help reduce scan cost when I select fewer columns?,f9b7353f28
"If I use SELECT with just the columns I need, why is the query cheaper in BigQuery?",f9b7353f28
What makes BigQuery read less data when I don’t pull every column from a table?,f9b7353f28
Why does choosing fewer columns in a query lower the amount of data scanned?,f9b7353f28
How do I hook up BigQuery to Looker Studio for dashboards?,ff76cb35fb
What’s the easiest way to connect BigQuery with Tableau Desktop?,ff76cb35fb
Do I need special IAM permissions before a BI tool can read my BigQuery data?,ff76cb35fb
Should I use a BigQuery view when connecting to Looker Studio or Tableau?,ff76cb35fb
"For big tables in Tableau, is it better to use an extract or live BigQuery connection?",ff76cb35fb
Why do I get a UnicodeDecodeError about an invalid start byte when loading a CSV in pandas from a URL?,55b6d6256f
What encoding should I use in pandas read_csv if the file from the web throws utf-8 decode errors?,55b6d6256f
How can I save a dataframe to GCS as CSV without running into byte encoding issues?,55b6d6256f
Do I need to set low_memory=False and an encoding when reading the dataset into pandas?,55b6d6256f
Is there a better option than CSV if I keep seeing invalid byte errors from the remote data file?,55b6d6256f
"What exactly is a generator function in Python, and how does it return values differently from a normal function?",0f2a26772e
How does using the `yield` keyword make a Python iterator work in a generator?,0f2a26772e
Why are generators considered more memory-efficient than lists or tuples when handling big data?,0f2a26772e
Can you explain the main difference between an iterable that stores all items and one that produces items on demand?,0f2a26772e
When would it make sense to use a generator instead of building a full list in Python?,0f2a26772e
What's the easiest way in Python to read a bunch of files together at once?,577dfed594
Can read_parquet take multiple file paths and combine them into one table?,577dfed594
How do I load several parquet files in Python without reading each one separately?,577dfed594
Is there a simple way to pass a list of files to read_parquet and get one merged result?,577dfed594
"When I have multiple parquet files, how can I read them all into a single dataframe?",577dfed594
"Why does converting DOlocationID with astype(int) or pd.to_numeric(..., downcast=integer) not work here, and why do I need Int64 instead?",c58d3563a6
What’s the right way to cast DOlocationID in pandas if I want missing values to still be allowed?,c58d3563a6
I tried df['DOlocationID'] = df['DOlocationID'].astype(int) and it failed — what should I use instead?,c58d3563a6
"Why is pd.to_numeric(df['DOlocationID'], downcast=integer) considered incorrect for this column?",c58d3563a6
How should I convert DOlocationID to a numeric type in pandas without breaking nulls?,c58d3563a6
How do I check BigQuery query spending for the last 60 days and see who ran the queries?,e5905a92e2
Is there a way to estimate BigQuery costs by date and user from query history?,e5905a92e2
"What INFORMATION_SCHEMA table can I use to find query executions, users, and approximate cost in BigQuery?",e5905a92e2
"How can I group BigQuery jobs by day, email, and job type to spot the most expensive queries?",e5905a92e2
What query should I use to calculate BigQuery on-demand cost from bytes billed over a chosen time range?,e5905a92e2
How do I decide which column to use for partitioning in BigQuery if I want my WHERE filters to scan less data?,e6c806f5fe
"What’s the difference between partitioning and clustering in BigQuery, and when should I use each one?",e6c806f5fe
"Can BigQuery partition a table by more than one column, or is it just one partition key?",e6c806f5fe
How would I write a CREATE TABLE query that partitions by date and clusters by another column?,e6c806f5fe
"If I filter on VendorID, why does a table partitioned by date sometimes scan way more data than a table partitioned by VendorID?",e6c806f5fe
How does BigQuery handle permissions for who can see or change data in a warehouse?,0882fc44fa
"What’s the difference between project, dataset, and table access in BigQuery IAM?",0882fc44fa
Which BigQuery role should I give someone if they only need read access to tables?,0882fc44fa
How can I share query results in BigQuery without letting people see the raw underlying data?,0882fc44fa
Is there a way to lock down specific columns in BigQuery and also check who ran queries?,0882fc44fa
Why is SELECT COUNT(*) on a BigQuery native table showing 0 bytes processed?,01dcc4425b
What changes in BigQuery when I add a WHERE clause and COUNT(*) stops being free?,01dcc4425b
Why does counting rows on an external table in GCS still end up scanning data?,01dcc4425b
How does BigQuery know the row count without reading the whole native table?,01dcc4425b
"Is COUNT(*) always free in BigQuery, or only for standard tables without filters?",01dcc4425b
Why would I see weird years in lpep_pickup_datetime after loading the taxi data to BigQuery?,52e74f0053
Could BigQuery be reading my pickup timestamp wrong because of CSV autodetect or a bad schema?,52e74f0053
"If I mixed Parquet and CSV loads into the same table, can that mess up the date values?",52e74f0053
How do I check whether the pickup datetime column is outside the expected year range?,52e74f0053
What’s the best way to reload the table cleanly so the timestamp data is fixed?,52e74f0053
How do I move tables from PostgreSQL into BigQuery for analytics without doing everything manually?,917b0b0fb5
What’s the easiest way to get Postgres data into a BigQuery dataset using Python?,917b0b0fb5
Can I read a PostgreSQL table into pandas and then upload that dataframe to BigQuery?,917b0b0fb5
"What do I need before loading data to BigQuery from a Python script, like credentials or dataset setup?",917b0b0fb5
Why does BigQuery complain about location mismatch when I try to load synced data from PostgreSQL?,917b0b0fb5
"How should I organize a batch data warehouse into raw, clean, dq, analytics, and mart layers?",a198f6959c
"What’s the usual flow between raw data, cleaned data, data quality checks, analytics tables, and marts in a warehouse pipeline?",a198f6959c
"In a layered warehouse, what do the raw, clean, dq, analytics, and mart steps actually do?",a198f6959c
How do you implement a multi-layer warehouse in PostgreSQL or BigQuery for batch processing?,a198f6959c
"Why do people separate raw, clean, data quality, analytics, and mart layers in data warehouse pipelines?",a198f6959c
When should I use partitioning instead of clustering for my warehouse tables?,46d95787b3
Is partitioning basically only for date or timestamp filters?,46d95787b3
When is clustering a better choice than partitioning for query performance?,46d95787b3
"Can partitioning and clustering be combined, or do I need to pick one?",46d95787b3
What kind of columns usually work best for clustering compared to partitioning?,46d95787b3
Why do I get a google-crc32c warning saying it is using a slow pure Python version when I run the load_yellow_data script?,b72ed00c7b
My parquet file upload to GCS keeps failing after 120 seconds with a write timeout—how can I fix that?,b72ed00c7b
Is the runtime warning about the missing c extension in google-crc32c something I need to worry about for the data load?,b72ed00c7b
How do I make the upload_from_filename step wait longer so large yellow_tripdata files don't time out?,b72ed00c7b
What is the recommended way to speed up the CRC32C warning and stop the GCS upload timeout in load_yellow_data?,b72ed00c7b
When should I use source() instead of ref() in dbt?,742e16e6bc
What exactly is the difference between a source table and a dbt model when I'm writing dbt SQL?,742e16e6bc
"How does dbt know the run order if I use ref(), and does source() do the same thing?",742e16e6bc
"Do I need to define source() tables somewhere special, or can I just use them directly like ref()?",742e16e6bc
"Can you explain with a simple example why source('raw', 'trips') is different from ref('stg_trips')?",742e16e6bc
Why do the dbt Cloud demos look different from what I see in my account?,44ff6ae3df
Is the course using dbt Cloud Developer access or the Team plan for the walkthroughs?,44ff6ae3df
My dbt Cloud interface doesn't match the demo — is that because of the license type?,44ff6ae3df
Do I get the same dbt Cloud experience as in the videos if I only have the 14-day Team trial?,44ff6ae3df
"What license is used in the dbt Cloud examples, and will the UI be the same on my account?",44ff6ae3df
"Why do I get ""No dbt_project.yml found at expected path"" in the cloud IDE when I open my dbt project?",df2ca336d5
My dbt Cloud IDE shows a dbt config error and says it can’t find dbt_project.yml — what should I check first?,df2ca336d5
Could this error be caused by packages.yml or one of its dependencies missing dbt_project.yml?,df2ca336d5
What’s the right way to set up a new dbt project in the UI if the project file isn’t detected?,df2ca336d5
"If I’m importing an existing dbt repo into dbt Cloud, what do I need to do so it recognizes dbt_project.yml?",df2ca336d5
"Why do I keep getting ""Dataset was not found in location X"" when running dbt on BigQuery?",c180431de3
How do I check the BigQuery region of my source dataset and make dbt use the same one?,c180431de3
My dbt dataset got created in the wrong BigQuery region — do I just delete it and rerun?,c180431de3
"In dbt Cloud, where do I set the BigQuery location so prod and CI stop failing?",c180431de3
"Can I run dbt across EU and US datasets, or do I need to copy the data first?",c180431de3
Why am I seeing the message that my project does not have a development environment configured in dbt IDE?,29469cf158
How do I create a development environment and set up development credentials so I can use the dbt IDE?,29469cf158
What should I do if dbt Cloud says there is no dev environment for my project?,29469cf158
Where can I find the setup steps for configuring a development environment in dbt Cloud for this course?,29469cf158
Is there a walkthrough or video that shows how to fix the missing development environment error in dbt?,29469cf158
Why am I getting an access denied error in dbt Cloud when it tries to connect to BigQuery?,b4a5d32d6b
How do I fix the missing bigquery.jobs.create permission for my dbt service account in Google Cloud?,b4a5d32d6b
Where in IAM do I add the dbt service account so dbt Cloud can run queries on BigQuery?,b4a5d32d6b
Which BigQuery role do I need to grant to stop the dbt connection test from failing?,b4a5d32d6b
"Besides BigQuery Job User, what other roles should I give the service account to avoid later permission problems?",b4a5d32d6b
Why am I getting a git clone error with Permission denied (publickey) when I try to set up the dbt lesson repo?,87fddc59b7
"Do I need to clone the main DataTalksClub repo, or should I use my fork instead for Module 4 setup?",87fddc59b7
What’s the easiest way to fix the failed repository clone problem if SSH isn’t working on GitHub?,87fddc59b7
"Can I just create a new repo for dbt lessons instead of cloning the course repo, and is that okay for branches and PRs?",87fddc59b7
How do I change the clone URL to HTTPS or my own GitHub username so the repo setup works?,87fddc59b7
"Why do I get 'Failed to start server. Permission denied (publickey)' when I launch dbt Cloud, and how do I fix it?",32a878b1d5
I’m seeing a remote repository access error in dbt Cloud with publickey denied — what am I supposed to add in GitHub?,32a878b1d5
What SSH key from dbt Cloud needs to be copied into my repo to make the server start properly?,32a878b1d5
How do I connect dbt Cloud to GitHub so it can read the repo without the publickey error?,32a878b1d5
"Is the dbt Cloud startup error caused by missing deploy keys, and where do I set them up?",32a878b1d5
Why does my terminal say `dbt: command not found` even though I already installed dbt?,25f96d0b34
How do I check whether dbt was installed inside my virtual environment or somewhere else?,25f96d0b34
What should I do first if `dbt` isn’t recognized after I open a new shell?,25f96d0b34
"If `which dbt` doesn’t show anything under my venv, how can I install dbt in the right place?",25f96d0b34
"Do I need to add something to PATH so the `dbt` command works, or is activating the virtualenv enough?",25f96d0b34
My dbt Cloud IDE just keeps loading and then says the IDE session was unable to start. What should I check or do to fix it?,99658f8d80
"If the IDE won’t launch in dbt Cloud and I get a support message, do I need to create an SSH key or is there another setup step first?",99658f8d80
How do I get my repo into the dbt project when the cloud IDE fails to start — do I have to use git clone and then paste a deploy key somewhere?,99658f8d80
I’m stuck on the dbt Cloud setup because the IDE won’t open. What’s the right way to connect the repo and what should I look at in dbt_cloud_setup.md?,99658f8d80
"When dbt Cloud shows the session couldn’t start, is the fix to set up SSH, clone the project, and update the repo settings with the key?",99658f8d80
"Why do my BigQuery column types keep coming out wrong after I run dbt, and is it because the CSV to Parquet conversion is guessing the types from the first rows?",e8fe39dd54
How can I stop Python from picking the wrong datatype when I convert CSV files to Parquet in my pipeline before loading them into BigQuery?,e8fe39dd54
"Do I need to define the schema in the web_to_gcp.py script itself to fix datatype issues in dbt/BigQuery, or is there another workaround?",e8fe39dd54
I found a modified web_to_gcs.py script for this problem—what exactly should I change if I want it to handle gzipped files correctly?,e8fe39dd54
"When downloading and unzipping the tripdata files, how do I avoid filling up my disk, and should I remove the files after each loop iteration?",e8fe39dd54
The script to ingest NYC trip data into GCS fails with Access Denied on the S3 link. Is there another way to get the files and upload them to my bucket?,6435e27634
"If the public S3 URL for trip data doesn’t work anymore, what’s the backup method for downloading the data used in the project?",6435e27634
How can I use GitHub to fetch the yellow and green trip data instead of pulling from the S3 bucket?,6435e27634
"Do I need a different source when the NYC TLC dataset download link breaks, and what commands should I run with the GitHub CLI?",6435e27634
Is there a way to manually get the taxi trip data for dbt practice without using the failing S3 bucket URL?,6435e27634
Is there a quicker way to load the 2019 and 2020 yellow and green trip data into GCS and BigQuery for module 4?,28f6392ce5
"I tried uploading the Parquet files straight to GCS, but BigQuery gave me schema mismatch errors when I created the table. What am I missing?",28f6392ce5
The web_to_gcs.py script takes forever for yellow trip data — is there an easier workaround for the week 4 homework?,28f6392ce5
Can I skip the original loading script and use a different hack for bringing yellow and green taxi data into BigQuery?,28f6392ce5
What schema changes are needed if I use the YouTube workaround to load the trip data for 2019 and 2020?,28f6392ce5
"Why am I getting a warning that dbt_utils.surrogate_key is deprecated, and what should I use instead?",e596dc3cbe
"In the dbt course examples, do I need to change surrogate_key to generate_surrogate_key everywhere?",e596dc3cbe
What is the new name for dbt_utils.surrogate_key in dbt-utils 1.0+?,e596dc3cbe
My staging model fails when using dbt_utils.surrogate_key — is there a simple fix for that?,e596dc3cbe
Do the arguments stay the same when switching from surrogate_key to generate_surrogate_key in dbt?,e596dc3cbe
"Why am I getting Access Denied in dbt when it tries to read external tables in BigQuery, and what IAM roles does the service account need?",78e4da8fa6
My dbt run says I don't have bigquery.jobs.create permission — which BigQuery role am I missing?,78e4da8fa6
"When dbt is using BigQuery tables backed by GCS, do I also need Cloud Storage permissions or is BigQuery access enough?",78e4da8fa6
What roles should I give the dbt service account so it can both query BigQuery and read files from a bucket without permission errors?,78e4da8fa6
"I updated the service account permissions, but dbt still fails — do I need to restart dbt or upload the key again in dbt Cloud?",78e4da8fa6
How do I fix the error saying dbt_utils is not found in dbt?,95b01285f5
What should I put in packages.yml so dbt can use dbt_utils?,95b01285f5
"After adding the dbt_utils package, what command do I need to run next?",95b01285f5
Is there a specific version of dbt_utils I should install to get past this error?,95b01285f5
Why am I still getting dbt_utils not found even after setting up the project?,95b01285f5
"Why would dbt show a message saying lineage is unavailable, and what should I check first?",d4ec58fd16
"If my project has no lineage showing up, could it be a YAML formatting problem?",d4ec58fd16
How can I tell whether the dbt run actually finished successfully when lineage is missing?,d4ec58fd16
Where do I find the build logs or error messages to debug a failed dbt run?,d4ec58fd16
"In the command history console, how do I open a stage’s logs and see the warnings or errors?",d4ec58fd16
Why does my fact_trips table only have a few days of data after I run dbt build?,55fac499b0
What am I supposed to pass so dbt doesn't limit the trip data during the build?,55fac499b0
Is there a special command or flag to make fact_trips load the full dataset instead of just a test slice?,55fac499b0
My run only shows a couple days in fact_trips — could it be because I'm using the test run variable wrong?,55fac499b0
How should I quote the is_test_run variable in dbt if the copy-pasted version isn't working?,55fac499b0
Why does my `fact_trips` table end up with only one month of data after the flow runs for all months?,9cce7ad112
Could `if_exists` be the reason my BigQuery table keeps getting overwritten instead of adding each month?,9cce7ad112
What should I use in the GCS-to-BigQuery write step if I want every monthly batch to stay in the table?,9cce7ad112
I was testing with `replace` before — do I need to switch something so the 2019 and 2020 months all load together?,9cce7ad112
"Why do I only see the last month loaded in BigQuery, and how do I make it keep appending instead?",9cce7ad112
Why does BigQuery fail when I run the dm_monthly_zone_revenue.sql model in dbt?,5a1a61b6a8
How should I write the month truncation line for pickup_datetime so BigQuery accepts it?,5a1a61b6a8
"Do I need quotes around month in date_trunc for this model, or should it be unquoted?",5a1a61b6a8
What exact change should I make after the second SELECT in dm_monthly_zone_revenue.sql?,5a1a61b6a8
"Is date_trunc('month', pickup_datetime) the reason BigQuery is throwing an error here?",5a1a61b6a8
Why does dbt still show only 100 rows in BigQuery even after I rerun it with the variable set correctly?,3cc457b0de
Do I need to delete the dataset dbt created in BigQuery before running again so the full table gets built?,3cc457b0de
Why did my CI/CD job create a brand new dbt dataset in BigQuery instead of updating the one I expected?,3cc457b0de
"In dbt Cloud CI/CD, what does the deferral setting do, and why am I getting a dbt_cloud_pr_* environment?",3cc457b0de
How can I stop dbt from creating a separate PR dataset and make my dev models merge into the production ones?,3cc457b0de
Why do we even need a staging layer in dbt if we already have the raw data and final models?,a31defac51
What is the point of the staging dataset in the analytics pipeline?,a31defac51
How does staging help turn raw data into something usable before fact and dimension tables?,a31defac51
Why are staging models usually built as views instead of tables?,a31defac51
"In the project, if we only work on production and trips_data_all, what is the staging dataset doing behind the scenes?",a31defac51
"My dbt docs are showing as served in Docker, but I still can't open them in the browser. What should I change in docker-compose?",53afe4bee2
"If dbt docs is running but the site isn't reachable from my browser, is there a Docker setting I should remove?",53afe4bee2
"Why does dbt docs say it's served, yet I can't access it locally? Do I need to delete the `network: host` line?",53afe4bee2
"I'm following the dbt setup and the docs container starts fine, but the browser link doesn't work. What fix should I try in docker-compose?",53afe4bee2
"In the Analytics Engineering with dbt module, what usually causes dbt docs to be inaccessible even though they are served, and how do I fix it?",53afe4bee2
"Why is the main branch in dbt Cloud or the dbt VS Code extension read-only, and what’s the right way to make edits?",f0ad880ffb
How do I start working on a dbt change if I can’t modify the default branch directly?,f0ad880ffb
What’s the easiest way to create a feature branch in dbt Cloud before I edit models or SQL?,f0ad880ffb
"Can I use git from the command line to make dbt changes, and what’s the basic branch/commit/push flow?",f0ad880ffb
"After I push a dbt branch and open a pull request, how does the change get back into main?",f0ad880ffb
Why don’t I see the “Run on Pull Requests” option in dbt Cloud even though my repo is connected?,3d51ece7b9
Is the basic Git Clone / SSH repo connection enough to turn on dbt CI for pull requests?,3d51ece7b9
What plan do I need in dbt Cloud to run CI jobs on PRs?,3d51ece7b9
How do I switch my dbt Cloud project from a Git Clone setup to the native GitHub integration?,3d51ece7b9
My CI job runs but fails with “valid dbt project was not found” — what usually causes that?,3d51ece7b9
"Why am I getting a dbt compilation error saying my model depends on a source that wasn’t found, and the lineage graph doesn’t show up?",c37b2ed3a5
"In the DE Zoomcamp dbt lesson, what should I do if the lineage graph is missing around the 14:25 mark?",c37b2ed3a5
My staging model points to a source name that dbt says doesn’t exist — is there a simple fix for this?,c37b2ed3a5
"During Building the First DBT Models, why does saving the yaml file seem to solve the error?",c37b2ed3a5
What’s the quickest way to get the lineage graph working again after that source-not-found compilation issue?,c37b2ed3a5
Why am I getting a compilation error in the accepted_values test for stg_green_tripdata Payment_type saying 'NoneType' object is not iterable?,8bfd724e4f
What does it mean when dbt fails on accepted_values_stg_green_tripdata_Payment_type__False___var_payment_type_values_ in models/staging/schema.yml?,8bfd724e4f
How do I fix the 'NoneType' object is not iterable error coming from the test_accepted_values macro in builtin.sql?,8bfd724e4f
Do I need to define something in dbt_project.yml if accepted_values is crashing for payment_type values?,8bfd724e4f
What variable should I add so the accepted_values test for green tripdata payment_type can run without errors?,8bfd724e4f
Why does my dbt macro get_payment_type_description(payment_type) throw a BigQuery CASE operator error after I copy it from the zoomcamp repo?,89733da275
How do I fix the macro so BigQuery stops complaining about STRING and INT64 types in the payment_type case statement?,89733da275
"Do the values in the payment_type macro need quotes, and what should the updated case mapping look like?",89733da275
I pasted the exact dbt macro from the course and got a No matching signature for operator CASE error — what am I doing wrong?,89733da275
What change should I make in the get_payment_type_description macro if payment_type is stored as text?,89733da275
"In dbt, how do I find the actual query that caused the error?",2d05496ddf
My dbt run failed — where should I look to see which line is broken?,2d05496ddf
Does the dbt error log include a BigQuery link for debugging?,2d05496ddf
How can I use BigQuery to inspect the query behind a dbt failure?,2d05496ddf
"When dbt throws an error, how do I jump to the highlighted problematic line?",2d05496ddf
Why does dbt turn my target schema set to marts into dbt_marts instead of just marts?,58586a16a6
Is it normal that dbt appends my custom schema to the target schema by default?,58586a16a6
How can I stop dbt from concatenating the custom schema with the default schema?,58586a16a6
What macro do I need to create if I want dbt to use only the schema I set in dbt_project.yml?,58586a16a6
Where should I put generate_schema_name.sql to override dbt’s schema naming behavior?,58586a16a6
How do I make dbt Cloud use a subfolder inside my GitHub repo as the project root?,c7ca760fed
Is there a way to point dbt Cloud to a project inside a subdirectory instead of the repo root?,c7ca760fed
Where in dbt Cloud can I set the project subdirectory for my GitHub repo?,c7ca760fed
"Can I run dbt from a nested folder in the repo, and if so how do I configure it in dbt Cloud?",c7ca760fed
What setting do I need to change so dbt Cloud treats a subdirectory as the dbt project?,c7ca760fed
Why am I getting a dbt compilation error that says a source name was not found in my model?,3ce6d0445f
"In dbt, how do I fix a model that depends on a source table name that doesn't exist?",3ce6d0445f
What should I change in my `.sql` model if dbt says the source table can't be found?,3ce6d0445f
How do I point my dbt model to an existing BigQuery or Postgres table instead of the wrong source name?,3ce6d0445f
"What does `select * from {{ source('staging', '<your table name in the database>') }}` mean, and when should I use it?",3ce6d0445f
Why am I getting a dbt compilation error saying a model depends on a seed that can't be found in production?,2d17397995
What should I check if my seed file seems to work in dev but dbt says the seed node is missing in the production environment?,2d17397995
"Could this error be caused by merging the wrong branch, and how do I make sure my PR goes from development into main?",2d17397995
Where should the seed CSV file actually live in the repo so dbt can see it when running production builds?,2d17397995
"Can a .gitignore rule break dbt seed discovery, and should I remove .csv from it if I'm seeing this error?",2d17397995
"Why am I getting a ""taxi_zone_lookup not found"" error when loading my GitHub repo in dbt?",fd607affe5
Is there a specific folder name dbt expects for seed files?,fd607affe5
Do I need to rename my current data folder so dbt can find the taxi_zone_lookup seed?,fd607affe5
"Why are my seed files not being picked up from the repo, even though the CSV is there?",fd607affe5
What should I change in my project structure if dbt says the taxi_zone_lookup file is missing?,fd607affe5
Why does my `fact_trips` row count change every time I run the model again in dbt?,d9072c7279
What should I add to my staging models so the deduplication picks the same row every run?,d9072c7279
"I’m using `partition by vendor_id, pickup_datetime` and `rn = 1`, but results keep changing — what am I missing?",d9072c7279
How can I make the `fact_trips` model give a consistent number of rows after reruns?,d9072c7279
"Why do I need an `ORDER BY` in the window function for the staging files, and what happens if I don’t use one?",d9072c7279
Why am I getting a CREATE TABLE error about duplicate column name locationid when I build my dbt model?,1d2222e38a
Could using SELECT * in a join be the reason I end up with two locationid columns in the output?,1d2222e38a
"In my dbt SQL, how do I stop BigQuery from creating duplicate columns after joining dim_zones twice?",1d2222e38a
What should I change if my model works until I do SELECT * FROM fhv and then it fails with repeated column names?,1d2222e38a
How can I fix the duplicate locationid issue without rewriting the whole query?,1d2222e38a
"Why am I getting ""Bad int64 value"" when loading green tripdata, even though the numbers look like 1.0 or 2.0?",9f2048fc73
"What's the best way to handle columns like ehail_fee, ratecodeid, trip_type, and payment_type when BigQuery says DOUBLE but I want INT64?",9f2048fc73
Should I use safe_cast or just drop the column if the Parquet schema doesn't match in dbt?,9f2048fc73
How do I deal with values ending in .0 before casting them to integer in a dbt model?,9f2048fc73
"If I can change the source file, how do I write the Parquet so BigQuery stops failing on these casts?",9f2048fc73
"Why am I getting ""The - vars argument must be a YAML dictionary, but was of type str"" when I run dbt with --var?",57767e983b
How should I format the dbt --var value so it is treated as a YAML dictionary instead of a string?,57767e983b
What is the correct command for running dbt with a variable like is_test_run set to false?,57767e983b
"In dbt Cloud, why is the Environment Type option greyed out and not clickable?",57767e983b
"Do I need to change the environment type for the dbt setup in this module, or is the default one fine?",57767e983b
"Why am I getting ""Could not parse the dbt project"" when I set up the dbt environment?",8ab8329fea
What should I change if the repository is on master and dbt says the project can’t be parsed?,8ab8329fea
Do I need to use a custom branch for the dbt environment instead of the default branch?,8ab8329fea
How do I fix the dbt project parsing error in Module 4 when the repo looks valid?,8ab8329fea
Where do I turn on the option to run the environment only on my own branch?,8ab8329fea
How do I move my dbt project off the dbt Cloud managed repo and into my own GitHub repo?,c547b5d5e5
What's the process to download my dbt Cloud repository and upload it to GitHub?,c547b5d5e5
"After I copy my dbt project to GitHub, how do I disconnect the managed repository in dbt?",c547b5d5e5
How can I link my GitHub repo back to the dbt project once the old repo is removed?,c547b5d5e5
"Do I need to click anything in dbt Studio after connecting the GitHub repo, and what does ""Initiate project"" do?",c547b5d5e5
"I updated my dbt model files and pushed them to my dev branch, but the job keeps using the old version. What am I missing?",ee3f7f89ba
"After changing my modeling files and committing to the development branch, why is the job still running with the previous file?",ee3f7f89ba
Do I need to switch back to main and open a pull request from my branch before the job sees the latest changes?,ee3f7f89ba
"I made edits in my development branch, but the run still looks stale. Should I approve a merge in GitHub and try the job again?",ee3f7f89ba
What’s the fix when a job ignores my recent changes on the dev branch and keeps picking up the old model?,ee3f7f89ba
"I connected GitHub and BigQuery to dbt, but my Develop tab is still empty — what am I missing before I can actually start building a model?",dfd4ddbf39
Do I need to set up anything besides the GitHub and BigQuery connection for dbt to show work in the Develop area?,dfd4ddbf39
"Why is nothing appearing in dbt Develop after setup, even though the integrations are already working?",dfd4ddbf39
What steps should I complete in dbt before I can see or create a model in the development environment?,dfd4ddbf39
"After linking dbt with GitHub and BigQuery, do I also need a dev environment and some parameters configured before anything shows up?",dfd4ddbf39
"Why does `dbt run --models stg_green_tripdata --var 'is_test_run: false'` not show any output, and what’s the correct command?",778635395f
"In dbt, how do I run only `stg_green_tripdata` if `--models` and `--var` don’t work in the tutorial?",778635395f
What’s the right syntax for passing `is_test_run: false` when running `stg_green_tripdata` in dbt?,778635395f
"If `dbt run --models stg_green_tripdata --var 'is_test_run: false'` fails, what should I use instead?",778635395f
How do I rewrite the tutorial’s dbt command so it actually runs `stg_green_tripdata` with `is_test_run` set to false?,778635395f
I'm following the dbt BigQuery Docker setup and after `docker-compose build` plus `docker-compose run dbt-bq-dtc init` I get `ModuleNotFoundError: No module named 'pytz'`. What am I missing?,e5b8322bee
How do I fix the `No module named 'pytz'` error when setting up dbt with Docker in the analytics engineering module?,e5b8322bee
"During dbt init in the BigQuery Docker environment, why does Python complain about `pytz` and what should I add to the Dockerfile?",e5b8322bee
What change is needed in the Docker image if dbt setup fails with a `pytz` import error after building the containers?,e5b8322bee
"I can build the dbt Docker containers, but running init throws a `pytz` module error. Where should I install it in the Dockerfile?",e5b8322bee
"Why do I get a permission denied / EACCES error in VS Code after running the dbt Docker init, and how do I fix it?",eda58f442a
I can’t edit dbt_project.yml because of NoPermissions on Linux. What command should I use?,eda58f442a
"After docker-compose run dbt-bq-dtc init, changing the profile in dbt_project.yml is blocked. Is this a file ownership issue?",eda58f442a
dbt debug says the profile should not be None after setup. What am I missing?,eda58f442a
"Do I need to cd into the new dbt project folder, like taxi_rides_ny, before running dbt debug?",eda58f442a
"Why does my dbt Cloud prod run get cancelled with the message that no valid dbt project was found, and what should I check first?",fee87c684a
"If my dbt project works locally but fails in production, do I need to merge my PR to main before deploying?",fee87c684a
Could a missing or inaccessible dbt_project.yml file be the reason my dbt deployment on prod is failing?,fee87c684a
What should I verify in dbt Cloud and BigQuery if the production run is not picking up the right dataset?,fee87c684a
Do I need to make sure I’m on the latest repo version before running dbt in production after changes were made elsewhere?,fee87c684a
Why is my FHV parquet file from the course GitHub mirror not being detected as parquet when I load it into GCS or BigQuery?,6783a9bddb
"Do I need to change the curl or wget command for the FHV homework file, or is the problem usually the URL itself?",6783a9bddb
"Should the GitHub link for the FHV dataset use blob or tree, and how do I know which one is correct?",6783a9bddb
Where exactly do I put ?raw=true in the FHV parquet URL so GitHub gives me the actual file instead of the preview page?,6783a9bddb
"What is the correct pattern for the monthly fhv_tripdata parquet link from the course mirror, especially if my loader says the file format is wrong?",6783a9bddb
"How do I add the FHV path to my Kestra flow so it creates the table, loads the CSV, and merges into BigQuery?",b459de9135
What task do I need in Kestra for the FHV data if I want an if block like the yellow and green ones?,b459de9135
"Can you show the BigQuery schema for FHV trips in this pipeline, including partitioning and the row id?",b459de9135
How should the external table and temp table be set up for FHV in dbt/Kestra-style ingestion?,b459de9135
What cron trigger and input changes do I need so Kestra can run FHV monthly as a taxi type?,b459de9135
What's the easiest way to upload the NYC TLC homework dataset from GitHub to GCS?,c549d24645
Is there a script I can use for ingesting the homework CSVs from GitHub?,c549d24645
"For the dbt homework on NYC TLC data, how do I move the files from GitHub into GCS?",c549d24645
Can I use a ready-made script for the GitHub-to-GCS upload in this assignment?,c549d24645
Which script is similar to the web_to_gcs.py helper and works for this homework?,c549d24645
What's the easiest way to load credentials or other secret settings without hardcoding them in my Python project?,fb43c209d9
How can I set GOOGLE_APPLICATION_CREDENTIALS and GCP_GCS_BUCKET for scripts like web_to_gcs.py without putting them in the code?,fb43c209d9
Should I use a .env file for API keys and GCP credentials if I'm planning to push the project to GitHub?,fb43c209d9
How do I use python-dotenv to read environment variables in a dbt or Python project?,fb43c209d9
"After installing dotenv, what code do I need so my script can access values from the .env file?",fb43c209d9
"Why does my FHV CSV external table fail on pickup_datetime parsing, and what type should I use instead?",8c9b0fdaa5
"In dbt staging, how do I cast the FHV timestamp fields safely so BigQuery doesn't reject bad rows?",8c9b0fdaa5
Why does my FHV Parquet load complain about PULocationID being DOUBLE/FLOAT instead of INT64?,8c9b0fdaa5
How do NULL location IDs in pandas end up breaking the Parquet schema for FHV data?,8c9b0fdaa5
What should I do when different FHV monthly Parquet files have different types for PUlocationID or other columns?,8c9b0fdaa5
"Why am I getting ""Unable to find common supertype for templated argument"" when I join on LocationID in dbt?",faddbcb675
What does the BigQuery error about no matching signature for operator = between STRING and INT64 mean?,faddbcb675
How can I fix a join where one table has LocationID as text and the other as a number?,faddbcb675
"In dbt, how do I convert PULocationID to an integer before joining?",faddbcb675
My pickup_locationid join fails because of STRING vs INT64 — what should I change?,faddbcb675
Why does Looker Studio keep telling me I used up the 30-day trial when I open it from Google Cloud Console?,17be084780
How can I get to the free version of Looker Studio without being asked to subscribe to Pro?,17be084780
Is there a different URL I should use for Looker Studio if the console link pushes a paid plan?,17be084780
What should I do if Looker Studio shows trial/Pro upgrade errors instead of the normal dashboard?,17be084780
Is the Google Cloud Project console the wrong place to access Looker Studio for the free version?,17be084780
How does dbt know which model should run first when one depends on another?,78fda262c6
What does the `ref` keyword do in dbt SQL models?,78fda262c6
How do you link dbt models together so the dependencies are handled automatically?,78fda262c6
"In dbt, what is the way to reference another model and keep the execution order correct?",78fda262c6
How are dependencies between dbt models managed without manually setting the run order?,78fda262c6
What's the quickest way to load taxi CSV data into dbt-postgres?,a250f11737
How can I import taxi data faster than inserting rows one by one in PostgreSQL?,a250f11737
Is there a simple PostgreSQL command for loading CSV files into a taxi table?,a250f11737
What’s the easiest way to get taxi data into a dbt Postgres database from a CSV?,a250f11737
How do I use COPY to move taxi data into a Postgres table?,a250f11737
Where do I put the `profiles.yml` file for dbt locally?,49e1ec9d84
Do I need a `profiles.yml` when using dbt Cloud?,49e1ec9d84
What is the Windows path for `~/.dbt/profiles.yml`?,49e1ec9d84
Should I create `.dbt` inside my user home folder or somewhere else?,49e1ec9d84
Is the same dbt profile config reused across all projects on my machine?,49e1ec9d84
"Does dbt Core have its own UI like dbt Cloud, or is there another way to get a visual interface?",a8e992c143
What VS Code extension can I use if I want a UI for working with dbt Core?,a8e992c143
"Is there a free community plan for the Altimate dbt Power User extension, and how do I connect it in VS Code?",a8e992c143
"Are there any snippet packs for dbt and Jinja in VS Code for SQL, YAML, or Markdown?",a8e992c143
What tool can I use to monitor a dbt project if I’m not using dbt Cloud?,a8e992c143
"Why am I getting an error in dbt-postgres that says my profile credentials are invalid because '5432' is not an integer, even though I set the env var correctly?",5d92a0583a
How do I fix the dbt `profiles.yml` Jinja config so the database port from an environment variable is treated as an integer instead of a string?,5d92a0583a
"In my dbt profile, what should I change if `DB_PORT` is coming through as text and dbt complains that the port must be an integer?",5d92a0583a
What's the right way to use `env_var()` for the Postgres port in `profiles.yml` when dbt throws a type error on `5432`?,5d92a0583a
Is there a simple Jinja fix for the dbt-postgres connection error where the port value from environment variables is not accepted as an integer?,5d92a0583a
My dbt model is hitting an incorrect schema error even though the database looks right. Where should I check the schema settings first?,23687d0f93
"Where is the `profiles.yml` file for dbt Core, and what exact things in it can cause a schema mismatch?",23687d0f93
"If I’m using dbt Cloud IDE instead of dbt Core, do I still need to edit `profiles.yml` to fix the schema issue?",23687d0f93
"In dbt Cloud, which UI settings should I review when the model runs in the wrong schema or database?",23687d0f93
"Could the problem be from using the wrong dbt environment, like dev vs prod, even when the connection info seems correct?",23687d0f93
Does the free dbt developer version really only let me have one project per account?,7cec1857a9
"If dbt only allows one project on a free account, is there any workaround to manage more than one project?",7cec1857a9
"Can I create multiple dbt projects with the same free developer account, or do I need separate accounts?",7cec1857a9
"Why am I limited to a single project in dbt's free version, and how do people handle multiple projects?",7cec1857a9
"Is the one-project limit in dbt tied to the account, and can I just set up another account to get around it?",7cec1857a9
Why does the dbt VS Code extension keep asking me to install dbt core when it’s already installed in my virtualenv?,f5c9c1b46d
How can I make VS Code use the same Python interpreter that my dbt project is using?,f5c9c1b46d
What exact steps should I follow after activating my venv to stop the dbt core install prompt in VS Code?,f5c9c1b46d
"When I run dbt debug, which path am I supposed to copy and set in VS Code?",f5c9c1b46d
"If VS Code still says dbt core is missing after I picked an interpreter, what should I check next?",f5c9c1b46d
Why does dbt Cloud keep showing Retry when I try to connect BigQuery with Workload Identity Federation?,f57e5cb1f4
I can’t use a JSON service account key in GCP because key creation is blocked — is there a way to make dbt Cloud work anyway?,f57e5cb1f4
"What should I do if the dbt Cloud BigQuery setup won’t save using WIF, even after I set up the pool and principal correctly?",f57e5cb1f4
How do I remove the GCP policy that prevents service account key creation so I can finish the dbt Cloud connection?,f57e5cb1f4
"Do I need to delete the org policy with gcloud to get dbt Cloud working with BigQuery, or is changing it in the console enough?",f57e5cb1f4
Why am I getting a dbt error that says it depends on a node called `taxi_zone_lookup.csv` that wasn’t found?,a4c1f2e983
"In a relationships test, should `ref()` use the seed file name with `.csv`, or just the dbt model/seed name?",a4c1f2e983
How do I fix a dbt relationships test when I accidentally wrote `ref('taxi_zone_lookup.csv')`?,a4c1f2e983
What’s the correct way to reference `taxi_zone_lookup` in dbt tests so the dependency resolves properly?,a4c1f2e983
"Is `ref('taxi_zone_lookup.csv')` valid in dbt, or do I need to remove the `.csv` part?",a4c1f2e983
Why am I not seeing the docs page after running dbt docs generate in the free version?,98b6a15ece
"Do I need a production job to make dbt model docs appear, or should it work in dev too?",98b6a15ece
I ran dbt docs generate but the documentation still doesn’t show up — what am I missing?,98b6a15ece
Where do I enable the generate docs option so the book/sign shows up for my dbt project?,98b6a15ece
"Is there a way to get dbt documentation visible when using the development environment, or only after a production run?",98b6a15ece
I'm getting dbt-Athena package conflicts in my project — should I be installing dbt-athena-adapter or dbt-athena-community?,70072fcf7a
What version should I pin dbt-core and dbt-athena-community to so they don't break each other?,70072fcf7a
"Why is dbt-athena-adapter causing problems now, and is it still maintained?",70072fcf7a
How do I check which dbt-core version works with my Athena adapter package?,70072fcf7a
"Can I mix dbt-athena-adapter and dbt-athena-community in the same Python environment, or will that cause issues?",70072fcf7a
"Can I put my dbt project inside a folder like Week_4 in my GitHub repo, or does it have to stay at the root?",4f97c0b639
"If my dbt files are in a subfolder, what do I need to change in dbt_project.yml so dbt can still find models, tests, seeds, and macros?",4f97c0b639
"Do I need to keep dbt_project.yml in the same folder as my models, or can it stay in the repo root while the project lives in a subdirectory?",4f97c0b639
What should I do with the duplicate dbt folders and files that get created in the repo root when I move everything into a subfolder?,4f97c0b639
"When I move a dbt project into a subfolder, do I also need to update .gitignore or clean-targets/target-path settings?",4f97c0b639
How can I make dbt work with BigQuery if the service account key option is blocked by iam.disableServiceAccountKeyCreation?,5b755bf0f5
What should I change in my dbt profiles.yml to use OAuth instead of a service-account key for BigQuery?,5b755bf0f5
Do I need to run gcloud auth login and application-default login before dbt debug when using BigQuery OAuth?,5b755bf0f5
"What does a BigQuery dbt profile using oauth look like, and which env vars should I keep for project and dataset?",5b755bf0f5
"After switching dbt to OAuth for BigQuery, what commands should I run to set the project and quota project locally?",5b755bf0f5
"If I can already do data transforms in Python with pandas, why would I bother using dbt in the warehouse?",8815e0f1fd
"What does dbt give me automatically that I’d otherwise have to build myself in Python, like dependencies, tests, or docs?",8815e0f1fd
When is it better to use Python for ETL and when should I switch to dbt for the transformations?,8815e0f1fd
Does dbt actually run the SQL in BigQuery instead of pulling the data onto my machine first?,8815e0f1fd
"Can dbt replace Python completely, or do people usually use both for different parts of the pipeline?",8815e0f1fd
How do I get the Bruin MCP server added in VS Code step by step?,d5328f1899
What do I type in VS Code when I use the MCP add server command for Bruin?,d5328f1899
"Should I add Bruin as a global server or a workspace server in VS Code, and when do I pick each one?",d5328f1899
"After adding the Bruin MCP server, where can I check that it actually shows up in VS Code?",d5328f1899
What's the quickest way to register Bruin with MCP in my IDE without missing any setup steps?,d5328f1899
When should I choose merge over append in a data pipeline?,2442e32be2
"If I already have rows with the same primary key, does merge update them or add new ones?",2442e32be2
What kind of data changes are a good fit for merge instead of append?,2442e32be2
Can merge handle things like order status updates or user profile changes?,2442e32be2
How do I decide between append and merge when the source data might be updated later?,2442e32be2
"Can I keep more than one Bruin project in a single Git repo, or does it only support one per repo?",f04da64de9
Why does `bruin init` drop the `.bruin.yml` in the Git root instead of the folder where I ran it?,f04da64de9
"If my repo has a `data-platforms/` folder under the root, why is Bruin putting the config in `repo/` and not inside that subfolder?",f04da64de9
What’s the easiest way to move the Bruin config file somewhere else and make Bruin use that location?,f04da64de9
I initialized Bruin inside a subdirectory but the config ended up at the repo root — is that expected behavior?,f04da64de9
"Why does my Bruin Python asset on Windows blow up with ArrowInvalid about not finding the UTC timezone database, even though I added tzdata to requirements?",390f2bec4a
What’s actually causing the pyarrow.compute.assume_timezone('UTC') error in dlt/ingestr when my DataFrame has timestamp columns?,390f2bec4a
How do I make my materialize() output so dlt stops trying to localize timestamps and the pipeline won’t crash on Windows?,390f2bec4a
"Do I need to convert all datetime columns to tz-aware UTC before returning the DataFrame, and what pandas code should I use for that?",390f2bec4a
"Which pyarrow version should I use for datetime64[us, UTC], and is tzdata in requirements.txt enough by itself?",390f2bec4a
"Why am I getting a ""Table does not exist"" error in a Bruin downstream asset when the upstream load already finished?",8ef4012c69
"Do I need to write the schema name in DuckDB SQL for Bruin tables, or can I just select the table directly?",8ef4012c69
How can I check which schema a Bruin table was created in before using it in the next step?,8ef4012c69
"What’s the difference between `trips_raw` and `ingestion.trips_raw` in Bruin, and why does one work while the other fails?",8ef4012c69
Is there a quick command to list all Bruin tables and their schemas so I can fix broken downstream queries?,8ef4012c69
Why is my Bruin seed asset timing out when it tries to install ingestr and DuckDB on the fly?,79792b53fc
How can I stop Bruin seed jobs from failing because uv download/install takes too long over a bad network?,79792b53fc
"Is there a way to increase the timeout for Bruin's runtime package install, like for ingestr or the DuckDB wheel?",79792b53fc
"For a tiny lookup table, can I skip seed assets in Bruin and just use a SQL VALUES statement instead?",79792b53fc
"If my Bruin pipeline keeps breaking during seed execution, should I pre-bundle or cache dependencies to avoid runtime installs?",79792b53fc
Why does Bruin's time_interval load blow up on the very first run with a 'table does not exist' error?,c79cc0fa2f
"Do I need to create the target table first before using time_interval in Bruin, or should it handle that automatically?",c79cc0fa2f
What's the recommended way to bootstrap a Bruin asset if the incremental time_interval strategy tries to delete a table that isn't there yet?,c79cc0fa2f
"Should I run create+replace once before switching back to time_interval, and is there another way to avoid this first-run failure?",c79cc0fa2f
"Can I fix the missing-table issue in Bruin by doing a full refresh, and what happens after that initial run?",c79cc0fa2f
How can I check RAM usage while my local pipeline is still running on WSL/Ubuntu?,4f69163546
What command shows the current memory used in Ubuntu without watching it live?,4f69163546
Is there a way to keep an eye on memory in real time instead of checking once?,4f69163546
How do I limit or allocate RAM for WSL on Windows so my jobs don’t crash?,4f69163546
"After changing the WSL memory settings in .wslconfig, what do I need to do for them to take effect?",4f69163546
Why do I get `IO Error: Could not set lock on file` when I reopen my DuckDB database after hitting Ctrl+Z in Ubuntu?,d07a9a8ff9
"Does Ctrl+Z actually quit DuckDB, or is it just pausing the process in the background?",d07a9a8ff9
How can I properly leave DuckDB after I suspended it so the database file lock gets released?,d07a9a8ff9
What’s the quickest way to find the stuck DuckDB process and kill it if the file is still locked?,d07a9a8ff9
Why does DuckDB keep saying the file is locked even though I already went back to the terminal prompt?,d07a9a8ff9
Why do I get libduckdb.so: cannot open shared object file when I run Bruin with DuckDB on Windows 10 inside WSL Ubuntu 24.04?,f1e752882b
How can I fix the missing DuckDB shared library error in Bruin without reinstalling everything?,f1e752882b
Where should I put libduckdb.so so DuckDB works properly on WSL Ubuntu 24.04?,f1e752882b
What’s the quickest way to download and install the DuckDB Linux AMD64 library for Bruin?,f1e752882b
"After unzipping libduckdb-linux-amd64.zip, what do I need to do so the system can find libduckdb.so?",f1e752882b
Why does PySpark on Windows keep saying Python wasn't found and tells me to install it from the Microsoft Store when I run a UDF?,59ad389756
How do I make Spark use my virtualenv Python instead of that Windows Store `python.exe` stub?,59ad389756
What should I set for `PYSPARK_PYTHON` and `PYSPARK_DRIVER_PYTHON` so PySpark stops picking the wrong interpreter?,59ad389756
"Can I fix this from inside my Python script before I create the Spark session, and if so how?",59ad389756
Does running my job with `uv run python script.py` help avoid the Windows Python-not-found error in PySpark?,59ad389756
"Why can’t I open the Spark jobs UI on localhost, and how do I find the right port?",14b039801e
My Spark UI isn’t showing on the usual localhost port — what should I check?,14b039801e
Is Spark using another port for the UI because the default one is busy?,14b039801e
How do I see which port Spark picked for the web UI?,14b039801e
What should I do if another notebook or process is already using the Spark UI port?,14b039801e
"Why am I getting ""cannot open taxi+_zone_lookup.csv"" in 5.2.1, is the file name wrong?",6cab9c338e
"In Module 6 Spark, should I still use taxi+_zone_lookup.csv or has it changed?",6cab9c338e
Head says no such file or directory for taxi+_zone_lookup.csv — what should the filename be now?,6cab9c338e
"After following 5.2.1, why does the lookup CSV fail to load, and what name should I use instead?",6cab9c338e
Is the plus sign in taxi+_zone_lookup.csv removed in the latest version? What’s the correct file name?,6cab9c338e
Why do I get java.io.FileNotFoundException when I read a parquet dataset and then write back to the same path with overwrite?,ef01c39d63
"I’m doing spark.read.parquet(...) and later df.write.parquet(..., mode='overwrite') to the same folder, but Spark says a file doesn’t exist — what’s going on?",ef01c39d63
"How can Spark delete files it still needs while saving a parquet dataframe, and why does this only show up at write time?",ef01c39d63
What is the fix for the FileNotFoundException that happens when overwriting the same parquet directory I loaded from?,ef01c39d63
"In Spark, is it unsafe to overwrite the same parquet path that I used as the input for the dataframe, and what should I do instead?",ef01c39d63
"Is Spark using Postgres or MySQL SQL syntax, or does it have its own SQL dialect?",b024daf322
"When I write queries in Spark, is it basically the same SQL as SQL Server or other databases?",b024daf322
"What’s the name of the SQL used in Spark jobs, and how different is it from regular SQL?",b024daf322
"Do Spark SQL queries use the same commands like SELECT, JOIN, GROUP BY, and ORDER BY?",b024daf322
Why do built-in SQL functions seem different when I switch from one database to Spark?,b024daf322
Why is localhost:4040 showing an old Spark job instead of my current notebook run?,772aea0210
How can I tell which port my Spark application is actually using if 4040 is busy?,772aea0210
Does Spark switch to 4041 or 4042 automatically when 4040 is already taken?,772aea0210
What command can I run in PySpark to get the current Spark UI URL for my session?,772aea0210
"If the Spark viewer still looks wrong, could leftover notebooks or containers be causing the issue?",772aea0210
How do I set up the Spark BigQuery connector automatically without adding the jars by hand?,0a431f8863
What should I put in SparkSession so the BigQuery connector gets loaded on its own?,0a431f8863
Is there a way to configure spark-bigquery-with-dependencies from spark.jars.packages?,0a431f8863
"Do I need to manually download any BigQuery connector dependencies in Spark, or can Spark handle it for me?",0a431f8863
What package string do I use to make Spark work with BigQuery automatically?,0a431f8863
How do I quickly load just a small chunk of a parquet file instead of the whole thing?,6e251d34b6
Is there a way to grab the first 1000 rows from a parquet file using PyArrow?,6e251d34b6
Can Spark read a parquet file and then limit it to a few rows before converting to pandas?,6e251d34b6
What’s the easiest way to inspect a parquet file without importing the full dataset?,6e251d34b6
How can I turn a small parquet batch into a pandas DataFrame?,6e251d34b6
Why do I get a parquet column conversion error when I create a Spark DataFrame with the TLC schema?,3e355d74fd
"My DataFrame schema says IntegerType, but Spark says it found INT64 in the parquet file — what am I missing?",3e355d74fd
"How can I fix the Expected: int, Found: INT64 error when loading the TLC parquet data in Spark?",3e355d74fd
Do PULocationID and DOLocationID need to be LongType instead of IntegerType for this Spark example?,3e355d74fd
What should I change in my schema if Spark fails to read the parquet file because of a data type mismatch?,3e355d74fd
How do I remove spaces from all PySpark dataframe column names at once?,7fa4e026d6
What's the easiest way to rename Spark columns so they don't contain any white spaces?,7fa4e026d6
"In PySpark, how can I select every column but strip the blanks out of the column names?",7fa4e026d6
Is there a short one-liner to clean up dataframe column names by removing spaces in Spark?,7fa4e026d6
How can I alias each column in a PySpark dataframe so the column names have no spaces?,7fa4e026d6
Why does `zcat` still print garbage when I follow the Spark video and download the CSV files from the course repo?,7bff88dbd7
"Do I need to run `gzip` on the `.csv.gz` files from the GitHub repo, or are they already compressed?",7bff88dbd7
What should I change in the bash script so `zcat` and `showSchema` work with the taxi data files?,7bff88dbd7
Why does compressing the downloaded files again make the output look like it is still zipped?,7bff88dbd7
"If I use `wget` for the course repo files, should I keep them as `.csv.gz` and skip the extra gzip step?",7bff88dbd7
How do I fix local Spark not finding my Google Cloud credentials when connecting to GCS?,497269a77f
My Spark job can’t see my GCP credentials like in the video — where should I put them?,497269a77f
What should I check if Spark on my machine is not picking up Google credentials for GCS access?,497269a77f
Spark doesn’t detect my GCP auth file from the tutorial. Is there a specific VM path I need to use?,497269a77f
"When running Spark locally with GCS, why are my Google credentials missing and how do I set them up correctly?",497269a77f
How can I open a CSV from GCS in pandas on my laptop?,e3ce42af1a
What do I need to install before reading a gs:// file with pandas?,e3ce42af1a
Is there a way to use pandas.read_csv directly with a Google Cloud Storage path?,e3ce42af1a
"Why does pandas fail when I try to read a file from GCS locally, and how do I fix it?",e3ce42af1a
What’s the simplest setup for loading a GCS CSV into a pandas dataframe?,e3ce42af1a
Why do I get a TypeError when I call spark.createDataFrame on my pandas DataFrame and it complains about Affiliated_base_number being StringType vs DoubleType?,34ebc2c6de
What’s the right way to read a CSV into Spark so the Affiliated_base_number column doesn’t break because of mixed text and numbers?,34ebc2c6de
"Should I use Spark inferSchema instead of pandas type inference when my column has letters, numbers, or nulls in it?",34ebc2c6de
How can I fix my pandas DataFrame before converting it to PySpark if some rows in affiliated_base_number are null?,34ebc2c6de
"Is Affiliated_base_number supposed to be StringType instead of DoubleType, and how do I avoid Spark dropping bad rows while reading the CSV?",34ebc2c6de
"Why am I getting ""MemoryManager: Total allocation exceeds 95% of heap memory"" when I run the Spark homework data?",14cc6e2060
"Is the default Spark executor memory really only 1GB, and can that cause this heap memory error?",14cc6e2060
How do I fix the heap memory allocation error in Spark when using the module 6 dataset?,14cc6e2060
What Spark session settings should I change to give the executor and driver more memory?,14cc6e2060
Do I need to restart Jupyter or close the current Spark session after changing the memory config?,14cc6e2060
Why does `wc -l fhvhv_tripdata_2021-01.csv.gz` show a different count than the video?,cd5d3e8423
Am I supposed to run `wc -l` on the gzipped file or the unzipped CSV?,cd5d3e8423
How do I get the same line count shown in the Spark lesson for `fhvhv_tripdata_2021-01`?,cd5d3e8423
Could the difference in `wc -l` results be because the file is still compressed?,cd5d3e8423
What’s the correct command to count lines after downloading the January 2021 FHVHV dataset?,cd5d3e8423
"Why does gcloud dataproc jobs submit pyspark say the required property project is not currently set, and how do I fix it?",d01f2fb06b
What am I supposed to put in the --project flag when submitting a Dataproc PySpark job?,d01f2fb06b
My Dataproc pyspark command fails with missing project property — is there a way to set it per command?,d01f2fb06b
How do I run gcloud dataproc jobs submit pyspark with my own project ID instead of getting that project error?,d01f2fb06b
"When submitting a PySpark job to Dataproc, where do I find the project value and how do I add it to the command?",d01f2fb06b
Why do I get a 401 anonymous caller error when trying to list objects in a GCS bucket from Spark?,fdef2dfcc4
How do I fix the storage.objects.list permission denied issue on Google Cloud Storage when running the homework?,fdef2dfcc4
Do I need to log in with gcloud before I can access my bucket in this Spark assignment?,fdef2dfcc4
What commands should I run to make sure my Google Cloud project is set correctly and the bucket access works?,fdef2dfcc4
I keep seeing an anonymous caller error for GCS in Module 6 — is it because my project ID or SDK login is missing?,fdef2dfcc4
Why am I getting a py4j.protocol.Py4JJavaError when I submit my Spark job on Dataproc?,39fc22b5cb
Could the Dataproc cluster image or version be the reason for a Java error in the logs?,39fc22b5cb
What should I check if my Spark job fails on GCP with a Py4JJavaError after changing cluster settings?,39fc22b5cb
How do I fix a Dataproc Java exception if my local Spark setup works but the cluster doesn’t?,39fc22b5cb
Would switching from Debian-Hadoop-Spark to an Ubuntu 20.02 Hadoop3.3 Spark3.3 image help with this error?,39fc22b5cb
Why does df.repartition(6) still show 8 partitions for me?,fa58733a98
Do I need to call coalesce after repartitioning to 6 partitions?,fa58733a98
What's the correct way to make the dataframe end up with 6 partitions before writing parquet?,fa58733a98
"If repartition(6) doesn't change the partition count, should I use coalesce(6) instead?",fa58733a98
How should I write the Spark dataframe so it gets saved with 6 partitions in fhv/2019/10?,fa58733a98
"Why does Jupyter Notebook or SparkUI stop loading on localhost after I forward the port from VS Code, and what should I do instead?",05dc43cda8
Is there a better way to set up port forwarding for Jupyter or SparkUI than using VS Code’s built-in forwarding?,05dc43cda8
How can I connect to my VM so that localhost ports like 8888 and 4040 work reliably from my machine?,05dc43cda8
Do I need to use SSH port forwarding from the terminal to access SparkUI or Jupyter on a GCP VM?,05dc43cda8
What should I check if Spark starts on 4040 but the UI doesn’t open and it seems to switch ports?,05dc43cda8
"Why do I get an ""Insufficient SSD_TOTAL_GB quota"" error when I try to create a Dataproc cluster?",0c9fc7e7d3
How can I make my Dataproc cluster fit under the SSD disk quota without changing the region?,0c9fc7e7d3
Would changing the boot disk from pd-balanced to pd-standard help with the quota issue in Dataproc?,0c9fc7e7d3
"Is the SSD quota error always permanent, or can I just retry cluster creation later?",0c9fc7e7d3
What can I do if my Dataproc cluster needs more disk than the current regional quota allows?,0c9fc7e7d3
"In Spark, what's the easiest way to get trip length in hours from pickup and dropoff timestamps?",1da0437718
How do I calculate a timestamp difference in hours for each row without losing minutes and seconds?,1da0437718
"Can I use `datediff` to turn two Spark timestamps into hours, or does it only give days?",1da0437718
What's the formula for converting `unix_timestamp` values into hours in Spark DataFrame code?,1da0437718
"If I already collected the data in Python, how do I get the hours between two datetime values?",1da0437718
"Do I actually need a VM on GCP to run Dataproc jobs, or can I submit them from my laptop?",d707493842
How do I launch a PySpark job to Dataproc from my local machine without creating a VM first?,d707493842
What do I need to install on my computer if I want to submit Dataproc jobs directly?,d707493842
Can you show the `gcloud dataproc jobs submit pyspark` command for the Spark SQL script example?,d707493842
How do I run the Dataproc job using the green and yellow NYC taxi parquet paths as input and write the results to a GCS output folder?,d707493842
How do I set JAVA_HOME on an M1/M2/M3 Mac when Homebrew is installed under /opt/homebrew?,a5a8a6ac39
Why do the usual Intel Mac instructions not work for finding the JDK on Apple Silicon Macs?,a5a8a6ac39
What should I add to my ~/.zshrc or ~/.bashrc to make Java 17 work with Homebrew on Apple Silicon?,a5a8a6ac39
"After installing openjdk with brew, how can I reload the shell and check that java is using the right version?",a5a8a6ac39
"Can I use Java 21 for Spark 4.x on an Apple Silicon Mac, and does the same Homebrew setup still apply?",a5a8a6ac39
"Why am I getting the Dataproc error saying subnetwork 'default' doesn't support Private Google Access when internal_ip_only is true, and how do I fix it?",a25406395b
Where in Google Cloud do I turn on Private Google Access for the default subnetwork so my Dataproc cluster can start?,a25406395b
"Do I need to change the Dataproc setting internal_ip_only, or is enabling Private Google Access on the subnet enough?",a25406395b
How can I edit the subnet in VPC so it works with Dataproc clusters that only use internal IPs?,a25406395b
What are the exact steps in the Cloud Console to enable Private Google Access for the region my Dataproc cluster is using?,a25406395b
How can I make a DataFrame available in more than one Spark session at the same time?,db219fef17
What’s the difference between a regular temp view and a global temp view in Spark?,db219fef17
How do I create a global temporary view from a DataFrame in PySpark?,db219fef17
"When I query a global temp view from another session, why do I need to use global_temp. in the name?",db219fef17
Can I access a DataFrame shared with createOrReplaceGlobalTempView from any Spark session in the same app?,db219fef17
How do I read a table from BigQuery into Spark without using a custom connector?,2b59e8e6c1
What Spark package do I need so I can connect to BigQuery as both input and output?,2b59e8e6c1
How can I save a Spark DataFrame back into a BigQuery table with overwrite mode?,2b59e8e6c1
Why does Spark fail when I query BigQuery unless my credentials and dataset location are set correctly?,2b59e8e6c1
Do I need to create the target BigQuery dataset first before writing data from Spark?,2b59e8e6c1
Why am I getting an error when I cast a TIMESTAMP_NTZ column to BIGINT in Spark?,c2c5634e36
What’s the right way to turn a TIMESTAMP_NTZ value into epoch seconds in Spark SQL?,c2c5634e36
"Can TIMESTAMP_NTZ be converted directly to a number, or do I need a function for that?",c2c5634e36
How do I get a numeric timestamp from a datetime column in Spark without using CAST to BIGINT?,c2c5634e36
"In Spark, what should I use instead of casting TIMESTAMP_NTZ if I want a Unix time value?",c2c5634e36
Why does Spark create several parquet files when I do a repartition before writing?,a71d2105aa
"If I use repartition(4) and then save as parquet, why do I end up with four output files?",a71d2105aa
Is it normal for Spark to write one parquet file per partition after a DataFrame write?,a71d2105aa
How does repartitioning a DataFrame affect the number of parquet files Spark writes?,a71d2105aa
Why does Spark split the output into multiple files instead of one when writing parquet?,a71d2105aa
"If I do repartition(4) before writing parquet, does Spark make 4 files with the same number of rows in each one?",bcafec775a
How can I check how many rows ended up in each parquet file after writing a repartitioned DataFrame?,bcafec775a
"When Spark writes one parquet file per partition, is the row count always exactly total_rows divided by partitions?",bcafec775a
What does input_file_name() do when I read a parquet folder and group by file name?,bcafec775a
Why do parquet files written from a repartitioned DataFrame sometimes have different row counts even if I chose the same number of partitions?,bcafec775a
"Why am I seeing a crazy huge max(trip_distance) value in yellow_tripdata_2023-11 when I run Spark, and is the dataset broken?",6f04719ff8
How can I calculate a more realistic maximum trip distance in Spark instead of letting a few bad rows blow up the result?,6f04719ff8
What kind of data problems cause trip_distance to have absurd values in the NYC Taxi data?,6f04719ff8
"Should I filter out outliers before using max(trip_distance), and what’s a simple Spark filter for that?",6f04719ff8
Is there a good rule of thumb for choosing a distance cutoff so the maximum trip distance looks sensible?,6f04719ff8
"How do Spark app, job, stage, and task fit together in a single run?",fe61ce3be4
Why does one Spark script sometimes create more than one job?,fe61ce3be4
What usually makes Spark split a job into different stages?,fe61ce3be4
What exactly is the smallest unit Spark runs on each partition?,fe61ce3be4
"If I do a groupBy and then show the result, how many levels of execution should I expect?",fe61ce3be4
My Spark job runs fine but the Spark UI is blank when I call `.show()` — could I be looking at the wrong session?,5b1d465332
"Why does Spark sometimes open on 4041 instead of 4040, and how do I find the right UI for my notebook?",5b1d465332
I have multiple notebooks open in the course setup; how can I check which Spark Web UI matches the session that's actually running my code?,5b1d465332
"What’s the easiest way to see the current Spark UI address from inside the notebook, especially if the app isn’t showing up in the browser?",5b1d465332
"If I’m using a VM and Spark UI doesn’t show my actions, do I need to forward a different port or maybe connect to another Spark session?",5b1d465332
How do I connect PySpark to BigQuery using the Spark BigQuery connector?,b3bb998ae2
What do I need to add to my SparkSession so PySpark can read from BigQuery?,b3bb998ae2
Which BigQuery connector jar should I use for Spark and Scala 2.12?,b3bb998ae2
Why does PySpark download the BigQuery connector from Maven Central on the first run?,b3bb998ae2
How do I set up service account credentials so Spark can access BigQuery?,b3bb998ae2
"Why does the `control-center` container in my `docker-compose.yaml` fail to start, and what should I check in the compose file?",94ccf8c158
I’m on Mac Monterey and Docker won’t launch the Kafka `control-center` image — what can I do to fix it?,94ccf8c158
Could old Docker containers be blocking `control-center` from starting even if `docker ps` doesn’t show them?,94ccf8c158
What settings in `docker-compose.yaml` are worth reviewing when `control-center` keeps failing to run?,94ccf8c158
"If restarting the Kafka stack doesn’t help, is there something in Docker Desktop I should clean up first?",94ccf8c158
"Why am I getting ""Module 'kafka' not found"" when I run `producer.py` in the streaming module?",a1ea959c7e
How do I set up a virtual environment so `producer.py` can find the Kafka package?,a1ea959c7e
What should I install before running the Python producer file from the local machine?,a1ea959c7e
Do I need to activate an env and install `requirements.txt` for the Kafka producer example?,a1ea959c7e
Is there anything I need to start in Docker before executing `producer.py`?,a1ea959c7e
Why am I getting ModuleNotFoundError: No module named 'avro' when I use confluent-kafka?,0a441d9976
How do I install Avro support for confluent-kafka in my project?,0a441d9976
Do I need a special extra package to make confluent-kafka work with Avro?,0a441d9976
What’s the right pip or uv command if confluent-kafka can’t find avro?,0a441d9976
I installed confluent-kafka but avro is still missing — what am I supposed to add?,0a441d9976
"What is Redpanda used for in streaming setups, and how is it different from Kafka?",f2a0d0c3f0
Why would someone choose Redpanda instead of Kafka for a data pipeline?,f2a0d0c3f0
Can you explain what Redpanda does and why it's considered low-latency?,f2a0d0c3f0
"Is Redpanda basically a Kafka alternative, or does it work in a different way?",f2a0d0c3f0
"What’s the main purpose of Redpanda in Module 7 streaming, and what makes it fast?",f2a0d0c3f0
Why do I get a Negsignal:SIGKILL error when I’m converting a big data file to parquet in Docker?,b943770904
Could the container be running out of memory if a CSV around 800MB fails during parquet conversion?,b943770904
What’s the best way to handle large files in Pandas so the parquet export doesn’t crash?,b943770904
Should I split the input into chunks and write multiple parquet files instead of one huge file?,b943770904
How can I fix Docker memory issues when processing large datasets for parquet output?,b943770904
Where can I find the missing rides.csv file for the streaming module?,dcdd7eda4d
"If resources/rides.csv isn’t there, what file should I copy and from where?",dcdd7eda4d
Is there an example location for rides.csv in the Java Kafka code?,dcdd7eda4d
What should I do when the rides.csv resource is missing in Module 7?,dcdd7eda4d
Can someone point me to the rides.csv used in the Java example?,dcdd7eda4d
The Python Kafka videos sound really low for me—what’s the easiest way to make them clearer?,348f696873
Is there a way to boost the volume of the streaming lectures besides just turning my speakers up?,348f696873
What should I do if the Python videos are hard to follow because the audio is too quiet?,348f696873
Can I improve the sound of the course videos by downloading them and using a different player?,348f696873
"Do the YouTube captions help with the low-audio Python lectures, and how do I use them?",348f696873
Where does the rides.csv file used by producer.py come from?,759b5d80ec
Is there a link to download the Rides CSV file for the Kafka Python videos?,759b5d80ec
I can't find any explanation for rides.csv in Module 7—where is that data file located?,759b5d80ec
"What dataset are the Python producer.py examples using in the streaming section, and where can I get it?",759b5d80ec
Can someone share the raw rides.csv file used in the Kafka Python videos?,759b5d80ec
Why am I getting kafka.errors.NoBrokersAvailable when I try to connect to Kafka?,ea9c96ab72
How can I check if my Kafka broker container is actually running?,ea9c96ab72
What should I do if Kafka says no brokers are available?,ea9c96ab72
Do I need to start Docker Compose again if my Kafka container isn’t up?,ea9c96ab72
What command do I use to bring up all the Kafka containers in the compose file?,ea9c96ab72
"In the Kafka homework Q3, which scaling option should I focus on if I want the one that best supports scaling concepts?",443b9afd04
"For the streaming module Kafka exercise, is the right idea to think about scaling from the consumer side?",443b9afd04
"When comparing the options in Q3, which one is considered more about horizontal scaling?",443b9afd04
How should I interpret the scaling question in Kafka homework Q3 — is it about consumers scaling out?,443b9afd04
"In Module 7 streaming homework, what kind of scaling is the question really pointing to in Q3?",443b9afd04
"Why am I getting a docker compose error that says pull access denied for spark-3.3.1, and how do I fix it?",664833c280
Do I need to build the Spark and Jupyter Docker images myself before running compose in Module 7?,664833c280
What should I do if Docker says the spark-3.3.1 repository doesn't exist or I don't have access to it?,664833c280
"In the Spark folder, is there a command I should run before docker compose so the images are available?",664833c280
"Why can't docker compose find the Spark image, and what's the proper build step to resolve it?",664833c280
"Why am I getting a './build.sh: Permission denied' error when running the Python Kafka setup, and how do I fix it?",e821d8fe04
I’m in /docker/spark and build.sh won’t run because of permission denied — what should I do?,e821d8fe04
How can I make build.sh executable so the Python Kafka build command works?,e821d8fe04
What’s the quickest way to resolve the Permission denied issue for ./build.sh in the Spark directory?,e821d8fe04
"Do I need to change file permissions for build.sh before running the Kafka lab, and what command should I use?",e821d8fe04
Why am I getting KafkaTimeoutError: Failed to update metadata after 60.0 secs when I run stream-example/producer.py?,b2c1c1d0ec
Has anyone fixed the KafkaTimeoutError in Python Kafka by restarting the stack?,b2c1c1d0ec
What should I do if producer.py in stream-example keeps timing out while updating Kafka metadata?,b2c1c1d0ec
Is there a quick way to resolve the KafkaTimeoutError after running the streaming example?,b2c1c1d0ec
Do I need to restart Docker Compose to make the Kafka producer work again?,b2c1c1d0ec
Why does `./spark-submit.sh streaming.py` die with `All masters are unresponsive` and `Cannot call methods on a stopped SparkContext`?,477104b863
"Do I need to downgrade PySpark to 3.3.1 for the streaming exercise, or can I keep a newer local version?",477104b863
How can I check whether my local Spark/PySpark version matches the one in the Docker image?,477104b863
What should I change in `build.sh` if `spark-submit --version` shows a different Spark version?,477104b863
Where should I look in the Docker logs to confirm that the version mismatch is what’s breaking the Spark master connection?,477104b863
How can I check why my Spark master connection is failing when I run `./spark-submit.sh streaming.py`?,e7015b4263
What’s the easiest way to open the `spark-master` container and look at its logs?,e7015b4263
Where do I find the Spark master error log after the connection fails?,e7015b4263
How do I inspect the running Docker containers before debugging a Spark submit issue?,e7015b4263
"If Spark can’t connect to the master, how can I trace the exact error time in the logs?",e7015b4263
Why does my `spark-submit` for `streaming.py` fail with `Py4JJavaError` when creating `JavaSparkContext`?,0e8bce921a
How can I check whether my Java version is the cause of the Kafka/Spark streaming error?,0e8bce921a
"What Java versions are supported for this Spark streaming assignment, and how do I verify what I have installed?",0e8bce921a
"I already have Java 11 installed, but Spark still errors out — how do I force it to use the right one?",0e8bce921a
What should I set `JAVA_HOME` to if I need Spark to run with a specific Java 11 version?,0e8bce921a
Why does my `<project_name>-1.0-SNAPSHOT.jar` still say `package xxx does not exist` even though I already ran `gradle build`?,d01cbfa9cb
Do I need to create a shadow jar for the Java Kafka project so the `build.gradle` dependencies actually get bundled in?,d01cbfa9cb
What `build.gradle` change is needed to make the final JAR include all the libraries instead of missing classes?,d01cbfa9cb
Should I run `gradle shadowjar` instead of a normal build when the JAR can't find the Kafka dependencies?,d01cbfa9cb
"Which jar file should I run after building, since `<project_name>-1.0-SNAPSHOT.jar` seems to miss the installed dependencies?",d01cbfa9cb
What packages do I need to install before running the Python avro producer example in `06-streaming/python/avro_example/producer.py`?,2763850d3e
"Do I need both `confluent-kafka` and `fastavro` for the avro `producer.py` example, and how do I install them?",2763850d3e
How can I set up the dependencies for the streaming Python avro producer if I’m using `uv`?,2763850d3e
What’s the pip install command for the avro example producer script in Module 7 streaming?,2763850d3e
"After installing the dependencies, what’s the correct way to run `producer.py` for the avro example?",2763850d3e
"Is Faust still a good choice for the streaming part of the course, or is it basically outdated now?",2d274b7acd
Why does the course not recommend using Faust anymore?,2d274b7acd
"If I don’t know Java, what should I use for the streaming exercises instead of the Java examples?",2d274b7acd
Can I just follow the Python streaming files in the repo and use Kafka or Redpanda directly?,2d274b7acd
"Even if I skip the Java coding, is it still worth watching the Java streaming videos for the concepts?",2d274b7acd
How do I run the Java Kafka producer from the terminal in this project?,5ca6890c1a
What command should I use to start the consumer or KStreams app with the built JAR?,5ca6890c1a
Where exactly should I run the java -cp command for the Kafka examples?,5ca6890c1a
How do I launch JsonProducer.java in the terminal after building the project?,5ca6890c1a
What’s the full terminal command to run a Java Kafka app from the project folder?,5ca6890c1a
My Java Kafka producer keeps throwing an Authentication failed / SaslAuthenticationException error — what should I check first?,cd8a62fc55
I run JsonConsumer.java and it just keeps printing RESULTS:::0 with no data; could the server URL be wrong?,cd8a62fc55
"When my Java producer/consumer scripts in src/main/java/org/example don’t send or receive anything, do I need to update the bootstrap servers setting?",cd8a62fc55
JsonProducer.java works locally but fails on the cluster with an execution exception — is this usually a bad cluster key or secret in Secrets.java?,cd8a62fc55
"Why would my Kafka Java scripts connect but still show no messages, and which config files are the ones I need to fix?",cd8a62fc55
"In VS Code, my Java Kafka tests don’t show the little run triangle next to each test method. How do I get those test icons back?",d039adfb76
"Why are my Java test methods not being picked up in VSCode, and what workspace cleanup fixes it?",d039adfb76
"I can run Python tests fine, but Java tests in VS Code don’t appear the same way. Is there a way to reset the Java project view?",d039adfb76
What should I do in VS Code if the JAVA PROJECTS section seems broken and my Java tests are not detected?,d039adfb76
"After opening my Java files in VS Code, the test arrows are missing. Is there a clean workspace or reload step I need to use?",d039adfb76
Where do I find the schema registry URL in Confluent Cloud?,30fbb4f5b8
"In Confluent Cloud, which menu or page shows the Schema Registry endpoint?",30fbb4f5b8
How can I locate the schema registry URL for my Kafka setup on Confluent Cloud?,30fbb4f5b8
Where is the Endpoint for Stream Governance API in Confluent Cloud?,30fbb4f5b8
"After opening my environment in Confluent Cloud, where do I get the schema registry URL and credentials?",30fbb4f5b8
How can I verify which Spark version is installed on my machine before running the project in Docker?,663c1e915e
Where do I change the Spark version so the local setup and the container use the same one?,663c1e915e
What command should I use to see my local Spark version and compare it with the one in the build script?,663c1e915e
"If my PySpark install doesn’t match Spark in the container, what file or setting should I update?",663c1e915e
How do I make sure the Spark version in build.sh and my pip-installed PySpark are compatible with my local Spark?,663c1e915e
How do I get rid of the error ModuleNotFoundError: No module named 'kafka.vendor.six.moves'?,7c3cf3b8fc
What package should I install instead of kafka-python if that kafka vendor six moves error shows up?,7c3cf3b8fc
Is there a fix for the kafka.vendor.six.moves import problem in Module 7 streaming?,7c3cf3b8fc
"Why am I seeing ModuleNotFoundError for kafka.vendor.six.moves, and what should I use now?",7c3cf3b8fc
What’s the recommended pip install command when kafka-python breaks with the six.moves error?,7c3cf3b8fc
How can I turn off Kafka auto commit so I can manage offsets myself?,cef28035ac
What’s the usual way to commit a Kafka message offset only after processing succeeds?,cef28035ac
Why would someone disable enable_auto_commit in a Kafka consumer?,cef28035ac
"If my consumer crashes before commit, will Kafka read that message again?",cef28035ac
Can you show a simple Python example of manual offset commits in Kafka?,cef28035ac
Why does my PyFlink session window job blow up with the message about declaring a primary key for the sink table when the query has update/delete records?,e08b9c753f
What is causing the JDBC sink to fail in a session window aggregation before the window closes?,e08b9c753f
"Do I need a primary key on the sink table for session window results in Flink, and if so, what should it be based on?",e08b9c753f
Why are session window aggregations sending update records to the sink instead of only final inserts?,e08b9c753f
How should I define the sink table key so Flink can write session window output without the primary key error?,e08b9c753f
Why is my Flink tumbling window job running fine but the PostgreSQL sink still shows zero rows?,29e617a947
"In event-time windows, do results only get written after the window closes and the watermark moves past the end?",29e617a947
Could the PostgreSQL table be empty just because I checked it too early while the streaming job was still processing?,29e617a947
What makes a tumbling window output appear in the sink only after some time instead of immediately?,29e617a947
"If the job is successful but the sink table is blank, should I wait for the watermark to advance before querying PostgreSQL?",29e617a947
Why is my PyFlink streaming job crashing with a JSON deserialize error from Kafka/Redpanda records?,6b4bd387cf
"Could NaN values in my taxi data be breaking the Flink JSON parser, and if so how?",6b4bd387cf
What’s the right way to clean records before sending them to Redpanda so Flink can read them?,6b4bd387cf
Should I replace NaN with null or some default number before serializing to JSON?,6b4bd387cf
How can I check that the message I’m producing is actually valid JSON before the stream job consumes it?,6b4bd387cf
How can I check which Kafka messages a consumer group has already processed and see the lag?,c0e1671b46
Is there a way to look at every message in a Kafka topic from the start without picking an offset?,c0e1671b46
"How do I read messages beginning at a certain Kafka offset, like offset 25, for just one partition?",c0e1671b46
"What do CURRENT-OFFSET, LOG-END-OFFSET, and LAG mean when I run kafka-consumer-groups?",c0e1671b46
"Why would I inspect messages around a Kafka offset when a stream job breaks, and which tool is best for that?",c0e1671b46
"In a Flink streaming job, what usually causes backpressure, and why can it make the job memory usage keep growing?",b7e9d1c052
What are the best ways to reduce backpressure in Flink without just guessing at random settings?,b7e9d1c052
"If I raise Flink parallelism, do I also need to change Kafka topic partitions for it to actually help?",b7e9d1c052
How can I tell from Flink metrics or the Web UI where the streaming pipeline is getting stuck?,b7e9d1c052
"In PyFlink, what’s the simplest way to set parallelism, and is it better to increase it slowly or all at once?",b7e9d1c052
How can I consume from a few Kafka topics in one Spark session without mixing them up?,ce77e05d24
"Do I need a separate Spark session for each streaming topic, or can I reuse one session?",ce77e05d24
What’s the basic pattern for creating several readStream queries and starting them together in Spark?,ce77e05d24
"Why does awaitAnyTermination work for multiple streaming queries, and when should I use it instead of awaitTermination()?",ce77e05d24
"I only have one topic right now, but if I add more later, how should I structure the Spark streaming code?",ce77e05d24
How will my capstone project get graded in the end?,ab1b812541
Who is supposed to review the project I submit for the capstone?,ab1b812541
Do I also need to grade other students' projects for the project part?,ab1b812541
What happens if I don't do the required peer reviews for the project?,ab1b812541
How is the final score for the project calculated from the reviews?,ab1b812541
"Is teaming up allowed for the capstone project submission, or do we have to do it solo?",5a491cd847
"Can I work together with classmates on the final capstone, or is that against the rules?",5a491cd847
"For the capstone submission, are we allowed to collaborate with other students?",5a491cd847
"Can I ask classmates for feedback and share ideas while working on the capstone, even if submission has to be individual?",5a491cd847
"Is it okay to discuss my capstone project with others in Slack or the forums, as long as I submit my own work?",5a491cd847
"Do I need to make two separate projects for Project 1 and Project 2, or is there just one project in this Zoomcamp?",5c5321c295
What does the second attempt actually mean for the project — is it another project or just another chance to pass?,5c5321c295
"If I miss the first project deadline because of holidays or being sick, can I submit in the second attempt instead?",5c5321c295
"For project review, do reviewers always re-run the whole thing, or can they just inspect the code and instructions for mistakes?",5c5321c295
Where can I find the steps for getting the course certificate after finishing the project?,5c5321c295
Where can I find a list of datasets for the project?,2220285e58
Is there a good place to look for bigger datasets to use in the project?,2220285e58
Do you have any recommended dataset sources I can check out?,2220285e58
I need a relatively large dataset for the project — where should I look?,2220285e58
Can someone point me to the dataset list for this course project?,2220285e58
What's the recommended way to get transformed data from Databricks into Azure SQL DB?,1c7bfa9357
"Can I push the output directly from Databricks to Azure SQL Database, or do I need an intermediate step?",1c7bfa9357
Should I first land the transformed data in Azure Blob Storage before loading it into Azure SQL DB?,1c7bfa9357
Is it okay to skip Azure Blob Storage and write straight from Databricks to Azure SQL DB?,1c7bfa9357
"For this project, is the expected flow Databricks -> Blob Storage -> Azure SQL DB?",1c7bfa9357
"Can I trigger a dbt Cloud job from Airflow if I only have the trial dbt account, or do I need something extra set up first?",c81e613d5a
What’s the usual way to run dbt jobs in Airflow — is it through an operator that hits the dbt API?,c81e613d5a
"If I want Airflow to launch a dbt job, what details do I need to configure, like API key or job ID?",c81e613d5a
"Is it okay to store the dbt API key and job ID in my DAG code, or should I keep them out of GitHub somehow?",c81e613d5a
Does the course have an example showing how to connect Airflow with dbt Cloud and call the API?,c81e613d5a
"How do I set up Airflow to run DataProc jobs in a project, and what docs should I check first?",ec1001476f
Which IAM roles does my service account need so Airflow can work with DataProc clusters?,ec1001476f
"What Airflow operators are usually used for creating, submitting jobs to, and deleting a DataProc cluster?",ec1001476f
Why do I need to add the BigQuery connector when using the PySpark submit operator with DataProc?,ec1001476f
What jar path should I include if I want DataProc to talk to BigQuery from Airflow?,ec1001476f
What is Azure Key Vault actually used for in a cloud setup?,ec5e405fa6
How do I keep SQL database passwords or other secrets out of my code in Azure?,ec5e405fa6
Can Key Vault store things like credentials and passwords for different Azure tools?,ec5e405fa6
Why would I use Azure Key Vault instead of putting secret values directly in my services?,ec5e405fa6
How does naming a secret in Key Vault help when other Azure services need to use it?,ec5e405fa6
How do I get a dbt-core project running as an Airflow task group in Cloud Composer with a service account JSON key?,e839b64165
What do I need to install in Composer to use dbt as a Task Group?,e839b64165
Where should I put my dbt project files inside the Composer bucket so Airflow can see them?,e839b64165
How should my profiles.yml be set up if I want dbt to authenticate with a service account file?,e839b64165
How do I create the Airflow DAG with Cosmos so the dbt tasks show up inside a group?,e839b64165
How can I make uv already available in Kestra so I don’t have to install it every time a flow runs?,13c4d27a91
What’s the easiest way to build a custom Kestra image with uv included before running my flows?,13c4d27a91
Can I change my docker-compose setup so Kestra uses my own image with uv preinstalled?,13c4d27a91
How do I set up a Dockerfile for Kestra that adds uv once instead of reinstalling it on every execution?,13c4d27a91
Is there a way to have uv ready inside the Kestra container at runtime without installing it inside each flow?,13c4d27a91
"Can I use the NY Taxi dataset for the course project, or is that not allowed?",c0c68e1ee8
Is the NY_Taxi data acceptable for my project submission?,c0c68e1ee8
Would it be okay to build my project using NY Taxi data?,c0c68e1ee8
Am I allowed to use NY_Taxi as the dataset for the project?,c0c68e1ee8
"For the project, can I choose NY Taxi data, or should I pick something else?",c0c68e1ee8
Can I run dbt-core with AWS Athena if I don’t use dbt Cloud?,df38a5d809
What adapter do I need to connect dbt Core to Athena?,df38a5d809
Does dbt-Athena work for creating tables and views in Athena?,df38a5d809
Are Python models supported when using the dbt Athena adapter?,df38a5d809
Can I keep documentation saved for views with dbt Core on Athena?,df38a5d809
"For the dlt homework, can I use my own editor, or do I need a specific setup?",d7abe28e77
What is the easiest way to work on the dlt homework if I want the least hassle?,d7abe28e77
"Is the Colab notebook enough for the dlt assignment, or do I need to run everything locally?",d7abe28e77
Where should I start if I want a head start on the dlt homework tasks?,d7abe28e77
"As long as I can run dbt and answer the questions, does it matter which environment I use?",d7abe28e77
What packages do I need to install before I can run the workshop code in a notebook or locally?,122d2b0aed
How do I install the right dlt package in Jupyter so the example actually works?,122d2b0aed
"If I'm running this on my machine, do I need to install duckdb first or is dlt[duckdb] enough?",122d2b0aed
What's the correct pip command for setting up the dependencies for this workshop?,122d2b0aed
I keep getting errors when loading duckdb — what should I install before running the code?,122d2b0aed
What extra packages do I need if I’m running the starter notebook in a fresh Codespace or new local venv?,ee564fdf82
Which pip install command should I use to get everything needed for the workshop notebook?,ee564fdf82
"Do I need to add duckdb, pandas, numpy, and pyarrow myself before opening the teacher’s Jupyter notebook?",ee564fdf82
"Can I use a requirements.txt for the missing dependencies, and what should it include?",ee564fdf82
"Is pyarrow required for the notebook, or is it only needed when I want Parquet support?",ee564fdf82
How do I make DLT save the Parquet output to my own folder instead of my C drive?,5b5d82a924
"In the workshop notebook, why does changing the path still keep writing files to C:\, and what should the bucket URL look like?",5b5d82a924
"For the merge-generator exercise, what total number of records should I get after loading, and what value should ID 3 have?",5b5d82a924
The sum of all ages looks too high — do I need to ignore rows where occupation is None first?,5b5d82a924
What does the filesystem bucket URL need to include when I want to store DLT output in a local directory?,5b5d82a924
Why am I getting an import error when I try to use dlt or dlt.sources in my script?,27fa940238
Could a local file name be causing problems when I import dlt modules?,27fa940238
What should I check if dlt won’t import even though it’s installed?,27fa940238
Is there a naming conflict that breaks imports for dlt.sources?,27fa940238
How do I fix the issue where Python can’t find the dlt package in my project?,27fa940238
How do I connect a Google Colab notebook to BigQuery using a service account key?,4ecc97beb5
Where in Colab should I store the BigQuery credentials so the notebook can use them?,4ecc97beb5
"What env var do I need to set for BigQuery auth in Colab, and how do I load it from a secret?",4ecc97beb5
Can I keep my Google Cloud key in Colab secrets and use it for BigQuery access?,4ecc97beb5
What's the code to pull a Colab secret and assign it for BigQuery credentials?,4ecc97beb5
How can I configure dlt credentials locally if I’m not using Google Colab?,d2add610e3
What’s the easiest way to pass secrets to dlt without putting them in my code?,d2add610e3
Should I use .dlt/secrets.toml or environment variables for dlt setup?,d2add610e3
Where do I put Google Cloud service account credentials for dlt in a project?,d2add610e3
Can dlt load credentials from something like AWS Parameter Store or a vault?,d2add610e3
How do I make DLT use the XDG data directory on my machine?,1075e9e2b6
What environment variable do I need to set so DLT follows the XDG Base Dir spec?,1075e9e2b6
Where should I put the DLT data path in my shell config for Bash or Zsh?,1075e9e2b6
How can I configure DLT in Fish shell to use $XDG_DATA_HOME/dlt?,1075e9e2b6
Is there a way to point DLT data storage to the XDG data home with an env var?,1075e9e2b6
How do I plug a dlt pipeline into an Airflow DAG without making it too complicated?,f48b484cd4
What’s the basic PythonOperator setup for running dlt in Apache Airflow?,f48b484cd4
Can you show a simple Airflow example that calls a dlt pipeline function each day?,f48b484cd4
How should I configure the pipeline name and destination when using dlt inside Airflow?,f48b484cd4
What do I need to change in the dlt-Airflow example if I’m not using duckdb as the database?,f48b484cd4
How can I run a dlt pipeline inside a Kestra workflow using Python commands?,eaae17dfea
What’s the simplest Kestra task setup to execute my dlt ingestion code?,eaae17dfea
How do I import my own dlt function and trigger it from a Kestra script task?,eaae17dfea
Can you show a Kestra YAML example for loading data with dlt into DuckDB?,eaae17dfea
What should the pipeline_name and dataset_name look like when embedding dlt in Kestra?,eaae17dfea
Why are my dlt exports on GCS not easy to read in BigQuery when I use the filesystem destination?,7be69bdcb4
"I’m exporting with dlt and BigQuery can read Parquet fine, but JSONL/CSV files are failing — do I need to turn off compression somewhere?",7be69bdcb4
What config do I need to add in dlt if I want filesystem exports to stay uncompressed so BigQuery can read them directly?,7be69bdcb4
"Does dlt compress files by default for filesystem destinations, and can that cause problems with loading them into BigQuery?",7be69bdcb4
"If I use `loader_file_format = ""parquet""`, do I still need to worry about dlt’s default file compression, or is that only an issue for JSONL and CSV?",7be69bdcb4
What does dlt do when the source gets a new field or column during ingestion?,3a53549d08
"If a column disappears from the API or JSON, does dlt remove it from the table too?",3a53549d08
How does dlt deal with a column whose type changes between runs?,3a53549d08
Do I need to manually update my tables or write DDL whenever the schema changes in dlt?,3a53549d08
Where does dlt keep track of the current schema so it can compare it on the next run?,3a53549d08
When should I pick `rest_api_source({...})` instead of writing a `@dlt.resource` in dlt?,0655c8c637
"Is `rest_api_source({...})` just a simpler setup, or does it behave differently from `@dlt.resource`?",0655c8c637
"If an API has weird pagination or changing response fields, would `@dlt.resource` be the better choice?",0655c8c637
Do `rest_api_source({...})` and `@dlt.resource` go through the same pipeline steps when I run them?,0655c8c637
Which one is better for a standard REST API with normal params and selectors: `rest_api_source({...})` or `@dlt.resource`?,0655c8c637
How can I add the dlt MCP server to VS Code step by step?,cbeb6f678b
What command do I need to run when setting up the dlt MCP server in VS Code?,cbeb6f678b
"After adding the dlt MCP server, how do I check that it’s actually running?",cbeb6f678b
"If the dlt server shows as stopped in VS Code, how do I start it again?",cbeb6f678b
"When I run `dlt init dlthub:taxi_pipeline duckdb`, which agent should I pick so Copilot works with the MCP server?",cbeb6f678b
How should I loop through a REST API that uses page numbers so I don’t miss data?,a01ea88b00
"Is it okay to start pagination from page 0, or should I begin with page 1?",a01ea88b00
What should I do in my pagination code when the API finally returns an empty list?,a01ea88b00
How can I quickly check manually whether an endpoint really starts at page 1?,a01ea88b00
"If the API uses a different paging style or parameter name, do I need to change the logic?",a01ea88b00
"Why does dlt change my column names to lowercase snake_case, and what name should I use in my SQL query?",9950018686
I’m getting a referenced column not found error after loading with dlt — is it because the original mixed-case column got renamed?,9950018686
How can I check the exact column names in a dlt table before writing my SELECT?,9950018686
"Can I still query a column like Trip_Pickup_DateTime, or do I need to use the normalized version instead?",9950018686
What’s the easiest way to confirm the schema and avoid using the wrong table or column name in dlt?,9950018686
"Why would a field disappear from my dlt table after loading an API response, especially if that field is always null in that batch?",53f31cd33c
How do I make dlt create columns for API fields that come back empty or all nulls in one run?,53f31cd33c
Is there a way to force a schema for dlt so optional fields like rate_code or mta_tax still show up?,53f31cd33c
What should I do if dlt skips some response fields because it can't figure out their type from the data?,53f31cd33c
Can I fix missing columns in a dlt pipeline by adding type hints or default values before loading?,53f31cd33c
How can I create the AGENTS.md file for Codex when using dlt?,7b3f0193ec
"What command do I run in dlt to set up Codex support, and why do I need to rename the file afterward?",7b3f0193ec
I tried setting up Codex in dlt and got AGENT.md instead of AGENTS.md — what should I do?,7b3f0193ec
"Is there a dlt command that generates the Codex agent file automatically, or do I have to rename it myself?",7b3f0193ec
"After running dlt ai setup codex, which file gets created and how do I make it compatible with Codex?",7b3f0193ec
Do I have to pay for any data source or platform to follow this course?,b043d949b7
Will I need a paid GCP account for the assignments or projects?,b043d949b7
Are the stock market data tools in the course free to use?,b043d949b7
Can I complete the course without subscribing to any paid service?,b043d949b7
"Is paid market data optional, or do I need it for the lessons?",b043d949b7
"Can I take this stock markets analytics course if I don't have a finance background at all, or will I be lost from the start?",6f669a2215
"How much finance knowledge do I really need before starting this course, and is it okay to learn the terms as I go?",6f669a2215
"Is the course actually beginner-friendly for someone without finance experience, or should I study some basics first?",6f669a2215
What are the best free resources to quickly learn finance terms and concepts while doing the course?,6f669a2215
"If I’m new to finance, what’s the best way to approach the course so I don’t get overwhelmed?",6f669a2215
My Python and Pandas are pretty weak right now — what should I focus on to get ready for this course?,7bfc53f542
What’s the best way to get better at Pandas before taking this stock markets course?,7bfc53f542
Are there any good resources for learning Python and time-series Pandas for this course?,7bfc53f542
"Should I avoid row-by-row Pandas code like iterrows in this class, and what should I use instead?",7bfc53f542
"What Python/Pandas topics matter most here if I want to handle data fetching, DataFrames, and time series?",7bfc53f542
"Is it okay to do this course in Excel only, or do I really need Python and notebooks?",90062f321b
Why isn't Excel a good choice for the kind of data and analysis used in this course?,90062f321b
Can I skip Python if I'm just starting out and use spreadsheets instead?,90062f321b
What should I learn first if I don't know Python yet but want to follow this course properly?,90062f321b
"Does this course expect code for things like prediction, simulations, and repeatable work?",90062f321b
Where can I find the recommended books for this course?,e5c6668dbd
Is there a beginner-friendly book I should read first before the harder stuff?,e5c6668dbd
What book would you suggest if I want an easy introduction to quantitative finance?,e5c6668dbd
Which books are best if I want the more math-heavy or rigorous side?,e5c6668dbd
Do the course materials mention where the pre-read or book recommendations are listed?,e5c6668dbd
How many hours does it usually take to get to the first project attempt in this course?,01bf6df31b
What’s the average time commitment before I can try the first project?,01bf6df31b
"Roughly how long do students need to reach the first project, especially if they’re new to the topic?",01bf6df31b
"Is the first project something you can get to in about 20 to 30 hours, or does it usually take longer?",01bf6df31b
How much time should I budget before I’m ready to attempt the first project?,01bf6df31b
Does each module come with a Colab notebook I can just copy and run right away?,0866dcac1e
Will I get any starter code or boilerplate to help me build my own strategy?,0866dcac1e
"Are the code and data included at the end of every module, or do I need to set them up myself?",0866dcac1e
Can I use the notebook from each lesson as a base and tweak it for my own trading idea?,0866dcac1e
Is there enough example code in the course to start building a strategy without starting from scratch?,0866dcac1e
What tools do we actually use in this course for the projects and exercises?,b7e18ac122
"Do I need any special tech stack before starting, or is it mostly just Colab?",b7e18ac122
At what point do we stop using Google Colab and switch to VS Code and Python?,b7e18ac122
"How advanced is the Python in this course, or does it stay pretty basic?",b7e18ac122
"Will the course go into a bunch of extra tools, or is it mostly just the Python it teaches?",b7e18ac122
"Does this course actually teach news and sentiment analysis for trading, or is it just mentioned in passing?",90dc81f376
"Why is it so hard to use news data in a real trading strategy, especially if I want a long history of articles?",90dc81f376
"Can LLMs be used to make reliable trading signals from financial news, or are they mostly just useful for summarizing?",90dc81f376
How much portfolio optimization is covered in the course — is it a main topic or only a small part?,90dc81f376
"If I want to try news, sentiment, or LLM-based ideas in my project, are there any examples or resources I should look at?",90dc81f376
"Can I use this stock market approach for crypto or forex too, or is it only for stocks?",c95ce6566b
"Does the course method also apply to ETFs, commodities, and non-US stocks?",c95ce6566b
"If I want to try this on other assets, will I need different data sources or models?",c95ce6566b
How well does this approach work for futures and options compared with regular stocks?,c95ce6566b
"Are derivatives like futures and options covered too, or are they too hard because of data and extra features?",c95ce6566b
"Do I need any stats background before starting this course, or is Python enough?",f6cae4f09b
"Is trading experience required to follow the lessons, or can a beginner keep up?",f6cae4f09b
How much finance knowledge do I need for this analytics course?,f6cae4f09b
What are the actual prerequisites for this course besides Python?,f6cae4f09b
"Will the course go deep into statistical models, or just cover the basics?",f6cae4f09b
"Will this course actually make me a profitable trader, or is that not something it can promise?",cd627dc856
"Can I expect to get rich quickly from this course, or is it more of a long-term thing?",cd627dc856
"Does the course guarantee that I'll end up with a profitable trading bot, or is that too hard to promise?",cd627dc856
"If I take this course, will I be able to trade meaningfully without having my own money to start with?",cd627dc856
How realistic is it to think this course alone will make me consistently profitable in trading?,cd627dc856
Will I have enough skills to start doing my own stock analysis and investing as a beginner?,29624dbc59
"Can I use the course notebooks as a starting point for my own analysis, or do I need to build everything from scratch?",29624dbc59
"If I copy a Colab notebook, can I run it with my own account and change the settings for different markets or companies?",29624dbc59
Is this course enough to help a beginner feel ready to begin personal investing and analysis?,29624dbc59
Do the Colab notebooks make it easier to customize stock analysis for my own use?,29624dbc59
"Does this course actually teach both technical indicators and fundamental analysis, or is it mostly just technical stuff?",365688f181
Will we be generating technical indicators from API market data in the course?,365688f181
"Do you also cover any fundamental features like EPS, or is that not included?",365688f181
"Is it possible to get a long history of fundamental data for free, or do I need a paid source?",365688f181
"If free fundamental data is limited, do you expect us to build a script to collect a longer history ourselves?",365688f181
"How much did the instructor make with his algorithmic trading strategy, and over what time period was that?",dc0d83d8cc
"Did his trading beat the market, or was it just about the same as market growth?",dc0d83d8cc
"How much of his portfolio was he day-trading, and how long did he usually keep a position before selling?",dc0d83d8cc
"Did he measure things like Sharpe ratio, and were trading fees a big drag on the returns?",dc0d83d8cc
Is that algorithmic strategy still running and making money today?,dc0d83d8cc
"Do I need to open a broker account before starting this course, or can I skip it?",e9e1f4d1f7
Is a broker account required just to follow along with the lessons?,e9e1f4d1f7
Will I need an active brokerage account for the exercises in this course?,e9e1f4d1f7
Can I take the stock markets analytics course without signing up with a broker?,e9e1f4d1f7
"At what point would I actually need a broker account in this course, if at all?",e9e1f4d1f7
"Does it matter if I use Revolut, Charles Schwab, or Interactive Brokers for this course?",20f09abce3
"If I only have Revolut, will that be enough, or should I get a real broker for more stocks?",20f09abce3
What’s the main difference between a banking app and a broker when buying stocks for the course?,20f09abce3
How do I decide between Schwab and Interactive Brokers if I want access to more markets?,20f09abce3
"Can I use any broker I already have, or are there cases where one choice is better than another?",20f09abce3
"Do we get a real certificate after finishing the course, and what does it include?",72e01504df
Will the completion certificate be a PDF with my name on it?,72e01504df
Is the certificate actually a university credential or just a course certificate?,72e01504df
Can employers or traders verify my work somehow besides the certificate?,72e01504df
"If I finish the projects, will there be public proof of my work for people to review?",72e01504df
"Does this course only cover short-term trading, or can I use it for long-term investing too?",ddcd94b468
"Can I build my own strategy with any timeframe, like intraday or multi-year, or is it limited somehow?",ddcd94b468
"Is there a recommended holding period for the projects, or can we choose whatever horizon we want?",ddcd94b468
Do you teach high-frequency trading or live streaming setups in this course?,ddcd94b468
What kind of trading strategy does the course suggest if I want something easier to test?,ddcd94b468
What exactly is a quant in finance?,c3c3ae13e8
What does a quantitative analyst or researcher do?,c3c3ae13e8
"In the trading world, who usually gets called a quant?",c3c3ae13e8
Is a quant basically a market participant working in financial trading?,c3c3ae13e8
What kind of firms do quants usually work at?,c3c3ae13e8
"How much do trading commissions usually cost per contract, and how bad can they get if I trade a lot?",11e78ecf10
Do commissions really eat up a big part of profits when you make lots of trades?,11e78ecf10
"Is frequent trading worth it, or do the fees start wiping out the gains?",11e78ecf10
"What did the instructor mean about returns getting reduced by commissions, and how much was lost?",11e78ecf10
How can I avoid trading so much that commissions take a big chunk out of my results?,11e78ecf10
Does the course have any disclaimer about trading losses or risk?,231a3f0f05
Are the instructors responsible if I lose money using the strategies from the course?,231a3f0f05
Do you guarantee that I’ll make a profit after taking this course?,231a3f0f05
Will the course tell me exactly what stocks to buy or when to sell them?,231a3f0f05
"Are the teachers professional traders, and do they take any liability for trading results?",231a3f0f05
"Can I use this course stuff for Indian stocks only, or is it really just for US markets?",493a28420b
"Does the material work on non-US markets too, like local stocks in my country?",493a28420b
"If I want to build a project on Indian shares, is that okay with this course?",493a28420b
Why does the course mostly talk about big US stocks instead of other markets?,493a28420b
"When comparing stocks from different countries, do I need to convert everything into one currency like USD?",493a28420b
How does this course make sense if the efficient market hypothesis says nobody can really beat the market?,eef043a042
"If there are no guarantees of outperforming, what is this class actually trying to help us do?",eef043a042
"Do we use a benchmark in the course to judge performance, and can it be something like a local market or asset class?",eef043a042
Is the idea here to focus on growth versus a chosen benchmark instead of just chasing market-beating returns?,eef043a042
What happens in the course if your strategy is not showing profits anymore — do you just stop or switch benchmarks?,eef043a042
"Do I need advanced math for this course, or is basic school-level math enough?",b8c4d94988
How much math background should I have before starting this course?,b8c4d94988
"Will I need linear algebra, probability, or statistics for the course material?",b8c4d94988
"Is the math in this course mostly basic, or does it get into more complex stuff like ML models and simulations?",b8c4d94988
"If I want to understand the machine learning predictions better, what math topics should I review?",b8c4d94988
"Do you have any recommended books or papers for the theory behind the strategies, or is that out of scope for this course?",e5a8bd982a
"Will the course explain the academic background of the trading strategies, or is it mostly hands-on work?",e5a8bd982a
"If I want to learn the concepts behind the analysis and simulation methods, should I expect that to be covered here?",e5a8bd982a
"Does this class go into the underlying theory of trading, or should I study that separately?",e5a8bd982a
"Since the course is wide in scope, are we supposed to research the specific concepts on our own if we want the theory?",e5a8bd982a
"Does the instructor actually trade with ICT, SMC, trend lines, or divergence setups?",0bba7f27c2
"If those technical-analysis strategies aren’t used directly, are they still okay to build a capstone around?",0bba7f27c2
How are technical indicators used in the course if the instructor doesn’t rely on technical trading styles?,0bba7f27c2
Would it make sense to train a model on chart images instead of indicator features for something like ICT?,0bba7f27c2
"Are strategies like ICT basically just visual chart reading, and is there any real benefit to using images over indicators?",0bba7f27c2
"Is this course actually based on the PythonInvest basic financial analysis repo, or is it something new?",06facfe0a0
"Will the lessons follow the same code and structure as the PythonInvest repo, or not really?",06facfe0a0
"Do I need the PythonInvest repo to take this course, or is it just extra material?",06facfe0a0
"If the course is new content, why does it still mention PythonInvest articles and that repo?",06facfe0a0
"Is the PythonInvest repo just a reference for the course, or does it contain most of the code used in the articles?",06facfe0a0
Does this course actually go through academic papers or research on stock prediction?,73ccaee249
Why doesn't the class use research papers for the stock market stuff?,73ccaee249
"Are there any latest ML research topics covered in the course, or is it more practical?",73ccaee249
"If I find a paper I can reproduce, can I use it for my project?",73ccaee249
Is there any point in spending time trying to replicate stock market ML papers for this course?,73ccaee249
"Do I actually need a GPU for this course, or can I get by without one?",3be2bd2c2b
Will I be forced to use Colab GPU during the course work?,3be2bd2c2b
Is a GPU required for the models and projects in this course?,3be2bd2c2b
"Do the course exercises need heavy compute, or are they light enough to run on a normal laptop?",3be2bd2c2b
"When would I ever need a GPU in this course, and is it only for training bigger neural nets faster?",3be2bd2c2b
Does this course teach classic financial modeling like discounted cash flow valuation?,e4b0f56848
Are discounted cash flow methods or fair value estimation included in the curriculum?,e4b0f56848
Will we learn how to value a company using DCF in this class?,e4b0f56848
"If DCF modeling is not covered, what kind of financial statement data do we use instead?",e4b0f56848
Can I still analyze a company with financial statements even though long historical data is limited?,e4b0f56848
Where do I find the repo for the slides and code for this course?,265f497dea
Is there a link to the course repository somewhere in the announcements?,265f497dea
I keep missing the course materials — where are the slides and code posted?,265f497dea
How can I access the repo with all the course code and slides?,265f497dea
"Do you share the course repo in Telegram, Slack, or email?",265f497dea
Are the Zoom lectures recorded somewhere if I miss the live session?,caa21bebd2
Where can I find the lecture playlists on YouTube for this course?,caa21bebd2
Do you upload the current year and last year's classes into different playlists?,caa21bebd2
Is there a YouTube channel where all the live-streamed lessons are saved?,caa21bebd2
"Can I rewatch the course lectures later, and if so, where are they posted?",caa21bebd2
What should I be doing outside the course if I want to get a quant job later?,3a111b38f1
"Does this course itself help me land a quant role, or do I need more than that?",3a111b38f1
What do quant firms usually look for in candidates besides course projects?,3a111b38f1
Should I try trading my own money while taking this course if I want to work in quant?,3a111b38f1
"Are quant hiring processes mostly about math tests, or do they also check teamwork and communication?",3a111b38f1
"Do I need any time series background before starting this course, or can I learn it along the way?",e58c29db25
"Is prior knowledge of time series required, or is it just something that helps a bit?",e58c29db25
"If I’m weak on time series, what’s the best way to catch up before or during the course?",e58c29db25
"Was time series covered anywhere by the instructor, maybe in a workshop or extra project?",e58c29db25
Should I try to run the financial time-series workshop project myself to get the basics?,e58c29db25
Is it realistic to take this course and MLOps Zoomcamp at the same time if I have a full-time job?,3cb625f92a
"How many hours a week should I expect to spend on this course, including lectures and homework?",3cb625f92a
"If I'm already working 40 hours a week, how much extra time would both courses probably take me?",3cb625f92a
Has the course been made lighter or easier compared with before?,3cb625f92a
Does this course still include the more open-ended research-type homework questions?,3cb625f92a
"Is this course more about analytics and predictions, or is it mainly a coding course?",2c26baf6bd
Do I need to know advanced programming stuff like OOP or complex data structures before taking this course?,2c26baf6bd
"What level of coding skills are expected for this course, and is the coding part pretty basic?",2c26baf6bd
Is the course aimed at people with strong analytics/programming skills but only beginner trading knowledge?,2c26baf6bd
"Will the course teach me stock analysis and prediction methods, or is it mostly focused on building code?",2c26baf6bd
"Should I wait for the official launch, or can I begin the course materials right away?",bbf72858d3
Is it okay to use last year's GitHub repo to start studying before the new cohort begins?,bbf72858d3
"How much of the old recordings, slides, homework, and code is still relevant for this year?",bbf72858d3
Will starting with last year's materials help me understand the course better and prepare earlier?,bbf72858d3
Do you recommend brushing up on Python and Pandas before the course officially starts?,bbf72858d3
"Will this class actually cover tariff effects on the stock market, or is that outside the scope?",de0752307c
"If tariffs are too complex for the course, what kinds of market features should I use instead?",de0752307c
Can I bring in country or sector indices to model trade-related market moves in this course?,de0752307c
Would trade balance and exchange rates be acceptable inputs when I’m trying to account for tariff impacts?,de0752307c
"Is this more of a markets analytics course than an economics course, so macro trade policy isn’t really covered?",de0752307c
"How long does the whole course take from start to finish, including the final project?",57237525fa
"How many lectures are there in this course, and about how long is each one?",57237525fa
"Is there a big gap between lectures, or are they taught back-to-back each week?",57237525fa
"After the lectures end, how much time do we get to finish the capstone project?",57237525fa
What’s the usual course schedule like for this class overall?,57237525fa
"Is this a good first course for someone just starting out, or should I take something easier first?",2f24011861
What kind of career outcome or portfolio value does this investing course actually give you?,2f24011861
How hard is this course compared with the other courses in the program?,2f24011861
"Will I be able to finish this course quickly, or does it cover a lot of different topics?",2f24011861
Is this mainly meant to be a practical project for my portfolio rather than an intro course?,2f24011861
Do I need to finish the ML Zoomcamp before starting this one?,8723c83446
"Is the ML Zoomcamp a prerequisite, or can I join without it?",8723c83446
How much coding background should I have before taking this course?,8723c83446
Would a basic Python or analytics course be enough preparation for this Zoomcamp?,8723c83446
"Can someone with only some programming experience keep up, or do I need stronger coding skills first?",8723c83446
"Does the course actually compare a hand-made technical-indicator strategy with an ML model, or is it just one of them?",9fd5bae8e6
"If I use the same indicators, can a machine learning model really do better than simple rule-based trading?",9fd5bae8e6
Do we get to see whether ML predictions add anything beyond basic indicator rules in the course examples?,9fd5bae8e6
Is the course focused on testing if a model can outperform manually coded technical-indicator signals?,9fd5bae8e6
"When using technical indicators as features, does the model have a chance to beat straightforward trading rules?",9fd5bae8e6
Is there a Streamlit dashboard example from this course I can look at?,5ea7790727
Where can I find the Streamlit demo shown in the course webinars?,5ea7790727
"Did the course ever cover a Streamlit dashboard project, and is the link still available?",5ea7790727
"Which webinars showed the Streamlit dashboards, and are the repos posted somewhere?",5ea7790727
Can I see a live dashboard example from the course materials or GitHub page?,5ea7790727
How different is the 2025 edition from the earlier one?,fd089d0e8f
"Is the 2025 version mostly the same as before, or are there big changes?",fd089d0e8f
"Did you update the assignments for 2025, or are they reused from the previous edition?",fd089d0e8f
What actually changed in the new edition besides the data year?,fd089d0e8f
"Should I expect new course content in 2025, or is it mostly the same material with fresh data?",fd089d0e8f
"Why does yfinance sometimes give ""No timezone found, symbol may be delisted"" for a ticker that used to work?",a38dee16da
How can I tell if a stock symbol was renamed or delisted before blaming yfinance?,a38dee16da
"Is there a place to check ticker changes, like when PTHR became HOVR or when a suffix changes to something like PTHRF?",a38dee16da
"Does creating a yfinance Ticker object already verify the symbol, or do I need to actually request data first?",a38dee16da
What’s the best way to handle invalid tickers in yfinance so I don’t assume the symbol is valid just because the object was created?,a38dee16da
"Why does yf.Ticker.calendar or financials say ""no summary info"" for some stocks, and is there a workaround?",9b53f52335
"I'm getting ""no summary info"" from yfinance on calendar/financials — should I just use another data source?",9b53f52335
Is there a reliable alternative to yf.Ticker.calendar and .financials when they don't return data?,9b53f52335
What can I do if yfinance calendar or financials endpoints fail for a ticker?,9b53f52335
Do you recommend Polygon.io or web scraping when yfinance shows no summary info?,9b53f52335
"For calculating returns, should I go with Close or Adjusted Close?",ef7331e2b4
Why is Adj.Close better when I'm computing stock returns?,ef7331e2b4
The API only gives Close now — does that mean the old Close vs Adj.Close gap is no longer relevant?,ef7331e2b4
"If I need dividend info, where should I get it instead of trying to infer it from price changes?",ef7331e2b4
"Can I figure out dividends from the difference between Close and Adj.Close, or is there a better source?",ef7331e2b4
"If yfinance is only meant for study, what should I use when I need live market data for actual trading?",49bedc376b
What’s the best way to get data that matches the prices I can actually trade at instead of using yfinance?,49bedc376b
"Do I need an expensive provider for production-grade stock data, or is there a cheaper option for an individual trader?",49bedc376b
"Where can I find other reliable market data sources besides my broker’s API, especially for research or trading setups?",49bedc376b
"If I’m working with crypto instead of stocks, is there a place to get historical data?",49bedc376b
Is Finviz actually free to use without creating an account?,e947b9370e
What stock screener would you recommend if I want to do quick manual analysis of fundamentals?,e947b9370e
Does GuruFocus have good fundamental data for checking stocks by hand?,e947b9370e
Why isn’t GuruFocus a good option if I need to scale analysis with an API?,e947b9370e
Are there any free stock screening tools for stock market research?,e947b9370e
Is it still okay to use pandas-datareader for this course even though it looks unmaintained?,35ce5505c4
"Should I switch to another Python library for pulling market data, or is pandas-datareader fine?",35ce5505c4
"Does pandas-datareader still get updated FRED data, or is it outdated now?",35ce5505c4
"If there’s a better replacement for pandas-datareader, should we use that instead in the course?",35ce5505c4
"The package doesn’t seem active anymore — can I keep using pandas-datareader, or is there a recommended alternative?",35ce5505c4
How can I add growth_future_1d to growth_future_30d without looping through every row?,807e0a519b
What’s the fastest way to calculate future return columns in pandas for stock data?,807e0a519b
Should I use shift or a date-based timedelta when making future growth features from stock prices?,807e0a519b
"Do I need to use Adj.Close for these future growth calculations, and why?",807e0a519b
How do I handle the gap between an IPO date and the first available price when creating future growth columns?,807e0a519b
TA-Lib won’t install on Windows with pip — what’s the easiest fix?,1be7635aaf
Is there a conda install that works for TA-Lib on Windows?,1be7635aaf
Where can I get a prebuilt TA-Lib wheel for Windows?,1be7635aaf
"If TA-Lib keeps failing to install, can I just code the indicator myself?",1be7635aaf
Why does plain pip install for TA-Lib often break on Windows?,1be7635aaf
How can I open the big parquet file in Colab if it’s stored on Google Drive?,e72b651646
Is there a way to download a shared Drive parquet link straight into a Colab notebook without doing it manually?,e72b651646
Should I mount my Google Drive or use gdown when I want to read a large parquet file in Colab?,e72b651646
What’s the easiest way to get a parquet file from Drive into Colab and load it with pandas?,e72b651646
Can I use gdown with the fuzzy option to pull a shared Drive file into Colab and then read it with pd.read_parquet?,e72b651646
Why do I end up with Adj Close_x and Adj Close_y after merging two DataFrames?,ebc76c896b
How can I stop pandas from adding _x and _y to duplicate columns when I merge?,ebc76c896b
"Which one should I trust, Adj Close_x or Adj Close_y, after a merge?",ebc76c896b
Is there a way to rename the merge suffixes so the columns are easier to read?,ebc76c896b
"After combining DataFrames, should I keep both Adj Close columns or remove one of them?",ebc76c896b
"How much historical price data should I use for a stock project — 1 year, 2 years, or way more?",3b58e2f194
Is there some rule of thumb for deciding how many years of market data is enough?,3b58e2f194
"Do I need decades of daily data for analysis, or can I get by with less history?",3b58e2f194
"If I’m using hourly or 15-minute candles, should I still aim for the same amount of data as daily data?",3b58e2f194
"What should I do if the asset has a short history, like Bitcoin, or I’m adding macro features that reduce the usable sample?",3b58e2f194
"Can I include fundamental analysis in the Colab notebook, or is it better to leave it out?",ffa7e2d9ae
Why does the notebook mention fundamentals but not use them in the final dataframe?,ffa7e2d9ae
How much history do free fundamental data sources usually provide?,ffa7e2d9ae
Do earnings dates really affect stock prices that much in this module?,ffa7e2d9ae
"If I find a fundamentals source with a longer history, should I add it and post the source in Slack?",ffa7e2d9ae
How should I deal with a modeling DataFrame that has 300+ feature columns?,1ecf8f6d71
"Is it better to split my stock data into separate DataFrames, or just add more tickers?",1ecf8f6d71
Why is dropping ticker dummy variables a tradeoff in my model?,1ecf8f6d71
What should I use for really large datasets when hyperparameter tuning gets too heavy?,1ecf8f6d71
How do I keep technical and macro features together without losing relationships in the data?,1ecf8f6d71
Is Colab Pro actually worth paying for if my tuning keeps getting interrupted?,cd1ed32158
Does upgrading to Colab Pro really stop the random disconnects and give more compute?,cd1ed32158
"If I already have a strong laptop, do I still need Colab Pro for model tuning?",cd1ed32158
Are one-time compute credits a better option than a monthly Pro plan for occasional heavy runs?,cd1ed32158
"For hyperparameter tuning in this course, what’s the cheapest way to get extra Colab power without constant disconnects?",cd1ed32158
"Why does GitHub only show part of the module notebook, is something missing?",af04a866cf
Is the notebook incomplete on GitHub or is there another way to see the full file?,af04a866cf
I can only see a truncated notebook in GitHub preview — how do I open the whole thing?,af04a866cf
Should I worry that the module notebook looks cut off on GitHub?,af04a866cf
How can I view the full notebook if GitHub is only showing a preview?,af04a866cf
"What’s the baseline used to judge these models, and is it just always predicting the stock goes up?",ee78d7334a
"When you say unconditional win rate, do you mean the share of days the price is higher after 1 or 3 days?",ee78d7334a
How do you compare a model’s performance against the simple buy-every-time strategy?,ee78d7334a
"Is the baseline basically a coin-flip style win rate over many days, or something else?",ee78d7334a
What exactly are the models being measured against before deciding if they beat the market?,ee78d7334a
"How did you decide on the ARIMA(2,1,2) settings — was it cross-validation or just intuition?",ac9288e96d
Why was the differencing part set to 1 in the ARIMA model?,ac9288e96d
What made you keep the AR and MA orders so small in that model?,ac9288e96d
Is there an auto-ARIMA option that picks the parameters for you?,ac9288e96d
Do you need extra statistical tests before using automatic ARIMA selection?,ac9288e96d
"Do I need to switch from ARIMA to SARIMAX for this project, or is ARIMA good enough?",9ee8c4d62f
Is the model in the lecture basically doing the same thing as seasonal ARIMA because of the extra regressors?,9ee8c4d62f
Would it make sense to try SARIMA or SARIMAX here instead of the plain ARIMA example?,9ee8c4d62f
How different is the course approach from using SARIMAX with seasonality built in?,9ee8c4d62f
"If I already have things like day-of-week features, do I still need a seasonal ARIMA model?",9ee8c4d62f
Why did the simple ARIMA model do better than the market on the test set — was that just random luck?,b296182a36
"Did the ARIMA model actually learn something useful, or did it only look good because the last few years were unusually strong?",b296182a36
"If the model was trained on a high-growth period, could that explain why it kept predicting more upside later on?",b296182a36
"Should we trust the ARIMA outperformance, or is it probably suspicious because it matched the recent market trend too well?",b296182a36
How can a basic time series model beat the market benchmark — is that a real signal or just a coincidence from the test period?,b296182a36
"Would you actually put this ARIMA model into production for real trading, or is it just a toy example?",b230179013
"If ARIMA is only barely positive on the test set, does that mean it should not be trusted for live trading yet?",b230179013
Why wouldn't you use this model as-is for a stock prediction system if it looks okay on test data?,b230179013
What would you improve in the ARIMA setup before considering it reliable enough for production use?,b230179013
Is the main value of this ARIMA model just that it serves as a simple baseline rather than a real trading model?,b230179013
"Is it better to train one model for each stock, or one model that covers all stocks together?",8d6a161b65
"For stock prediction, should I keep separate models per ticker or use a single model across the whole universe?",8d6a161b65
Does a model trained on lots of tickers usually work better than one built from just one stock’s data?,8d6a161b65
"Would a neural network benefit more from combining 50-100 stocks into one training set, or from focusing on a single stock?",8d6a161b65
How do I decide between a stock-specific model and a general model for multiple stocks?,8d6a161b65
"Should I train on really old market data from way back, or just use the most recent years?",9197b44021
"For modeling stocks, is it better to include data all the way back to 1999, or keep only newer history?",9197b44021
How do I decide between using more historical data and only recent data in my market model?,9197b44021
"If market conditions have changed over time, should I still feed my model older data or ignore it?",9197b44021
What’s the best way to check whether long-history data or short-history data gives better results for trading models?,9197b44021
"If I average the outputs from several models, does that usually make the forecast more stable or accurate?",d9ee61b528
How can I combine multiple model predictions into one super-model line for testing?,d9ee61b528
Is using max or average on different model predictions a valid way to build an ensemble?,d9ee61b528
"After merging model predictions, can I still evaluate it with RMSE, win rate, and market outperformance?",d9ee61b528
Why would an ensemble of stock models work better in some periods than a single model?,d9ee61b528
Can I just train a buy / don't buy classifier instead of using regression for this stock model?,445dee8dd6
Would a classification model be easier here than predicting returns with regression?,445dee8dd6
Why use regression to decide trades if a classifier could just say buy or not buy?,445dee8dd6
What’s the advantage of predicting the size of growth instead of only predicting the direction?,445dee8dd6
How does regression help more than classification when building a trading strategy?,445dee8dd6
"Did you ever try using XGBoost with lagged features for forecasting, and how did it compare to the other models?",5d23f80965
"How experienced are you with XGBoost for time-series prediction, and is it actually easier than training a deep neural network?",5d23f80965
"Why is XGBoost considered so strong for prediction tasks, and can it be used for stock or time-series data with lagged variables?",5d23f80965
"Since XGBoost is basically a black box by default, is there a way to make its predictions more explainable, maybe with SHAP?",5d23f80965
"If someone builds an XGBoost notebook that performs better than the current models, would you want a pull request for it?",5d23f80965
"Did you actually test LSTM or TimeGPT for forecasting, or was it just one of them?",ace618463e
How important is the model choice here — should I focus more on the method or on feature engineering?,ace618463e
"If the exact tool isn't the main thing, what should I pay most attention to when doing time-series prediction?",ace618463e
Would it make sense to run LSTM and other forecasting tools on the same dataset and compare the results?,ace618463e
Do external factors and market conditions matter more than using a fancy model like TimeGPT?,ace618463e
Why am I getting different predictions for homework 3 question 3 than the instructor?,39c1c0a561
What random seed should I use to match the homework 3 Q3 results?,39c1c0a561
How do I make the model train the same way so the predictions are reproducible?,39c1c0a561
Do I need to set random_state to 42 for homework 3 question 3?,39c1c0a561
Why don't my tree model results match the exact homework 3 answer?,39c1c0a561
"Were homework 3 questions 3 and 4 actually about advanced stats, or more about ML and distributions?",f88ef2e8ba
"If I’m weak in statistics, can I still do HW3 Q3 and Q4 by following the notebook code?",f88ef2e8ba
"Do I need to build the HW3 code from scratch, or just copy the Colab and modify it?",f88ef2e8ba
"For module 3 modeling, is the main task in those questions to understand and edit the provided code instead of deriving formulas?",f88ef2e8ba
I skipped HW3 questions 3 and 4 because of stats — what was I supposed to do with the earlier notebook?,f88ef2e8ba
Does the trained model need to use the exact same stocks in live trading as it saw during training?,c84ca86bdb
"If I run the model on a different set of tickers, will it still work or completely break?",c84ca86bdb
How bad is it if the production stock universe is not the same as the training universe?,c84ca86bdb
"Should I train on all the stocks I plan to invest in later, or can I add new ones afterward?",c84ca86bdb
"What should I check in train, validation, and test when the stock list changes between training and deployment?",c84ca86bdb
"In a trading simulation, should I place orders using the next day’s open or the close price?",fca91fa9b2
"If I make my decision before the market opens, which price should the backtest use?",fca91fa9b2
"When I can only use data up to the previous close, how should I model the trade execution?",fca91fa9b2
"If I start trading after the market opens, do I need to switch my return calculations to open prices?",fca91fa9b2
How do I handle price lag in realtime data sources so my simulation matches what I could really trade?,fca91fa9b2
Do we optimize my trading strategy before tax or after tax in this course?,0edc35a876
"Are taxes modeled in the default strategy simulation, or do I have to add them myself?",0edc35a876
Can I include things like capital gains tax or tax-free allowances in my own strategy?,0edc35a876
"How would rules like Ireland's stock/crypto tax, ETF tax, or the UK's 30-day matching rule fit into the simulation?",0edc35a876
"If I want to make a tax-aware strategy, am I allowed to customize the tax scheme instead of using the course default?",0edc35a876
What kinds of trading cases does the simulation module actually walk through?,1dc8f8f684
"Does this part cover both long and short setups, or just one side of the market?",1dc8f8f684
"Will we see examples with one sector only, or also stocks and options together?",1dc8f8f684
Are dividend-based strategies included in the simulation exercises?,1dc8f8f684
"How many scenarios should I expect in this module, and is the main point just to learn the method so I can try my own ideas later?",1dc8f8f684
Why did the course choose Digital Ocean for deployment instead of AWS?,d4695c1619
Is there a specific reason the setup uses Digital Ocean rather than a bigger cloud provider?,d4695c1619
Can I deploy this project on AWS instead of Digital Ocean?,d4695c1619
"If I want to run the repo on AWS, is that okay and can I contribute the instructions back?",d4695c1619
"Was Digital Ocean chosen because it was just the instructor's original platform, and not because AWS wouldn't work?",d4695c1619
"Will free market data APIs survive something like 1000 requests per minute, or will they start blocking my IP?",3c4e52e42f
"If I want a dashboard with lots of traffic, can I still rely on the free sources from the course?",3c4e52e42f
"Is the single-file database setup enough for a busy production dashboard, or do I need something more robust?",3c4e52e42f
What kind of hosting and database setup should I use if the app has to serve a lot of requests?,3c4e52e42f
"Are the free data sources in this module okay only for low-traffic use, and not for heavy automation?",3c4e52e42f
"Can I set up GitHub Actions to pull market data, run my trained model, and then output buy or sell signals for the stocks I track?",d2ffcc91e0
"If I already have a trained model, is it possible to use it in an automated GitHub Actions workflow for ticker predictions?",d2ffcc91e0
Does the current code need changes before I can use it for daily stock signal generation in GitHub Actions?,d2ffcc91e0
Can the model still forecast a few days ahead even if the latest data points are missing or incomplete?,d2ffcc91e0
How can I make the workflow show predictions only for one specific stock instead of all tickers?,d2ffcc91e0
How can I make the model work on live market data instead of using a prepared dataset?,604eb2ddda
What’s the best way to pull API data every day and feed it into the model pipeline?,604eb2ddda
"Do I need to store the daily stats in a database before making predictions, or can I process them directly?",604eb2ddda
How would I set up the model so it runs each day and forecasts the next move automatically?,604eb2ddda
"After the model generates predictions, how do I send them to my trading platform, manually or through an API?",604eb2ddda
"Does this course use live market feeds, or is it based on delayed/historical prices?",073d66b2ab
"Are we actually doing day trading in the project, or is it more like once-a-day predictions?",073d66b2ab
Why doesn’t the course use real-time stock data instead of delayed data?,073d66b2ab
"Is streaming market data required for the assignments, or can I follow along with free data only?",073d66b2ab
"If I want to switch to real-time data later, will the stuff taught here still work?",073d66b2ab
"Does this module show how to connect to a broker API and auto-place trades, or is trading still manual?",f44e28e6cf
"Will we build a fully automated trading bot in this course, or just get stock picks to execute ourselves?",f44e28e6cf
"After the algorithm suggests tickers to buy, do I still need to enter the orders by hand?",f44e28e6cf
How close is the course to covering automatic trade execution with a broker integration?,f44e28e6cf
"Is there any lesson on sending trades through an API, or is that out of scope for now?",f44e28e6cf
"Is the instructor offering any proprietary trading service right now, or is that not available?",3b6da7bd1e
"Can I pay the instructor to manage trades for me, or is there no setup for that yet?",3b6da7bd1e
"Does he run a hedge fund or some kind of legal entity for trading, or not really?",3b6da7bd1e
"Is there going to be a paid product from this project, and if so what will it do?",3b6da7bd1e
"What kind of subscription service is being planned, and will it include signals that explain which features mattered for a stock over a period?",3b6da7bd1e
"Do we have to include a machine learning model in the capstone project, or is it optional?",1212d1d22c
"What counts for the project minimum requirement — does it have to be ML, or can I use a statistical or time-series model instead?",1212d1d22c
Can I reuse code from the Colab notebooks for the capstone and still meet the project requirements?,1212d1d22c
Is it okay to use the Module 5 automated project code in my capstone submission?,1212d1d22c
"Can my best prediction be a simple non-ML rule, as long as I also include one model?",1212d1d22c
"For the project, is there a minimum number of tickers I need to include, or can I use just a few?",955a54845c
How many stocks should I analyze in my project so I don't end up fitting only one company?,955a54845c
"Is it okay to build the project with a small set of tickers, or should I aim for around 10 to 20 or more?",955a54845c
"Do you recommend using more than one company in the project, and if so, about how many tickers is enough?",955a54845c
What's a good number of tickers to pick for the project so the results are not too tied to a single stock?,955a54845c
"Can I do my project on crypto rather than stocks, or does it have to be stock data?",62e00a7ee9
Is it okay if my dataset has way less than 1 million rows for the project?,62e00a7ee9
How can I build technical indicators for crypto in the project—do you have a recommended example or article?,62e00a7ee9
"If I want to make the dataset bigger, can I include lots of crypto assets instead of just one or two?",62e00a7ee9
"Should I use Yahoo Finance for crypto too, or is it better to pull data from a specific exchange API?",62e00a7ee9
Can I count the same project for this course and the MLOps Zoomcamp if I add the missing MLOps parts?,c20489821c
"Is it okay to reuse a project from another course here, or do I need something fully new?",c20489821c
Can I use reinforcement learning for the project instead of the usual method?,c20489821c
"If I try a different approach like reinforcement learning, do I still need to compare it against the standard setup?",c20489821c
Would I lose points if I skip the trading simulation part when using a non-standard method?,c20489821c
"If I came up with a capstone idea in homework 1, do I have to stick with it for the rest of the course?",329deb18ff
"Are the project ideas I wrote in the first homework fixed, or can I switch to something else later on?",329deb18ff
"Can I change my capstone topic after starting the course, or am I locked into the idea I brainstormed early?",329deb18ff
"Do the initial project ideas count as final, or is it okay to revise the scope as I learn more?",329deb18ff
Is it fine to abandon my homework 1 capstone idea and pick a new one later in the course?,329deb18ff
"Can we do the project as a team, or is it supposed to be individual?",c1a79839bb
"Are projects meant to be solo only, with no group submissions?",c1a79839bb
"Can I brainstorm the project with classmates, even if I write the code myself?",c1a79839bb
"Is it okay to get help from Slack while working on the project, or should I avoid outside help?",c1a79839bb
"Do I have to submit my own code for the project, or can shared work count?",c1a79839bb
Can I finish the project early and get my certificate before everyone else?,31dd7a89a3
"If I work ahead on my own research, will that let me skip the project deadlines?",31dd7a89a3
Why can’t I get the certificate right after I submit my project?,31dd7a89a3
"Do the peer reviews happen separately, or is there a fixed week for everyone?",31dd7a89a3
What do I need to complete before the certificate is released?,31dd7a89a3
"Is it okay if I start my project now, or should I wait until later in the course?",c843c4c541
Do you recommend beginning the project right away instead of delaying it?,c843c4c541
When should I start working on the project for this course?,c843c4c541
Should I wait until I've finished more lessons before starting the project?,c843c4c541
Is the project something I should start immediately after joining the course?,c843c4c541
"Can I use generative AI in my capstone project, or is that not allowed?",dfa4b40a1f
Is it okay to rely on ChatGPT or similar tools to get the project started faster?,dfa4b40a1f
Will AI help if I need to work with libraries I haven't used before for the capstone?,dfa4b40a1f
Should I avoid using generative AI when tuning ML models or trying to boost prediction quality?,dfa4b40a1f
"If I use AI for the project, will I still need to put in most of the effort to connect everything together?",dfa4b40a1f
Where do I find all the course materials and homework files?,4487db3924
Is there a folder for the cohort-specific assignments in the repo?,4487db3924
"How do I watch the lectures, and are they live or pre-recorded?",4487db3924
"If there’s a new workshop or a video update, where will it be announced?",4487db3924
"Do homework submissions have a deadline, and what happens after it closes?",4487db3924
"Are the lectures actually live, or are they already recorded somewhere?",d8385e12f6
"If I miss a live workshop or Q&A, will the recording get posted later?",d8385e12f6
Where can I watch the course videos—do they have a YouTube playlist or something?,d8385e12f6
How do I find out when new workshops or updated videos are released?,d8385e12f6
"Are live sessions part of the regular schedule, or only sometimes for Q&A?",d8385e12f6
Where exactly do I submit the homework for this course?,aa60306bc2
Is the homework submission form on GitHub somewhere?,aa60306bc2
Can I change my homework submission after I already sent it in?,aa60306bc2
Until when am I allowed to update my homework submission?,aa60306bc2
Where can I find the instructions and form for submitting the homework?,aa60306bc2
"How is the homework grade calculated in this course, and what parts can I get points for?",b5d37f88b6
What do I need to do to get the 1 point for the FAQ part of the homework?,b5d37f88b6
"How many points can I earn from learning in public, and what counts for that?",b5d37f88b6
"Do optional homework questions count toward the score, or are only the main questions graded?",b5d37f88b6
"If I submitted homework but don't see a grade, where should I check to confirm whether it was scored?",b5d37f88b6
How do I make a GitHub repo for homework submission and get the link ready to turn in?,2922f2a648
What’s the easiest way to connect my local homework folder to a new GitHub repository?,2922f2a648
"When I’m submitting course homework, do I need Git installed and a GitHub account first?",2922f2a648
What commands do I run after creating the repo so I can push my homework to GitHub?,2922f2a648
"After I’ve pushed my files, where exactly do I find the URL I’m supposed to submit?",2922f2a648
Do I need any prior experience with AI tools before starting this course?,833fbaa15f
What programming skills should I have to keep up with the lessons and projects?,833fbaa15f
Is this course okay for someone who has never used AI development tools before?,833fbaa15f
"Do I need to know Python specifically, or would JavaScript or another language be fine?",833fbaa15f
How much coding background is enough to take this course and finish the assignments?,833fbaa15f
"Is it still okay if I join the course now, or am I already too late?",73ed660aa5
"If I start late, will I miss the first homeworks, and do they count for the certificate?",73ed660aa5
Do I need to do the early assignments to get the course certificate?,73ed660aa5
What do I actually need to complete in this course to earn the certificate?,73ed660aa5
"If I join after the course has already started, what requirements still matter for certification?",73ed660aa5
What free AI tools can I use to get through the course without paying much?,09d4e6901b
"For module 1, which free options are okay to use instead of paid AI tools?",09d4e6901b
"Do I need to buy Cursor or GitHub Copilot for module 2, or is there a free trial?",09d4e6901b
How much money do I need to spend for module 4 APIs like OpenAI or Anthropic?,09d4e6901b
Are there any other free AI tools or alternatives shared for this course besides Groq and Gemini?,09d4e6901b
"Does this course teach LangChain, vector databases, or RAG, or is that a different course?",6c0585d1db
Is this more about productivity with AI dev tools than building LLM apps?,6c0585d1db
"If I want to learn retrieval, reranking, or LangGraph, should I look at another course?",6c0585d1db
What part of this course overlaps with AI engineering topics at all?,6c0585d1db
Is there any module where we actually build an agent and see how these tools work inside?,6c0585d1db
"If I let AI generate most of my code, do I still need to actually understand what it wrote?",a5a4d71a42
"Will using coding assistants make me forget how to code over time, or can I keep my skills up?",a5a4d71a42
"What should I focus on when AI is doing the coding for me—writing, reviewing, or something else?",a5a4d71a42
How do I avoid just blindly accepting AI-generated code and then getting stuck later when the project gets bigger?,a5a4d71a42
What habits should I keep so I can still maintain and debug AI-written code without losing my engineering skills?,a5a4d71a42
Can I do this course on a work laptop if I don't have admin access?,310a39c0f9
"Do I need to install anything locally, or can I just use a browser for the course?",310a39c0f9
Will GitHub Codespaces work for the course setup on a locked-down machine?,310a39c0f9
Can I use GitHub Copilot and OpenAI Codex inside Codespaces for this course?,310a39c0f9
"Is the free Codespaces tier enough for following the course, or will I need to pay?",310a39c0f9
"Does this course have a separate lesson on debugging code that the AI writes, or is that something you just learn while building projects?",e33eace6a3
"Will we cover prompt engineering in depth so we can reduce hallucinations, or is that mostly outside this course?",e33eace6a3
"If the model makes up a method or uses an old API, what are we supposed to do in the course to catch and fix it?",e33eace6a3
"Are tests and git actually used to deal with broken AI-generated code, or are they just general good practices here?",e33eace6a3
"If an assistant gives me an error I don't understand, can I ask it to debug that specific issue for me during the course?",e33eace6a3
"Can I use Codex, Gemini CLI, or some other coding assistant instead of Cursor or GitHub Copilot for this course?",22ed5b656b
Is it okay if I stick with a free tool like Gemini CLI rather than paying for Cursor or Copilot?,22ed5b656b
"Does Codex basically do the same kind of thing as Copilot or Cursor, or is it very different?",22ed5b656b
"Will Gemini CLI work well enough for Module 4, and can I also use it in Module 2?",22ed5b656b
"Are tools like Antigravity accepted too, or does the course expect one specific assistant?",22ed5b656b
"Is there actually any IDE or coding agent setup that gives unlimited usage, or do all the free plans eventually hit a quota?",96fced446d
"What should I do when I run out of quota on free tools like Antigravity or Gemini CLI — do I just wait, or is there a workaround?",96fced446d
How can I keep track of how much agent usage I’ve burned so I don’t get blocked halfway through a task?,96fced446d
"Does Cursor’s auto mode help avoid hitting a single model limit, and how does that work in practice?",96fced446d
"If I’m using these tools for work, what’s the cheapest way to get more usage — should I buy a small plan, use a ChatGPT subscription, or ask my company for a license?",96fced446d
"For this course, should I go with uv instead of pip by default?",c0ab443fd8
"If I need pip for something, do I just use uv pip?",c0ab443fd8
"Which one should I normally use here, pip or uv?",c0ab443fd8
Is uv the recommended choice unless I specifically need pip?,c0ab443fd8
"When would I actually use pip directly, or should I always use uv?",c0ab443fd8
What's the easiest way to capture my screen for demo videos on a Mac?,83b26a6524
How can I record a quick screen demo on Windows 11?,83b26a6524
Do people usually use any tools besides the built-in screen recorder for short recordings?,83b26a6524
Is there a simple keyboard shortcut to start recording on macOS without installing anything?,83b26a6524
What app do others use when they want to make and share a screen recording fast?,83b26a6524
When should I pick agent mode instead of edit mode in the coding assistant?,9163d25d53
Is edit mode only meant for quick changes in one file?,9163d25d53
"Do I really need ask mode, or is it mostly unnecessary for coding tasks?",9163d25d53
What mode is best if I want the tool to plan changes and update several files at once?,9163d25d53
"Is inline autocomplete useful too, or should I just stick to agent and edit modes?",9163d25d53
What software should I have ready before starting this course?,74a7ba492f
Do I need a GPU or any cloud compute for the exercises?,74a7ba492f
"Can I use VS Code, or do I need Cursor for the course?",74a7ba492f
How should I set up Python and Node.js on my machine?,74a7ba492f
Do I need Android Studio or any mobile development tools for this course?,74a7ba492f
"For deploying the snake app, is it better to keep frontend and backend in one container or separate them?",bcab9ba104
"Can I use a single monolith container for the whole app, and is that okay for the course?",bcab9ba104
What are the pros and cons of splitting the frontend as a static site and the backend as a web service?,bcab9ba104
"If I deploy on a free tier like Render, will a monolith make the whole app go to sleep?",bcab9ba104
Should I choose the simpler one-container setup unless cold starts on the free tier are a problem?,bcab9ba104
"Why am I suddenly getting CORS issues on localhost after I built the frontend, even though it was fine before?",e44aaef8b7
Is there a reason my backend stops allowing localhost requests just because a frontend/dist folder exists?,e44aaef8b7
How should I tell my app whether it’s running in dev or production without using the presence of the built frontend as a signal?,e44aaef8b7
What’s the proper way to configure the frontend API calls so the production build works with same-origin requests?,e44aaef8b7
I think my local build is triggering some kind of CORS trap in my monolith setup — how do I avoid that?,e44aaef8b7
Where are the prompts Alexey used in the videos documented?,66fb48b8e1
How can I extract the prompts from the course videos myself?,66fb48b8e1
Can I use ChatGPT on a screenshot to figure out the instructions from the video?,66fb48b8e1
Is there a way to pull the prompts from the video transcript with NotebookLM or a similar tool?,66fb48b8e1
"If I manage to compile the prompts list, can I contribute it back to the course repo?",66fb48b8e1
Why does gpt-5.1-codex just hang or time out in my AI coding app?,334ace3d48
Do Codex models need a different API than normal OpenAI models?,334ace3d48
I can select regular models but not codex ones — is my frontend missing Responses API support?,334ace3d48
What does it mean if codex models fail while non-codex models still work?,334ace3d48
Is there a specific integration requirement for using OpenAI Codex models in the Snake project?,334ace3d48
What’s the easiest way to start with MCP if Module 3 feels overwhelming?,874ef1a35f
"Should I focus on the theory behind Model-Context Protocol first, or just try it out?",874ef1a35f
"In simple terms, what is MCP actually doing for the LLM?",874ef1a35f
Is there a quick way to get help setting up MCP without spending too much time on docs?,874ef1a35f
What’s a good short intro resource for understanding MCP before using it?,874ef1a35f
MCP Inspector keeps showing a connection error — is it okay to just ignore it and move on?,5d70911641
"Do I actually need MCP Inspector for the lab, or is it enough if my editor connects to the MCP server?",5d70911641
"If VS Code or Cursor can talk to my MCP server, can I skip fixing the Inspector error?",5d70911641
"Is MCP Inspector required, or can I just use my own MCP client instead?",5d70911641
What should I do when the Inspector fails to connect — can I continue with the course anyway?,5d70911641
How do I connect an MCP server that's running in Docker to Antigravity without it failing?,4a09a151e5
"Where is Antigravity's MCP config file, and what should I put there for a containerized server?",4a09a151e5
Can I use a `docker run` command in the MCP config instead of opening the container as a dev-container?,4a09a151e5
"If my MCP server uses stdio, what does the launcher need to do so Antigravity can talk to it?",4a09a151e5
Is it easier to run the MCP server in WSL and use Connect to WSL in VS Code or Antigravity?,4a09a151e5
Do I need to already know Django or Python before starting this module?,f9f3672638
"Is this homework okay for complete beginners, or do I need some coding background first?",f9f3672638
Will I be able to follow along if I’m new to Django and Python?,f9f3672638
"Do the AI assistants help you step by step, or are you expected to already know the tools?",f9f3672638
Is Homework 1 designed for people who haven’t used Django or Python much yet?,f9f3672638
"What Python version do I need for Django 5.2.9, and why does the server fail on older versions?",f1b8db22ca
How can I check which Python version my Mac is using before starting the Django app?,f1b8db22ca
My Django server won’t start after installing 5.2.9 — could this be because I’m on Python 3.9?,f1b8db22ca
What’s the quickest way to set up a Python 3.10+ virtual environment for this Django project?,f1b8db22ca
"After upgrading Python, do I need to recreate my virtualenv and restart the Django server?",f1b8db22ca
"How should I think about planning versus coding when using an AI coding agent, and do I really need a separate plan step every time?",dd294202bd
"Is it worth switching between a stronger model and a faster one while working on the same coding task, or can that hurt the context?",dd294202bd
"For bigger changes, should I start with a more capable model and then use auto mode for smaller follow-up edits?",dd294202bd
"Do tools like Cursor make a plan-first workflow necessary, or is that mostly overkill for normal day-to-day changes?",dd294202bd
What’s the best way to handle model choice in a coding agent so I don’t waste usage limits or lose context mid-task?,dd294202bd
How can I get my coding agent to commit changes to git on a regular basis without reminding it every time?,5d234ceff9
What’s the best way to store my project instructions so the agent keeps following them across sessions?,5d234ceff9
"Does Cursor have a feature for repeating the same coding rules, or should I just use a file in the repo?",5d234ceff9
How can I preserve the agent’s prompt history or plan if I want to switch models later or roll back code?,5d234ceff9
Which file should I put at the repo root so most AI assistants automatically pick up project rules like regular git commits?,5d234ceff9
"Does Module 4 actually show how to build a production-ready AI agent, or is it just for learning the basics?",32129ac07e
"Will this part of the course go deep into multi-agent frameworks, or is it more of an intro to coding agents?",32129ac07e
"Are we building something like Cursor or Lovable from scratch in this module, or just understanding how they work?",32129ac07e
"If I want to learn more about building AI agents beyond this module, what course should I take next?",32129ac07e
"Is this course enough for production agent development, or should I look at another resource like LLM Zoomcamp?",32129ac07e
"Why is Railway not picking up the port from railway.toml, and what should I do instead?",dfc9791d8e
My FastAPI app works locally but Railway ignores the port setting from railway.toml. How do I make it use the right port?,dfc9791d8e
Should I stop using railway.toml for the port and use an entrypoint script with uvicorn instead?,dfc9791d8e
What is the recommended way to launch FastAPI on Railway if the port config in railway.toml is not being read?,dfc9791d8e
Can I fix the Railway port issue by changing the startup command to run uvicorn with ${PORT:-8000}?,dfc9791d8e
Why would we put the frontend and backend in one Docker container for the final project?,f85c610603
What's the main reason to serve the frontend from the backend instead of separately?,f85c610603
Does using a single container help with CORS or same-origin issues?,f85c610603
Can we still develop the frontend and backend separately even if the final setup is one container?,f85c610603
How does combining frontend and backend into one container make testing or evaluation easier?,f85c610603
"Do I have to use Python or Django for the final project, or is any stack okay?",6cee2d6fae
"Can I pick whatever tech stack I want for the project, or is there a required one?",6cee2d6fae
Is it fine to build the final project with a stack I'm already comfortable with?,6cee2d6fae
"Should I try a stack I'm not very good at for the project, or stick to what I know?",6cee2d6fae
"Are we expected to use Python/Django, or can I use another framework or language?",6cee2d6fae
Is it okay if my project combines a machine learning part with a frontend and backend?,4b00433e9a
Can I add something like an image classifier to my project and still have it count?,4b00433e9a
"Do projects in this course have to be purely ML, or can they include a web app too?",4b00433e9a
Would a project that mixes an ML model with backend and frontend work for the assignment?,4b00433e9a
Is it acceptable to build a full app with an ML component instead of only a model?,4b00433e9a
"Why does my YouTube transcript scraper keep getting blocked, and is there any free workaround that actually works?",8b96b5bb75
"If YouTube is blocking my project because I'm on a data-center IP, what kind of proxy should I use and are there cheap options for students?",8b96b5bb75
"Has anyone found a reliable way to pull YouTube transcripts without paying a lot, since free proxies seem to fail?",8b96b5bb75
"Do I need a residential proxy for downloading YouTube transcripts, or can I get by with a free data-center proxy and some cookies?",8b96b5bb75
"For a YouTube transcript project, what should I expect when deploying in the cloud if IP blocks are the main problem?",8b96b5bb75
"For a RAG project, should I just start with plain text search, or is there a better retrieval method from the beginning?",0e8d914b74
When does hybrid retrieval actually outperform regular semantic search in a RAG app?,0e8d914b74
"If my system needs to understand an entire conversation, is classic RAG enough or should I use something more advanced?",0e8d914b74
"Is there any retrieval approach that works better than keyword search for project quality, or is keyword still a good baseline?",0e8d914b74
How do I decide whether to keep things simple with text search or move to a more complex agentic search setup?,0e8d914b74
"How do I keep Claude Code from losing context during long chats, and what should I do when the conversation gets too big?",a980c55b89
What’s the best way to start over in Claude Code without losing the project setup or rules?,a980c55b89
Where should I put project-specific instructions for Claude Code so it follows them automatically?,a980c55b89
"Why am I getting ""command not found: claude"" when I try to run Claude Code, and how do I fix it?",a980c55b89
"If Claude Code keeps ignoring my tests or build steps, what workflow should I use so it stops messing that up?",a980c55b89
"How do I set up rules for Antigravity in a project, and where should I put them?",f73287a0cb
"Is there a special folder for Antigravity rules, or do I need to use an AGENTS.md file?",f73287a0cb
Where does Antigravity look for custom project rules?,f73287a0cb
Can I store Antigravity rules under the project root instead of creating an AGENTS.md?,f73287a0cb
What’s the proper location for defining rules when using Antigravity in a repo?,f73287a0cb
Why does Google sign-in keep failing on Antigravity even after I clear the cache and try Chrome?,73fd82dd6f
What’s the quickest workaround if I still can’t log into Antigravity with my Google account?,73fd82dd6f
Should I make a new Google account just for Antigravity if authentication keeps failing?,73fd82dd6f
Is there any fix for Antigravity login issues besides clearing cache and using Chrome?,73fd82dd6f
What do people usually do when Google authentication on Antigravity won’t work at all?,73fd82dd6f
"Is it worth using Claude Code Skills for this course, or are they just extra?",e63cd5869e
"What kinds of things are Claude Code Skills actually good for, like review, docs, or tests?",e63cd5869e
"Do Skills really help with repetitive coding tasks, or is it better to do everything manually?",e63cd5869e
Are there any ready-made Claude Code Skills I can use instead of building my own?,e63cd5869e
How can Claude Code Skills make my workflow easier when I'm doing code reviews or generating docs?,e63cd5869e
How can I get Antigravity or GitHub Copilot to pull the newest docs instead of stale ones?,656e8fb490
Do I need some kind of docs service connected if I want Copilot to use current library examples?,656e8fb490
What’s the best way to make my coding agent stop suggesting outdated code from old documentation?,656e8fb490
"If I don’t hook up a service like Context7, will the agent still know the latest API changes?",656e8fb490
How do I keep AI coding tools from hallucinating because they learned from older docs?,656e8fb490
Can I still join the course if I found it late?,74eb249bbf
Is it okay to start the course after it already began?,74eb249bbf
"If I join now, can I still get the certificate?",74eb249bbf
What do I need to do to be eligible for the certificate if I'm joining late?,74eb249bbf
Do I have to submit my project before submissions close to receive the certificate?,74eb249bbf
"I signed up for the LLM Zoomcamp, but I never got any confirmation email — is that a problem?",977bf7786c
Do I need to wait for approval or a confirmation message before I can start the course?,977bf7786c
Can I begin watching the lessons and submitting homework even if I didn’t officially register?,977bf7786c
"Is the registration list actually checked when homework is submitted, or can anyone participate?",977bf7786c
What’s the point of registering for the course if I can already start without a confirmation?,977bf7786c
How do students join the office hours or live workshop if the Zoom link isn't shared publicly?,489dd1c9d9
Where do I find the stream link for office hours or live sessions before they start?,489dd1c9d9
"If I can't access the Zoom for a live workshop, what's the official way for students to watch and ask questions?",489dd1c9d9
"Are office hours streamed on YouTube, and where is the live video link usually announced?",489dd1c9d9
What should I use to submit questions during live sessions instead of posting in the chat?,489dd1c9d9
"What’s the best way to get started with LLM Zoomcamp if I’m joining late, and where should I look for the docs and repo?",04919992b3
"Do I have to begin the course on a specific date, or can I just start anytime and track deadlines somewhere?",04919992b3
"What’s the usual weekly routine for this course — should I watch the videos first, then do the notebooks, and when does homework come in?",04919992b3
"Where are the homework instructions and submission deadlines kept, and how do I know what to submit each week?",04919992b3
"Is the homework basically the same as the lesson, or does it change a bit with another dataset or task?",04919992b3
How do I find my entry on the leaderboard if I don’t see my name right away?,c2903069a0
"Why do I have a random display name on the course leaderboard, and can I change it?",c2903069a0
Where can I check what my displayed name is for the course?,c2903069a0
"If I want my certificate to show my real name instead of the default one, what should I edit in my profile?",c2903069a0
"Can I use a Slack or GitHub username as my course nickname, and which profile field is that?",c2903069a0
"Can I take this course at my own pace and still get a certificate, or is the certificate only for people in the live cohort?",69d122f12e
"If I just go through the course self-paced, will I get any certificate at the end?",69d122f12e
Why don't you give certificates for the self-paced version of the course?,69d122f12e
Do I need to be in the live run of the course to qualify for the certificate?,69d122f12e
"Is the peer-review part required for the certificate, and can it be done after the course finishes?",69d122f12e
Do I still qualify for the certificate if I skipped the first homework?,9f689c185f
"Is homework required to get the course certificate, or is passing the Capstone enough?",9f689c185f
"If homework isn't mandatory, why should I do it at all?",9f689c185f
Does missing homework affect whether I can graduate from the course?,9f689c185f
"Will homework points matter for the certificate, or only for the leaderboard?",9f689c185f
Why does the homework content keep changing before the deadline?,96286b4be4
What does it mean when a homework title has [DRAFT] in it?,96286b4be4
How can I tell if the homework is actually ready to do?,96286b4be4
Is it safe to start solving homework before the final version is out?,96286b4be4
Can the homework details still change even after the form is already open?,96286b4be4
When is the next time this course will run?,bd31146b0e
Do you know when the course is offered again?,bd31146b0e
What's the next start term for this course?,bd31146b0e
Is there a date for the next course session?,bd31146b0e
When should I expect this course to be available again?,bd31146b0e
Where do I find the course videos or lecture links for LLM Zoomcamp?,31456f4b5f
Is there a main page or repo I should start from to get to the lessons and videos?,31456f4b5f
Why is the YouTube playlist not the best place to look for the lectures?,31456f4b5f
How do I get to the video for a specific lesson in this course?,31456f4b5f
What’s the recommended way to stay updated with the latest lecture links?,31456f4b5f
"Where do I check the LLM Zoomcamp syllabus, homework, and deadlines for this cohort?",20c5a1347e
Is there a main platform for tracking my progress in LLM Zoomcamp?,20c5a1347e
How can I see the current cohort structure and assignment deadlines for the course?,20c5a1347e
Where should I follow the course updates and progress tracking for LLM Zoomcamp?,20c5a1347e
Does LLM Zoomcamp have a course management site like the other DataTalks.Club Zoomcamps?,20c5a1347e
"Do we get a live class or office hour for every module, or is everything just pre-recorded in the repo?",d65e05bd7a
"If I get stuck on a module, where should I ask for help, and is Slack the main place for questions?",d65e05bd7a
"Are there any live sessions during the course, or are they only announced when they happen?",d65e05bd7a
"Is there a paid option for extra support with Zoom office hours, while the main course stays free?",d65e05bd7a
"Do I need to join AI Shipping Labs if I want more structure, or is it only an optional add-on?",d65e05bd7a
Can I count my Bluesky posts toward the learning in public credits?,dbf5369006
Are Bluesky posts accepted as proof for the learning in public requirement?,dbf5369006
"If I share my course progress on Bluesky, does that qualify for credits?",dbf5369006
Do Bluesky updates work for earning learning in public credit in this course?,dbf5369006
Is posting on Bluesky enough to get learning in public credits?,dbf5369006
What’s the Telegram link for the LLM Zoomcamp channel?,054f3fd58f
Where can I find the course Telegram channel for announcements?,054f3fd58f
"Is there a Telegram group or channel for LLM Zoomcamp, and what is it used for?",054f3fd58f
Should I ask technical questions in the Telegram channel or somewhere else?,054f3fd58f
What channel should I use for announcements and where do I go for technical help?,054f3fd58f
Why does my FAQ dataset count not match what I see in the course videos?,e2d595f23c
Is it normal if the number of FAQ records is different when I run the code?,e2d595f23c
Why are there more or fewer questions in the FAQ data than in the lecture?,e2d595f23c
Did the FAQ dataset change after the videos were recorded?,e2d595f23c
Why does the dataset size keep changing when I load the FAQ data?,e2d595f23c
Can I still send in homework if the deadline already passed but the form is still open?,a9353fadfe
The submission page is open after the due date — does that mean I can keep submitting?,a9353fadfe
"If the deadline is over, do I lose the chance to turn in my answers right away?",a9353fadfe
When does homework submission actually close: on the deadline or when the form gets shut?,a9353fadfe
Is it okay to submit late as long as the homework form hasn’t been closed yet?,a9353fadfe
"Can I still turn in homework after the deadline has passed, or is it completely closed?",cdc3b285e5
Do you give any individual deadline extensions for homework submissions?,cdc3b285e5
"If I miss one homework, does that stop me from getting the course certificate?",cdc3b285e5
"Does homework count toward the final certificate, or is it only for leaderboard ranking?",cdc3b285e5
"If the homework form is still open but the deadline already passed, can I submit it?",cdc3b285e5
"Does the name I enter for the certificate get published anywhere, or is it only printed on the certificate itself?",651ba06b34
"When I set my course profile, which field controls the public leaderboard name and which one is used for the certificate?",651ba06b34
Can I keep my real name off the leaderboard but still have it appear on the certificate?,651ba06b34
"Is the certificate name shared with anyone outside the course, like third parties or public pages?",651ba06b34
"If I want an anonymous nickname on the leaderboard, do I need to use a different name than the one shown on the certificate?",651ba06b34
Why don’t we start with LangChain in this course?,b7cdde6b25
What’s the reason for building the RAG pieces by hand first instead of using a framework?,b7cdde6b25
Is LangChain required for the course assignments or projects?,b7cdde6b25
"What do we learn by implementing prompting, retrieval, indexing, and evaluation ourselves before any framework?",b7cdde6b25
Why is it better to understand the basic LLM app parts before moving on to tools like LangChain?,b7cdde6b25
Why do I get an OpenAI API error about insufficient credits when I run responses.create?,f5df151c59
"What does the OpenAI error ""Insufficient credits"" mean in the responses.create call?",f5df151c59
How can I fix the OpenAI API error I see when using responses.create?,f5df151c59
Is the responses.create command failing because my OpenAI account has no credits left?,f5df151c59
Why does OpenAI responses.create stop with an insufficient credits message?,f5df151c59
Why am I getting a 429 RateLimitError from OpenAI even though my code looks fine?,152af39a53
Does this error mean I hit some free usage limit on the OpenAI API?,152af39a53
What should I do to fix the insufficient_quota message in OpenAI?,152af39a53
Do I need to add billing or credits before I can use the API in this course?,152af39a53
Should I change the model name or recreate my API key after topping up my account?,152af39a53
How much does it usually cost to use the OpenAI API for this course?,554d0eb78b
Do I need to spend a lot of money on OpenAI API calls in the RAG module?,554d0eb78b
"What’s the minimum I can top up my OpenAI account with, and is that enough for the course?",554d0eb78b
Will using the OpenAI API for the assignments end up being expensive?,554d0eb78b
"If I start with $5 on OpenAI, is that usually enough for the course work?",554d0eb78b
Do I actually need to pay for the OpenAI API to finish the homework in this course?,85384a18e5
"Is a paid OpenAI subscription required for the llm-zoomcamp assignments, or can I use something free instead?",85384a18e5
"For Module 1 RAG, do I have to use OpenAI API, or are there cheaper alternatives I can use?",85384a18e5
Where can I find the list of OpenAI API alternatives for this course on GitHub?,85384a18e5
"Can I complete the course without subscribing to OpenAI, and if so, what options are available?",85384a18e5
Why are we using uv in the course instead of just pip and virtualenv?,f81dea8f7e
What makes uv better or easier than the usual Python setup tools?,f81dea8f7e
"Do I have to switch to uv, or can I still use pip and virtualenv for the exercises?",f81dea8f7e
"How does uv manage Python versions, environments, and dependencies all in one place?",f81dea8f7e
"What problem is uv solving compared with using separate tools like poetry, pyenv, and pip-tools?",f81dea8f7e
Why does my Jupyter notebook not see OPENAI_API_KEY even though I put it in .env?,86d99bbf21
Do I need python-dotenv to use an OpenAI key from a .env file in the notebook?,86d99bbf21
What should I run before creating the OpenAI client so the API key gets loaded in Jupyter?,86d99bbf21
Could the key not be found because the env variable name is wrong in my .env file?,86d99bbf21
How do I make sure the notebook can read OPENAI_API_KEY from the environment file?,86d99bbf21
How do I keep my API keys out of Git and still use them in my Python code?,233dabe430
What’s the easiest way to load OpenAI or Groq keys from a .env file in a RAG project?,233dabe430
Do I need any package to read environment variables from a .env file in Python?,233dabe430
"How should I set up a .env file for keys like OPENAI_API_KEY, GROQ_API_KEY, or GEMINI_API_KEY?",233dabe430
Can you show the usual pattern for ignoring .env and loading it with python-dotenv?,233dabe430
"Can I swap the homework model for something else, or do I have to stick to the recommended one?",ee43413718
"Is it okay to do the assignment with Gemini, Groq, OpenRouter, Azure OpenAI, or even a local model?",ee43413718
"Do I need to pay for a model service to finish the RAG homework, or is there a free option?",ee43413718
"If I use a different LLM provider, what parts of the code usually need changing?",ee43413718
Where can I find a list of OpenAI API alternatives that work for this course?,ee43413718
"How can I set up Gemini in the Module 1 notebook using the OpenAI-compatible API, and what do I need in my `.env` file?",0ae5c221b9
What model name and client settings should I use if I want to call Google Gemini through OpenAI-style chat completions?,0ae5c221b9
I’m trying to run the Module 1 RAG notebook with Gemini instead of OpenAI — what changes do I need in the code?,0ae5c221b9
"Why does the notebook code need to be adjusted when using the Gemini OpenAI-compatible endpoint, especially for responses and tools?",0ae5c221b9
Can you show the basic `llm` helper setup for Gemini in the course notebook without using the newer Responses API?,0ae5c221b9
How do I get Pydantic parsed output from Gemini if `responses.parse` isn't supported on the OpenAI-compatible endpoint?,341f71f28c
Should I use the newer Responses API or the old chat completions parse flow for structured Gemini output?,341f71f28c
What’s the easiest way to make Gemini return a `Questions` Pydantic object through the OpenAI SDK?,341f71f28c
How can I call Gemini from `OpenAI(base_url=...)` and still get `response.choices[0].message.parsed`?,341f71f28c
"Do I need to manually JSON-parse Gemini answers, or is there a built-in `chat.completions.parse` option for this?",341f71f28c
"How do I install Ollama on macOS, Windows, or Linux for the RAG module?",1d0b969028
"After installing Ollama, what do I run to start llama3 locally and check that it works?",1d0b969028
Is there a quick way to test whether the Ollama server is up on localhost?,1d0b969028
What command should I use on Linux to install Ollama from the terminal?,1d0b969028
How do I install the Python Ollama client and use it in a simple chat example?,1d0b969028
How do I fix a connection refused error when I try prompting Ollama in the RAG homework?,c6fc2d4d11
"My Ollama RAG setup says connection refused — do I need to restart the server, and how?",c6fc2d4d11
"If Ollama stops responding during the homework, what command should I run to bring the server back up?",c6fc2d4d11
"After restarting my notebook, do I have to rerun the cell that starts `ollama serve`?",c6fc2d4d11
What’s the quickest way to recover from a refused connection error with Ollama in this module?,c6fc2d4d11
Why do I get a different token count from OpenAI than from `tiktoken.encode()`?,bf0403d21b
"If my prompt text shows 320 tokens, why can the API say 327 tokens?",bf0403d21b
Does `chat.completions.create()` add extra tokens behind the scenes?,bf0403d21b
How many tokens does each chat message format add on top of the text itself?,bf0403d21b
"Could newlines, spaces, or weird Unicode make OpenAI count more tokens than I expect?",bf0403d21b
"How can I keep my OpenAI API key loaded automatically when I enter a project folder, without typing export every time?",8b2f5e9d04
Is there an easier tool than direnv for loading both .env and .envrc across different shells and operating systems?,8b2f5e9d04
What should I put in my shell rc file and project files so dirdotenv loads my API key on cd?,8b2f5e9d04
"Do I need to ignore .env and .envrc in git, and what’s the safest way to do that for this setup?",8b2f5e9d04
"If I’m using GitHub Codespaces or a Python script, what’s the recommended way to handle environment secrets and load .env?",8b2f5e9d04
How do I decide the best field weights for minsearch if I want to tune ranking properly?,87d4ea4e08
Is there a good way to test different search field weights instead of just guessing them?,87d4ea4e08
What’s the recommended process for picking field weights when working with a search engine like minsearch?,87d4ea4e08
"Should I use trial and error for search weights, or is there a more reliable evaluation method?",87d4ea4e08
How can I measure whether one set of field weights is better than another for retrieval?,87d4ea4e08
What’s the best way to clean up docs before using them in a RAG pipeline?,649c280e6d
"When I prep data for retrieval, what should I remove and what should I keep?",649c280e6d
"Do I need to convert my source files into JSON for RAG, or is that optional?",649c280e6d
How should I chunk documents so the retriever doesn’t lose context?,649c280e6d
What kind of metadata is worth keeping when preparing documents for RAG?,649c280e6d
"When uv shows “Failed to hardlink files” in GitHub Codespaces, should I worry that the install broke?",acf8fa5356
"Why does uv complain about hardlinking between cache and the environment in Codespaces, and is the package still installed anyway?",acf8fa5356
How can I stop the uv hardlink warning from appearing in my current terminal session?,acf8fa5356
What’s the easiest way to make uv always use copy mode instead of hardlinking in Codespaces?,acf8fa5356
Is there a uv setting or shell change I can add so this warning won’t come back after I restart the terminal?,acf8fa5356
"Why am I getting dotenv is not recognized, and what package do I need to install?",0bed1f48da
What should I add with uv if load_dotenv keeps failing?,0bed1f48da
Do I need python-dotenv for using .env files in Python?,0bed1f48da
How do I install the module that gives me load_dotenv()?,0bed1f48da
What is the fix when dotenv isn't available in my RAG setup?,0bed1f48da
"Can I do this course on my own laptop instead of using Codespaces, or is Codespaces required?",aa310de435
What do I need installed if I want to run Module 1 locally rather than in Codespaces?,aa310de435
"Is it okay to use a local setup for the RAG module, and how hard is it to get everything working?",aa310de435
"If I skip Codespaces and run the course on my machine, what tools should I be ready to configure?",aa310de435
"When using my own environment for the course, do I need to keep notes so I can reproduce the setup later?",aa310de435
"If I leave my code in GitHub Codespaces and don’t commit, is it still saved somewhere?",610ccb23c0
"Does uncommitted work in Codespaces stay on the Linux VM only, or does it go to my repo automatically?",610ccb23c0
What happens to my changes in Codespaces if the VM stops or gets deleted before I commit?,610ccb23c0
"Do I really need to commit often in Codespaces, or is the saved VM enough?",610ccb23c0
Is code in Codespaces safe if I forget to push it to GitHub for a while?,610ccb23c0
Why does WSL2 say my model needs more system memory than is available even though my PC has enough RAM?,f3dd94f323
How can I give WSL2 more RAM so I can run this model without the memory error?,f3dd94f323
"Where do I put the .wslconfig file to increase WSL2 memory, and what should it look like?",f3dd94f323
"After changing WSL2 memory settings, how do I restart it and check that the new RAM limit is applied?",f3dd94f323
"Is WSL2 using only part of my computer memory by default, and can I change that limit?",f3dd94f323
My Codespace is stuck on finishing up and never connects — what’s the quickest thing to try first?,830f3d2018
"If GitHub Codespaces keeps failing to open, should I use browser VS Code, another browser, or just recreate it?",830f3d2018
Why did my installed tools and setup disappear after a rebuild or new Codespace?,830f3d2018
"Do files in /workspaces survive stop and start, and what happens to uncommitted changes if I delete the Codespace?",830f3d2018
"If Codespaces stays flaky no matter what, can I switch to running the course locally instead?",830f3d2018
"Can I swap OpenAI for another LLM provider in the RAG module, or is the course locked to OpenAI?",c6ff9083c0
"If I use something like Groq, OpenRouter, DeepSeek, or Gemini, what do I actually need to change in the course code?",c6ff9083c0
"Are local models with Ollama, vLLM, or LM Studio okay for the assignments, or do they break the setup?",c6ff9083c0
What should I do if the provider used in the course is blocked in my region or I can't get an API key?,c6ff9083c0
Is there a list of good OpenAI-compatible alternatives or local model options for this course?,c6ff9083c0
How can I stop getting 429 errors from OpenAI while running the course notebooks?,8e21752415
What’s the easiest way to deal with OpenAI rate limits when a loop makes tons of requests?,8e21752415
"Should I use retries or backoff if the API keeps throwing 429s, and how do I set that up?",8e21752415
How do I keep my notebook from re-calling OpenAI every time I rerun it?,8e21752415
"If I’m hitting the limit too fast, is it better to lower the worker count or batch requests together?",8e21752415
"In agentic RAG, what exactly counts as a tool or function, and what kinds of tasks can the model hand off to it?",c296ea5a21
"Are tools and functions actually different in this course, or can I treat those words as the same thing?",c296ea5a21
"How does a tool call work in agentic RAG when the model needs outside help like search, database lookup, or an API request?",c296ea5a21
What is the main difference between agentic RAG and basic RAG when it comes to deciding when retrieval or a tool is used?,c296ea5a21
Why is the model choosing when to call a function such a big deal in agentic RAG compared with the usual fixed retrieval step?,c296ea5a21
"What are some free models I can use with tool calling for development, like on Groq?",0d74a3616f
"Does Groq support tool use on models such as Deepseek R1 or Llama 4, and are they free to try?",0d74a3616f
"Besides OpenAI, which providers support function calling or tools for agentic RAG?",0d74a3616f
"If I switch from OpenAI to Mistral, Gemini, or Ollama, will I need to change my code?",0d74a3616f
Where can I read the docs for Groq tool use and see how the schema works?,0d74a3616f
Why do I get `AttributeError: 'str' object has no attribute 'output'` when I try `client.responses.create(...)` with Mistral or Groq?,9e7b3f0c25
"Is the OpenAI Responses API only meant for OpenAI models, or can I use it with other providers too?",9e7b3f0c25
What should I use instead of `response.output` when my model is not from OpenAI?,9e7b3f0c25
How do I change my code to work with `chat.completions.create(...)` instead of the newer Responses API?,9e7b3f0c25
"If my provider works better with the old chat completions interface, is it still fine to use that for the homework or project?",9e7b3f0c25
I'm getting a 400 error in Azure OpenAI saying `tools[0].function` is missing — what should I change in my tool definition?,b9c7c6bb34
How do I format the `get_weather_tool` JSON so Azure OpenAI accepts it without the missing parameter error?,b9c7c6bb34
"What is the correct structure for a weather function tool in Azure OpenAI, especially the `function` part?",b9c7c6bb34
Why does my tool call keep failing with `Missing required parameter: 'tools[0].function'` and what does the JSON need to look like?,b9c7c6bb34
Can you show me the proper `get_weather_tool` config for the weather example when using Azure OpenAI?,b9c7c6bb34
"Why do I get a 404 with toyaikit when I try Groq or another non-OpenAI API, and what should I change to make it work?",0224d980b3
How can I set up toyaikit with Groq using the OpenAI-compatible chat completions endpoint instead of the Responses endpoint?,0224d980b3
What’s the right way to use toyaikit with Anthropic models like Claude instead of OpenAI models?,0224d980b3
"In toyaikit, when should I use `runner.loop(prompt=...)` versus `runner.run()` if I just want to call it from code?",0224d980b3
"Why does Groq sometimes show an `UnknownModelWarning` in toyaikit, and does that mean the request failed?",0224d980b3
Where do I actually find the Module 1 homework questions for this year’s cohort?,53f15299b6
"Is the homework in the GitHub repo, the course platform, or both?",53f15299b6
Can someone point me to the 2026 Module 1 homework instructions link?,53f15299b6
"Do I need to check the course management platform for the homework, or is GitHub enough?",53f15299b6
"Where are the homework links for Module 1, and which one should I read first?",53f15299b6
"Why am I getting an empty list back after filtering my query in the homework, and could this be an indexing issue?",83da208a64
"For HW Q3, do I need to set the index settings before I load the data, or can I do it after?",83da208a64
My query runs but returns nothing after applying filters — what should I check first?,83da208a64
Is the reason my filtered search is empty because I added the documents before configuring the index?,83da208a64
"In the homework, what’s the fix if filtering makes the result list come back empty?",83da208a64
Why do I get a 402 error from OpenRouter when I call responses.create() in the homework?,cfb07a27d5
How do I stop OpenRouter from rejecting my API call because of max_output_tokens?,cfb07a27d5
What should I change in rag_helper.py so responses.create works with OpenRouter?,cfb07a27d5
"For ToyAIKit in Module 1 Q6, where do I set the output token limit?",cfb07a27d5
"Is this 402 problem the same as OpenAI’s quota error, or is OpenRouter doing something different?",cfb07a27d5
"In the Module 1 homework, what does it mean when people say to point RAG at the chunk index instead of the full docs?",b4300adeb1
Should I build the search index from the original documents or from the split chunks in the homework?,b4300adeb1
"When setting up RAG for the assignment, do I run fit on documents or on chunks?",b4300adeb1
Why does the homework say the retriever should use the chunked index rather than the full document index?,b4300adeb1
"After chunking the data, what exactly should go into the prompt: the whole documents or only the retrieved chunks?",b4300adeb1
"For the module 1 homework, do I need my numeric answer to match one of the choices exactly, or is being close enough?",5e4ca64cb5
"If my homework result is a little different from the listed options, should I still pick the nearest one?",5e4ca64cb5
What usually causes small mismatches between my calculated answer and the multiple-choice options in the homework?,5e4ca64cb5
"When should I worry that my homework answer is off, instead of just choosing the closest option?",5e4ca64cb5
"Could differences in dataset version, filtering, or rounding explain why my homework answer does not match the options exactly?",5e4ca64cb5
Where should I look first if the homework wording in Module 1 is confusing or not enough to understand what to do?,7d3a2e3505
"Do I need to read the GitHub homework instructions too, or is the course platform page enough for Module 1?",7d3a2e3505
"For the 2026 Module 1 assignment, which links should I open to find the cohort materials and the homework steps?",7d3a2e3505
Why does the homework sometimes feel different from the lesson if it is based on the same topic?,7d3a2e3505
"If I still can’t figure out the homework after checking the instructions, what’s the best way to ask for help in Slack?",7d3a2e3505
How can I get the token count for Module 1 homework if I’m using a provider that isn’t OpenAI?,fe8fed31e6
Where should I look in the response object to find token usage for the homework answer?,fe8fed31e6
"Can I just use tiktoken or cl100k_base for Gemini, Mistral, Groq, or Hugging Face in this homework?",fe8fed31e6
What should I do if my model provider doesn’t give me any token usage info at all?,fe8fed31e6
"For the multiple-choice questions in Module 1, how am I supposed to answer if the token count is only approximate?",fe8fed31e6
"Why does my homework repo link get rejected with a 404 or 500, and what should I change so the checker can open it?",bcdb8740ce
Do I need to make my GitHub repo public for the module 1 homework submission to work?,bcdb8740ce
"Should I submit the GitHub URL with .git at the end, or just the normal repo link?",bcdb8740ce
How can I quickly check if the repo URL I pasted is accessible to the submission system?,bcdb8740ce
What are the most common reasons a homework repo URL returns a non-200 status even though the link looks correct?,bcdb8740ce
"What exactly are embeddings in vector search, and why do we need them?",69430a79a8
How does an embedding model turn text or other non-numerical data into numbers without losing the meaning?,69430a79a8
Why do similar inputs end up with similar vectors when using embeddings?,69430a79a8
How does the distance between embedding vectors help measure semantic similarity?,69430a79a8
"What is the connection between embeddings, vector space models, and dimensionality reduction?",69430a79a8
"How do I get rid of the warning about ""multi-qa-mpnet-base-dot-v1"" being made on sentence transformers v3.0.0 beta?",aa3f597424
Is there a way to suppress the sentence-transformers warning for model multi-qa-mpnet-base-dot-v1?,aa3f597424
What should I install to stop that beta version warning from sentence-transformers?,aa3f597424
"Why am I seeing a warning that this model was made on sentence transformers v3.0.0 beta, and how can I fix it?",aa3f597424
"Do I need to upgrade sentence-transformers to avoid the ""was made on v3.0.0 bet"" message?",aa3f597424
"Why did the lesson use dot product directly for cosine similarity, but the homework says to normalize vectors first?",92cd22cada
Is dot product the same as cosine similarity for the embeddings used in class?,92cd22cada
Why can we skip normalization with the model embeddings in the lesson?,92cd22cada
What changes in the homework that makes normalization necessary before comparing vectors?,92cd22cada
"When is `.dot(...)` enough for similarity, and when do I need to normalize first?",92cd22cada
"For vector search in this module, do I need to embed the question, the answer text, or both together?",5c4a8d2e60
"Is there a recommended embedding choice for this dataset, or is it something I should test myself?",5c4a8d2e60
Why would embedding only the answer work if the user is searching with a question?,5c4a8d2e60
What’s the point of embedding just the question instead of the full Q&A text?,5c4a8d2e60
"Should I use question + text for embeddings, or does that just add extra cost without much benefit?",5c4a8d2e60
How do people calculate cosine similarity between two vectors in text search?,db78580409
Why is cosine similarity used for comparing documents instead of just raw word counts?,db78580409
"What does it mean when cosine similarity is 1, 0, or -1?",db78580409
Can cosine similarity be used with TF-IDF vectors for document matching?,db78580409
"In vector search, how does the angle between two vectors relate to their similarity?",db78580409
Why does cosine similarity turn into a matrix multiplication once the vectors are normalized?,95feb4e75b
"If all embeddings are unit length, why is the dot product enough to compare them with the query?",95feb4e75b
How does normalizing the query and document vectors make cosine similarity faster to compute?,95feb4e75b
What’s the reason cosine similarity can be done with a matrix multiply instead of a separate formula for each vector?,95feb4e75b
"When embeddings are already normalized, why do we not need to worry about their magnitude in cosine similarity?",95feb4e75b
"For Module 2, do I have to make a brand new GitHub repository, or can I reuse the one I already have and just open another codespace?",1e829a8c6f
Why does the course suggest using a separate codespace for the vector search module instead of keeping everything in the same one as Module 1?,1e829a8c6f
"If I create a fresh codespace for Module 2, will it still come from my existing repo, or is it tied to some new repository setup?",1e829a8c6f
What should I do with my Module 2 work if I might delete the codespace later — is committing to GitHub enough?,1e829a8c6f
"Is there any setup benefit to starting Module 2 in a new codespace, or is it only needed because the dependencies are heavier?",1e829a8c6f
Why does download.py stay stuck at 0% when it tries to get model.onnx from HuggingFace?,29b69fbe0b
What should I do if the model download from HuggingFace never moves past 0%?,29b69fbe0b
Can I grab model.onnx manually instead of waiting for download.py to finish?,29b69fbe0b
Where do I put the onnx/model.onnx file so the script stops trying to download it again?,29b69fbe0b
Does download.py skip the HuggingFace download if the model file is already on my machine?,29b69fbe0b
Why do the vector search scores from `X.dot(v_query)` and the loop version come out a bit different even though they should be the same?,e889793af9
"Is it normal if `np.allclose(scores, scores_loop)` returns `False` when I compare the matrix and for-loop implementations?",e889793af9
What causes tiny mismatches between dot product results from BLAS and a Python loop in vector search?,e889793af9
Should I worry if the two vector search methods give slightly different numbers in the last few decimal places?,e889793af9
How should I compare the matrix-based and loop-based vector search outputs without expecting an exact match?,e889793af9
Why am I getting IndexError: list index out of range when I try to access the best chunk in my vector search code?,1a7b27c4df
What usually causes the best-chunk lookup to fail with list index out of range after embedding my docs?,1a7b27c4df
How do I fix the mismatch between embeddings and chunks so I don’t get an IndexError?,1a7b27c4df
"Should I be building embeddings from the whole chunks list, and not from something else, to avoid this error?",1a7b27c4df
My X matrix and chunks count seem off — what’s the right way to create embeddings so they match?,1a7b27c4df
"For the Module 2 homework, my Q2 cosine similarity is way off and none of the choices match — could I be using the wrong embedding model?",eaa17a9dc6
"In homework 2, am I supposed to use sentence-transformers, or is there a specific Embedder.py setup I should follow for cosine similarity?",eaa17a9dc6
Why do I get a cosine value that doesn't appear in the multiple-choice options even though my code runs fine for Q2?,eaa17a9dc6
"What exactly should I be embedding in Module 2 — the content text, the whole record, or something else?",eaa17a9dc6
"If my cosine similarity is still a little different after using the right model, should I worry about normalization or just choose the nearest answer?",eaa17a9dc6
How should I set up Gemini API keys for Kestra so the flows can use them?,3860e5fe8b
"Do I need both `GEMINI_API_KEY` and `SECRET_GEMINI_API_KEY`, or is one enough?",3860e5fe8b
What’s the right way to add OpenAI and Tavily keys for the orchestration exercises?,3860e5fe8b
"Why does Kestra want the secret values base64-encoded, and where do I put them?",3860e5fe8b
"In a Kestra flow, how do I reference an API key secret without exposing the actual value?",3860e5fe8b
"Why does Kestra AI Copilot keep saying it can only help with Kestra flows, and what should I check first?",04440cab11
"In Kestra open-source, do I need to set a different Gemini variable for the Copilot than for the flows?",04440cab11
"I already have a secret Gemini key for my flows, but the Copilot still refuses to answer — what am I missing?",04440cab11
"What’s the exact environment variable name the Kestra Copilot reads, and do I need to restart after setting it?",04440cab11
"Could this Copilot error be caused by a bad key, missing export, or Gemini quota limit, and how can I tell?",04440cab11
Why does Kestra say my Gemini key is missing even though I already exported SECRET_GEMINI_API_KEY?,c8ca21af33
Could base64 encoding be breaking my secret in Kestra if I used echo instead of echo -n?,c8ca21af33
"Do I need to restart the Kestra container after changing environment variables, or will it pick them up automatically?",c8ca21af33
"In my flow, should I call the secret as SECRET_GEMINI_API_KEY or just GEMINI_API_KEY in the secret() function?",c8ca21af33
What's the easiest way to load Gemini and other API keys into Kestra without messing up the shell export?,c8ca21af33
Why do we even need an orchestrator like Kestra instead of just running everything in a notebook?,193612db63
"If a notebook already works for experiments, what problems does Kestra solve in a real AI workflow?",193612db63
"How does Kestra help with things like retries, scheduling, monitoring, and secret handling?",193612db63
"In this module, why is Kestra used for AI Copilot, RAG, and agents instead of just coding those in cells?",193612db63
"Can I switch between OpenAI, Gemini, and Anthropic in a Kestra flow without rewriting the rest of the workflow?",193612db63
"Do I have to use Kestra for the whole LLM Zoomcamp, or is it only for Module 3?",cce328db64
"For the capstone project, can I use Airflow, Prefect, Dagster, or even skip an orchestrator entirely?",cce328db64
"If I build the ingestion pipeline with a plain Python script, does that still count for full points?",cce328db64
Why does the course teach Kestra in Module 3 instead of Airflow or another scheduler I already know?,cce328db64
"Can I swap OpenAI, Gemini, or Anthropic inside a Kestra flow without rewriting the rest of the pipeline?",cce328db64
"Does Kestra only work with Gemini, or can I plug in OpenAI, Anthropic, xAI, Groq, or even a local model like Ollama?",f442efe5b4
"If I already have a flow using one AI provider in Kestra, do I need to rewrite the whole workflow to switch to another one?",f442efe5b4
What’s the difference between Kestra’s generic AI plugin and the vendor-specific ones like the Gemini or OpenAI plugin?,f442efe5b4
"For OpenAI-compatible services like Groq or DeepSeek, do I use the normal OpenAI plugin and just change the base URL?",f442efe5b4
"Why does the course example use Gemini instead of other providers, and is there a list of free or free-tier alternatives I can try?",f442efe5b4
Is there a way to build a Kestra flow without writing YAML by hand?,bfe5502c30
"Does Kestra have a no-code editor, or is it still more like editing config?",bfe5502c30
Can I use AI Copilot in Kestra to create a workflow from a plain English prompt?,bfe5502c30
Are there any external tools or agents that can generate Kestra flows and send them in directly?,bfe5502c30
"For really simple automations, should I use Kestra or is something like Zapier/n8n easier?",bfe5502c30
"Why does ChatGPT sometimes invent Kestra YAML fields like bucket or name, and how can I check the real ones?",93a3e8b98c
What’s the right way to write a GCS upload step in Kestra instead of using fake bucket/name properties?,93a3e8b98c
"In the BigQuery LoadFromGcs plugin, should I set projectId, dataset, and table separately, or use destinationTable?",93a3e8b98c
How do I keep an AI-generated Kestra flow from breaking because of plugin version differences?,93a3e8b98c
Is there a way to verify Kestra YAML against the current plugin schema before I run it?,93a3e8b98c
Why do we need to track token usage in Kestra flows that call LLMs?,a4adc70f41
How does monitoring tokens help with controlling LLM costs in a scheduled workflow?,a4adc70f41
What can I learn from token counts when I'm tuning prompts or outputs?,a4adc70f41
Why is token tracking especially important in loops or long-running Kestra tasks?,a4adc70f41
How do you usually get token usage from an LLM response and use it in logs or dashboards?,a4adc70f41
How can I fix the Docker Desktop error that says the path under /tmp is not shared from the host when I run Kestra?,dd8b4c9fda
What should I do in Docker Desktop if I get a mounts denied message for something like /tmp/kestra-wd?,dd8b4c9fda
"Why does Docker complain that /tmp is not shared, and how do I add it so my container can start?",dd8b4c9fda
Where in Docker Desktop do I enable file sharing for /tmp so `docker compose up -d` works again?,dd8b4c9fda
"After I see the host path sharing error in Docker, what exact setting do I need to change and then restart?",dd8b4c9fda
"For the Module 3 Kestra homework, what exactly should I put in the public repo if all my work was done in the Kestra UI?",f29f622684
"Do I need to upload the Kestra flow YAML files for homework submission, or is a README with my answers enough?",f29f622684
"If my Kestra homework used some scripts too, should those be included in the repo along with the flows?",f29f622684
Where should I place the exported Kestra flows in the repository before I submit the link?,f29f622684
"In the Module 3 homework form, do I paste my Q1, Q2 answers into the repo, or are those supposed to go somewhere else?",f29f622684
Why do I get `JSONDecodeError: Expecting value` when I try to parse the LLM output with `json.loads()`?,a3c7e1b4f9
How can I make the model return only valid JSON instead of a markdown code block or extra text?,a3c7e1b4f9
What prompt should I use if I want the LLM to output exactly a JSON object with a `questions` list?,a3c7e1b4f9
"Can I force JSON output with OpenAI when generating ground-truth questions, and what does the code look like?",a3c7e1b4f9
Is there a similar way to require JSON output with other providers like Gemini or Groq?,a3c7e1b4f9
Why does my Jupyter notebook/kernel crash when I try to embed the ground-truth set in Module 4?,b8f2d6a30c
What can I do if embedding the eval data uses too much RAM on Codespaces or my laptop?,b8f2d6a30c
Is there a smaller sentence-transformers model I can switch to for the evaluation notebook?,b8f2d6a30c
"If I change the embedding model, do I need to run the evaluation metrics again?",b8f2d6a30c
Can I avoid the memory issue by moving the embedding step to a separate script or by batching the data?,b8f2d6a30c
Why does adding `time.sleep(4)` still not stop me from getting rate-limit errors when I’m building the ground-truth set with Gemini?,c1e9f4b820
What should I do if I keep hitting Gemini limits while generating lots of eval data in one long loop?,c1e9f4b820
Is there a cheaper way to generate the whole ground-truth dataset without running into per-day quota issues?,c1e9f4b820
Can I use another model or provider with better free-tier limits for this task?,c1e9f4b820
How can I avoid losing all my progress if the API cuts me off halfway through the dataset generation?,c1e9f4b820
How do I fix the WinError 126 error when Python says it can’t load fbgemm.dll on Windows?,15e931476c
"What should I install if I get ""The specified module could not be found"" for torch\lib\fbgemm.dll in Windows?",15e931476c
"Is Visual C++ Redistributable enough to solve the fbgemm.dll import problem, or do I need something else too?",15e931476c
"Why does PyTorch fail with a missing fbgemm.dll error on my Windows machine, and how can I make it work?",15e931476c
Do I need Visual Studio or Visual Studio Code to fix the torch fbgemm.dll dependency error on Windows?,15e931476c
"Why do I get ""could not translate host name postgres"" when I run prep.py, and what should I change in my .env file?",4b65d5542d
How can I fix the psycopg2 OperationalError saying the postgres host can’t be resolved?,4b65d5542d
My prep.py fails with a No such host is known error for postgres — is there a config setting I need to update?,4b65d5542d
What should POSTGRES_HOST be set to if python prep.py throws an OperationalError about the postgres hostname?,4b65d5542d
"I’m seeing a psycopg2 connection error with host name postgres, how do I make it work locally?",4b65d5542d
How do I make Pandas stop cutting off long text in a column and show the full explanation instead of the default 50 chars?,641aedbbf5
"In the offline-rag-evaluation notebook, what setting should I use to see the whole LLM judge Explanation column?",641aedbbf5
"Why does my Pandas dataframe keep showing ""..."" in long text cells, and how can I display the full content?",641aedbbf5
What option do I need to change in Pandas if I want unlimited column width for text output?,641aedbbf5
Is there a quick way to show the entire explanation text in a dataframe column without truncation?,641aedbbf5
How can I normalize a vector stored in a Pandas DataFrame column?,5039707c1a
What's a simple way to make each row vector in a Pandas Series have unit length?,5039707c1a
"In Pandas, how do I divide each vector by its norm in a new column?",5039707c1a
Is there a quick lambda or apply trick to normalize vectors in a dataframe column?,5039707c1a
How do I use NumPy with Pandas to normalize vectors from one column into another?,5039707c1a
How do I calculate the 75th percentile for a column in a Pandas DataFrame?,b4c8ac5a0c
What’s the Pandas way to get the 0.75 quantile from a Series?,b4c8ac5a0c
"How can I compute a column percentile in pandas, like the 75% one?",b4c8ac5a0c
Is there a simple method to find quantiles for a DataFrame column in Pandas?,b4c8ac5a0c
"What code do I use to get the 0.75 quantile of df[""col""]?",b4c8ac5a0c
"How do I wipe out every Docker container from the terminal, even the ones still running?",66ccbb7da0
What’s the command to force-delete all Docker images at once?,66ccbb7da0
How can I remove every Docker volume using a single terminal command?,66ccbb7da0
"Is there a quick way to clean my Docker setup by deleting all containers, images, and volumes?",66ccbb7da0
What terminal commands should I run if I want to completely reset Docker and clear everything out?,66ccbb7da0
"How can I make Streamlit let a user give feedback only once per submission, like just one +1 or -1 after pressing ask?",2e729f1271
Why does `st.session.submitted` keep getting set back to True even after I click a feedback button in Streamlit?,2e729f1271
"When the ask button is used, what’s the best way to disable the feedback buttons if `st.session.submitted` is false?",2e729f1271
I’m seeing my Streamlit session state change unexpectedly after feedback is submitted — is there a known fix for this reassignment issue?,2e729f1271
Is there a workaround or solution for `st.session.submitted` being reassigned after one of the feedback buttons is pressed?,2e729f1271
"Why do I get ""streamlit: executable file not found in $PATH"" when I start my app with docker-compose, even though it works outside Docker?",e8df9f0d12
What do I need to change in my Docker setup if a Streamlit app keeps failing to launch from docker-compose with an exec error?,e8df9f0d12
"Is the fix for the ""failed to create shim task"" / ""streamlit not found"" Docker error to rebuild the image, and if so, how?",e8df9f0d12
Do I have to create a Dockerfile and update docker-compose separately to run Streamlit inside the container?,e8df9f0d12
My Streamlit project runs locally but not in docker-compose. What should I check in the container config to make sure Streamlit is available?,e8df9f0d12
"Is the capstone project supposed to be done individually, or can we submit it as a group?",0fab61eca2
Can I work with other students on the capstone if each person still has their own part?,0fab61eca2
"If two people build one shared system, is that acceptable for the project?",0fab61eca2
Does each student need a separate repo and a project that can be graded on its own?,0fab61eca2
What happens if the project can't be checked separately for each person?,0fab61eca2
"Do I need to submit two capstone projects, or just one?",d5fc98925d
What exactly does attempt 1 and attempt 2 mean for the capstone submission?,d5fc98925d
"If my first submission doesn’t pass, can I fix it and send it again later?",d5fc98925d
"Can I submit two projects just to get more practice, and do they need to be different?",d5fc98925d
"If I miss the first submission window, can I still submit in the second one and keep working toward certification?",d5fc98925d
"Can I treat the competition as my capstone project, or are they separate?",e892d44e42
"If I join the math-kaggle-llm competition, does that count toward the capstone?",e892d44e42
Is the capstone supposed to be done in a team if I enter the competition with others?,e892d44e42
Can we form teams for the math-kaggle-llm competition even though the capstone is individual?,e892d44e42
"What’s the rule here: does entering the competition replace the capstone, or do I still need to do the capstone on my own?",e892d44e42
How will my capstone project be graded in this course?,9a2e2d2008
Who checks the capstone submission after I turn it in?,9a2e2d2008
"Do I also need to review other students' projects, and what happens if I don't?",9a2e2d2008
"How many peer reviews does each project get, and how is the final score calculated?",9a2e2d2008
What rules should the reviewers use when scoring a capstone project?,9a2e2d2008
"After the submission deadline, how will the project review assignments be shared?",eae0fb50aa
How many projects will each participant get to grade once submissions are closed?,eae0fb50aa
Do we get the review list before or after the deadline passes?,eae0fb50aa
Will the project assignments for grading come in a spreadsheet or some other format?,eae0fb50aa
"For capstone project grading, how many submissions are assigned to each student?",eae0fb50aa
"I already turned in my capstone project, so why am I still not seeing anything to review?",a8a7fef016
"After the submission deadline, when do we actually get projects assigned for review?",a8a7fef016
"Can I pick which projects I want to evaluate, or is it randomly assigned?",a8a7fef016
Is there any way to start reviewing projects before the review list goes out?,a8a7fef016
"My project is submitted, but the review page is empty — is that normal until assignments are released?",a8a7fef016
Where can I look for project ideas and datasets for the capstone?,e76a70cde3
Is there a page with suggested datasets I can use for the project?,e76a70cde3
I need some inspiration for my capstone project — where should I start?,e76a70cde3
Do you have any tips or guidelines plus dataset suggestions for the project?,e76a70cde3
What’s the best place to find example ideas and data sources for this project?,e76a70cde3
"For the capstone project, do I actually need Airflow, Mage, or Kestra, or is a simple Python script fine for the ingestion part?",d4f7c08ea1
Will I lose points in the capstone if I don’t use an orchestration tool and just ingest and index the data with Python?,d4f7c08ea1
"Is a Jupyter notebook acceptable for the ingestion pipeline in the capstone, and if so, how many points is it worth?",d4f7c08ea1
When does it make sense to add an orchestrator to the capstone project instead of just using a script?,d4f7c08ea1
"Should I include an orchestration tool in the capstone just to satisfy the ingestion pipeline requirement, or only if the project really needs it?",d4f7c08ea1
How can I evaluate a recommender-style RAG project when I don’t have obvious ground-truth Q&A pairs?,9b0e2d6a47
What’s a good way to create synthetic test queries for ranking evaluation in a RAG system?,9b0e2d6a47
"For a recommender-type retrieval task, should I use hit rate, MRR, or NDCG — and why?",9b0e2d6a47
How do I ask an LLM to judge the quality of full RAG responses with a fixed rubric?,9b0e2d6a47
"If my task has multiple acceptable results, is NDCG better than just checking whether the top result is correct?",9b0e2d6a47
"For a big corpus with long PDFs and lots of paragraphs, what chunking approach should I start with?",6f2a8b3d10
Is it better to use fixed-size chunks first or ask an LLM to split documents into sections?,6f2a8b3d10
"Should I add summaries to each chunk, and does that actually help retrieval?",6f2a8b3d10
"When documents are long and structured, like legal or financial files, do I need BM25 or is dense search enough?",6f2a8b3d10
What tools do you recommend for turning PDFs into cleaner text before chunking?,6f2a8b3d10
"What exactly does reproducibility mean for the capstone project, and do reviewers need my API keys to run it?",e5d8a2c761
How should I set up the repo so someone can clone it and rebuild the search index from scratch?,e5d8a2c761
"Should I include my real credentials anywhere, or is a .env.example enough for the project?",e5d8a2c761
What model should I use if I want reviewers to test the project without spending a lot of credits?,e5d8a2c761
Do I need to lock package versions and mention the Python or Docker version in the README?,e5d8a2c761
"Can I do the homework and final project in JavaScript or TypeScript instead of Python, or is Python basically required?",ea815eb858
"If I build my capstone in Go, Rust, Java, Scala, C#, or R, will that be accepted, or do you expect Python for the review?",ea815eb858
What should I include in the README if I use a non-Python stack so the reviewer can actually run it?,ea815eb858
"Do I need to explain setup separately for Windows, macOS, and Linux if my project is not in Python?",ea815eb858
"Is it okay to use another language for the project at all, or does that make the submission hard to evaluate?",ea815eb858
Where do I look to see earlier LLM Zoomcamp capstone projects?,930286278d
Is there a place with past project submissions for the 2024 and 2025 Zoomcamp?,930286278d
Can I check previous LLM Zoomcamp repositories to understand what a good project should look like?,930286278d
Where are the links for the 2024 and 2025 LLM Zoomcamp projects?,930286278d
How can I browse old LLM Zoomcamp project examples before starting my capstone?,930286278d
"Do I need to reserve my capstone project idea before I start, or can I just begin working on it?",897a350476
Is there any requirement to announce my project topic in advance for the LLM Zoomcamp capstone?,897a350476
Can I ask for feedback on my project idea in Slack even if I haven't started yet?,897a350476
"Are topics that are similar to previous capstone projects allowed, or do they have to be totally unique?",897a350476
Where can I check past LLM Zoomcamp projects to get an idea of the expected scope?,897a350476
Can I build my capstone as a Telegram or WhatsApp bot instead of a web app?,7318a90b14
"Is there any required front end for the project, or can I use a CLI/notebook/slack app?",7318a90b14
Do you have rules about how the project has to be exposed to users?,7318a90b14
"Will the course show how to build the interface, like a bot or app, or do I need to do that myself?",7318a90b14
"If I use a different interface for my project, will it still be okay as long as it passes the evaluation criteria?",7318a90b14
What’s the best tool to pull text out of PDFs for a RAG project if I’m not sure which one to pick?,d8b28c47a0
"If my PDFs are scanned images and don’t have a text layer, what can I use to OCR them for RAG?",d8b28c47a0
"Should I use docling, PyMuPDF, or unstructured for extracting document text, and how do I decide?",d8b28c47a0
"Is there a local OCR option for image-based PDFs, or do I need a hosted API like Mistral OCR?",d8b28c47a0
What’s a good way to test different PDF extraction tools on my own files before I start chunking them for RAG?,d8b28c47a0
"Can I use the workshop materials in my own capstone project, or are they just for the class?",d850a0e7ea
"Is it okay to reuse the dlt workshop content in another Zoomcamp project, like the MLOps one?",d850a0e7ea
"Since dlt is open source, does that mean I’m allowed to apply it directly in my own projects?",d850a0e7ea
"If I have questions while using the workshop material in a project, should I ask about it here or elsewhere?",d850a0e7ea
"Can I share or adapt this workshop’s content for other data-loading projects, or is it limited to this course?",d850a0e7ea
How do I create a new dlt project for loading files from cloud storage into DuckDB?,6bceeebf04
What command should I run to initialize a filesystem-to-duckdb dlt pipeline?,6bceeebf04
I want to start a dlt project for cloud file ingestion — what's the setup command?,6bceeebf04
How can I bootstrap a fresh dlt project using the filesystem source and DuckDB destination?,6bceeebf04
Is there a quick init command for a dlt filesystem project that loads into DuckDB?,6bceeebf04
Why am I getting `Table notion_pages___homework does not exist` when I open the table in dlt?,0407213397
"I changed the table name to `notion_pages___homework`, but `open_table()` still fails — what did I miss?",0407213397
How can I fix `FileNotFoundError` for `notion_pages___homework` in the data ingestion workshop?,0407213397
"What causes the `db.create_table(..., data)` error after renaming the Notion table to homework?",0407213397
"If my pipeline still mentions `employee_handbook`, could that be why `notion_pages___homework` can't be opened?",0407213397
Why am I getting FileNotFoundError saying notion_pages___homework table doesn't exist when I run main()?,e95bfafc0e
"In the dlt workshop, what should I put on line 3 to open the homework table correctly?",e95bfafc0e
"How do I fix the error that says I need to call db.create_table(notion_pages___homework, data) first?",e95bfafc0e
What is the correct table name to use instead of the one causing the FileNotFoundError in main()?,e95bfafc0e
My script fails on db.open_table — which table should I open for the homework notebook pages?,e95bfafc0e
How can I see all the tables in my database?,e394e6f738
What method do I use to list database tables?,e394e6f738
Is there a way to check which tables exist in the db?,e394e6f738
How do I get the names of every table in the database?,e394e6f738
What should I call if I want a table list from the db?,e394e6f738
"Does dlt already support a connector for ClickHouse, or would I need to build one myself?",cd19f122f3
Is there any out-of-the-box integration between dlt and StarRocks right now?,cd19f122f3
"Can I use dlt to load data into ClickHouse, or is that connector still missing?",cd19f122f3
"Does dlt include StarRocks support yet, or is it something the community has to add?",cd19f122f3
"If dlt doesn’t have ClickHouse or StarRocks connectors, is there a way for contributors to add them?",cd19f122f3
"Why am I getting a 401 Unauthorized when the notebook calls Notion API search, and what should I check first?",0dfba07ace
My notebook says it has no secret access for api.notion.com/v1/search — is this usually an API key or permission problem?,0dfba07ace
"If Notion API requests suddenly start failing with 401, could an expired token be the reason?",0dfba07ace
What settings or access configs do I need to verify when the Notion notebook can’t authenticate?,0dfba07ace
How do I troubleshoot a Notion API authorization error in the dlt workshop notebook?,0dfba07ace
How do I install the right requests version for lancedb when pip keeps giving me v2.28?,4b30b918bc
What command should I use to get requests 2.32.3 directly from the source instead of the older pip version?,4b30b918bc
"Why am I seeing a 401 Client Error during setup, and could it be related to my API key access or the key being wrong?",4b30b918bc
Is there a way to force-install requests from the GitHub zip so lancedb works with the required version?,4b30b918bc
"When requests installs the wrong release, what’s the quickest fix to pin it to v2.32.3?",4b30b918bc
"Do I actually need to register before I can join the zoomcamp, or can I just start the course?",fde155ddfb
"If I never signed up, am I still allowed to follow along and submit homework?",fde155ddfb
"Is registration required for the cohort, or is it just for tracking interest and stats?",fde155ddfb
Can I start learning and doing assignments while the cohort is live even if I didn't register?,fde155ddfb
Does the course check whether I'm on some registered list before letting me in?,fde155ddfb
"Is this course actually live, or are the lessons already recorded?",7f10dde6f8
When can I start watching the videos for this zoomcamp?,7f10dde6f8
"Do you have any live sessions during the course, like office hours?",7f10dde6f8
"Are the office hours happening in real time, and can I watch them later if I miss them?",7f10dde6f8
Where can I find the course videos and office hours playlist on YouTube or in the course channel?,7f10dde6f8
Can I still join the course if I missed the start date?,2d8b16c2a0
"If I didn't register on time, can I still do and submit the homeworks?",2d8b16c2a0
Are homework submissions allowed after the course has already started?,2d8b16c2a0
Do I need to be registered first in order to turn in assignments?,2d8b16c2a0
"Will I miss everything if I join late, or are homework forms still open?",2d8b16c2a0
I'm just starting the course — what's the best way to begin and where should I look first?,418e8948e7
Do I need to read the pinned messages and bookmarks before going into the lessons?,418e8948e7
"If I get stuck on something, should I search the course channel before posting a question?",418e8948e7
Is there an FAQ or bot I can use instead of digging through all the docs myself?,418e8948e7
"I'm not in the live cohort — will replies be slower, and how can I avoid waiting too long for help?",418e8948e7
Can I still graduate if I missed the homework for one of the weeks?,46b6399b91
"If I didn’t complete a week’s homework, does that stop me from graduating?",46b6399b91
Is graduation still possible when one week’s assignment is left unfinished?,46b6399b91
What happens to my graduation if I skip a homework week?,46b6399b91
Do I need every weekly homework done to still graduate?,46b6399b91
Can I take the course on my own schedule and still get the certificate at the end?,b047f348bc
"If I go through the materials self-paced, is there any way to earn a certificate later?",b047f348bc
Why don’t you give certificates for the self-paced version of the course?,b047f348bc
Do I need to join a live cohort in order to get the course certificate?,b047f348bc
Is peer-review of the capstone project only available while the course is running live?,b047f348bc
What’s actually different between the 2024 and 2023 versions of the course?,99c8a70fdf
"Which modules are being updated for the 2024 cohort, and what tool will they use?",99c8a70fdf
"Are most of the lessons the same across 2023 and 2024, or are there major changes?",99c8a70fdf
Will the homework assignments be different in the 2024 cohort compared with 2023?,99c8a70fdf
"Is the course content for 2024 basically the same as 2023 except for orchestration, monitoring, and homework?",99c8a70fdf
"Will there be a 2024 cohort for the course, and if so, when does it begin?",4c40b4805c
"Is the 2024 cohort happening, and what month does it start?",4c40b4805c
Do you know if there’s a 2024 cohort planned for this course?,4c40b4805c
When is the 2024 cohort scheduled to kick off?,4c40b4805c
"Can I expect a 2024 cohort, and what’s the start date?",4c40b4805c
I missed the current cohort of the MLOps Zoomcamp — where can I find the schedule for the next one?,50ebc48eea
"Is there a page that lists all the Zoomcamps and their dates, including upcoming cohorts?",50ebc48eea
"Will there definitely be a 202x MLOps Zoomcamp cohort, or is that not guaranteed?",50ebc48eea
"If I missed this cohort, how do I check when the next Zoomcamp run might happen?",50ebc48eea
"Do the Zoomcamps repeat every year, or could some of them stop being offered?",50ebc48eea
"If my homework result doesn’t match any option exactly, should I pick the nearest choice?",edf5668d39
What should I do when my answer is a little different from every listed homework option?,edf5668d39
"For the homework quiz, do I just select the closest answer if none of them matches exactly?",edf5668d39
"If I get a value that isn’t one of the provided choices, which option should I mark?",edf5668d39
"When the homework answer is not an exact match, am I supposed to choose the nearest one and avoid sharing it on Slack?",edf5668d39
Where can I check the due dates for each homework in this course?,90b9e103c7
Is there a schedule page that shows all the homework deadlines?,90b9e103c7
How do I find the homework timeline for MLOps Zoomcamp?,90b9e103c7
Are homework deadlines listed somewhere in the course schedule?,90b9e103c7
What should I use to see when each homework assignment is due?,90b9e103c7
When exactly is the homework due if I'm in a different time zone?,df10d8e0e7
Is the cutoff based on Berlin midnight or my local time?,df10d8e0e7
Where can I check the exact deadline for each homework?,df10d8e0e7
How do homework deadlines work for students outside Berlin time?,df10d8e0e7
Does the homework submission page show the due date for every assignment?,df10d8e0e7
Why is the experiment in homework question 6 running so slowly for me?,b1a18890f2
"For question 6, am I supposed to use yellow taxi data or green taxi data?",b1a18890f2
The preprocessing code in the homework seems to fail with yellow taxi data — is green taxi data the right one here?,b1a18890f2
"Question 6 says yellow taxi data, but the provided code looks like it expects green taxi data; which dataset should I actually use?",b1a18890f2
Has anyone confirmed whether the correct input for the experiment in question 6 is green taxi data instead of yellow taxi data?,b1a18890f2
"Why does MLflow keep failing to connect on port 5000, and how can I check what’s already using that port?",1497aabe44
"If port 5000 is busy, is there a way to run the MLflow UI on another port instead?",1497aabe44
What command can I use to see which process is blocking the MLflow server port?,1497aabe44
"Do I need to stop the process on 5000, or can I just launch MLflow on a different port?",1497aabe44
What should I do when I get a port conflict and MLflow won’t start because of it?,1497aabe44
"For Homework 3 in the 2025 cohort, do I have to use MAGE as the orchestrator, or can I pick something else?",b7bd817c2a
"Is MAGE mandatory for the homework, or am I free to use any orchestrator I want?",b7bd817c2a
"Do I need to stick with MAGE for Homework 3, or is any orchestration tool allowed?",b7bd817c2a
"For the 2025 Homework 3, can I choose a different orchestrator instead of MAGE?",b7bd817c2a
"Is there a required orchestrator for this homework, or is it completely up to me?",b7bd817c2a
I just found the course late — can I still turn in homework if the form is still open?,c842475338
What happens if the homework due date passed but the submission page still says Open/Submittable?,c842475338
Is it possible to submit homework after it has already been scored and closed?,c842475338
Do I need to press Update after editing a late homework submission in the form?,c842475338
How can I check my homework solution if I missed the deadline and the form is no longer accepting answers?,c842475338
Is it still worth starting the course now if I'm already late and have some ML experience?,dfb6836d0b
"Since the homeworks are late and not needed for the certificate, should I just focus on the project instead?",dfb6836d0b
How much time should I expect to spend if I want to catch up on the course and work on the project?,dfb6836d0b
"If my first project attempt doesn't go well, is it still useful for a second try?",dfb6836d0b
Do I need to worry about the homework deadlines if I'm mainly aiming for the certificate?,dfb6836d0b
"Can we choose our own topic for the final project, or do you give us a list to pick from?",a0de15febf
"For the final project, do we need to solve a problem we come up with ourselves?",a0de15febf
Where should I look for datasets if I want to start my project?,a0de15febf
"Is Kaggle the only place to find data for the project, or are there other sources too?",a0de15febf
Should I read the project README before I start choosing a dataset and topic?,a0de15febf
"For the capstone project, do we have to work alone or can it be done in a team?",7ab6b70d2c
"Is the final project in this course individual only, or are group projects allowed?",7ab6b70d2c
"Will the capstone be submitted as a solo project, or can students partner up?",7ab6b70d2c
"Do we complete the capstone by ourselves, or is teamwork part of it?",7ab6b70d2c
Is this course's capstone meant to be an individual assignment?,7ab6b70d2c
"For the final project, do I have to deploy it on a cloud provider, or is a local setup okay too?",f6544a339e
Can I still get cloud-related points if I use Kubernetes but keep the deployment local?,f6544a339e
Is LocalStack accepted for the project if I want to simulate AWS without actually using the cloud?,f6544a339e
What should I pay attention to in the project grading rules if I decide not to use a real cloud service?,f6544a339e
"If my final project runs locally, what options do I have to satisfy the cloud part of the requirements?",f6544a339e
How does the point system work for homework submissions and where can I check my score on the homework page?,33700d36a3
What points are included in the leaderboard total in the course platform?,33700d36a3
"Do FAQ contributions really earn a point, and is it the same for Learning in Public links?",33700d36a3
Where can I see how many points I got for a specific homework after submitting it?,33700d36a3
What’s counted toward the overall leaderboard score besides homework grades?,33700d36a3
What counts as a learning-in-public post in this course?,ae2520ab59
What kind of content should I write for a learning-in-public submission?,ae2520ab59
Are there any rules or best practices for learning-in-public posts?,ae2520ab59
Where can I see Alexey explain the do's and don'ts for learning in public?,ae2520ab59
What happens if someone abuses the learning-in-public system or tries to game it?,ae2520ab59
I can’t find myself on the leaderboard — how do I jump to my row or check which entry is mine?,4c837a4be1
What name shows up on the leaderboard when I first create an account?,4c837a4be1
How do I see the display name tied to my course profile?,4c837a4be1
Can I change the nickname that appears instead of my real name?,4c837a4be1
"Do I need to update my profile name for the certificate, and which name should be there?",4c837a4be1
"Why am I getting InvalidParameterValueException when I try to create a Lambda from my Docker image, and how do I make the image compatible?",896989c9f1
"Does AWS Lambda support Docker manifest lists, or do I need to build a single-platform image for ECR?",896989c9f1
What’s the right way to build and push a container image so Lambda accepts it without the unsupported media type error?,896989c9f1
I used a multi-arch Docker image and Lambda rejected it — what build command should I use instead?,896989c9f1
How can I fix the Lambda error about image manifest/config/layer media type not being supported when deploying from Docker?,896989c9f1
What do I need to finish to get the course certificate?,c841197256
Is completing the Capstone project the requirement for earning the certificate?,c841197256
Do I have to do the Capstone project to receive a certificate?,c841197256
What is the final requirement for getting certified in this course?,c841197256
Can I get the certificate without finishing the Capstone project?,c841197256
Do I have to do the homework to get the course certificate?,5daddf3efc
"If I skip the homework, can I still earn the certificate somehow?",5daddf3efc
"For the final project, is it okay to submit only on the second try and still get certified?",5daddf3efc
"Can I make two final project submissions, or is one of them enough for the certificate?",5daddf3efc
"If one final project attempt passes, does that count for the certificate even if the first one didn't?",5daddf3efc
Where can I find the cohort folder with the homework links and deadline info for this MLOps course?,0190b37350
"Is there a separate place for the video playlist and Slack channel for my cohort, or is it all in one repo folder?",0190b37350
I’m looking for the updated homework playlist for this year’s cohort — where should I check in the course repo?,0190b37350
Does the MLOps Zoomcamp keep cohort-specific stuff like assignments and deadlines under a year-based folder?,0190b37350
"Which link should I open to see the current cohort info for homework, videos, and course updates?",0190b37350
Can I keep resubmitting my project before the deadline if I improve it later?,e865d7adf7
Is it okay to upload an unfinished project now and then update it again before the final date?,e865d7adf7
Do I need to wait until everything is perfect before I submit my project attempt?,e865d7adf7
How should I reflect changes if I revise my project after the first submission?,e865d7adf7
Can the same project attempt be edited multiple times before the final deadline?,e865d7adf7
How can I open Jupyter notebooks directly in VSCode?,cd806dd7d0
Do I need a special extension to use Jupyter inside VSCode?,cd806dd7d0
What should I install if I want to work with notebooks in VSCode?,cd806dd7d0
Is there a way to view Jupyter notebooks in VSCode without leaving the editor?,cd806dd7d0
How do I set up VSCode so I can run Jupyter notebooks there?,cd806dd7d0
How do I start Jupyter Notebook after installing Anaconda in Codespaces?,1b29ba4c54
What's the command to launch a Jupyter notebook from a new terminal in the VM?,1b29ba4c54
I typed jupyter-notebook and got an error — what should I run instead?,1b29ba4c54
Is there a specific command I should use to open Jupyter Notebook without typos?,1b29ba4c54
"Why does jupyter-notebook say command not found, and what is the correct way to start it?",1b29ba4c54
How do I set up GitHub so I can push homework from a remote VM?,db8427d6cf
Is there a guide for configuring SSH keys on an AWS instance for GitHub access?,db8427d6cf
What should I do if my VM can’t authenticate to my GitHub repo over SSH?,db8427d6cf
Does the course have any tutorial for getting GitHub working on an AWS machine?,db8427d6cf
"Will the AWS instance used for this setup stay within the free tier, or could it cost extra?",db8427d6cf
How do I make Jupyter Notebook accessible from my desktop on AWS when I'm not using VS Code?,47d9cd9aca
What command should I run to generate the Jupyter config file in AWS Ubuntu?,47d9cd9aca
Which file do I need to edit to fix Jupyter access on an AWS instance?,47d9cd9aca
What setting should I add in jupyter_notebook_config.py so Jupyter listens on all IPs?,47d9cd9aca
I'm on AWS and can't open Jupyter from my local machine—what's the right config change?,47d9cd9aca
"How do I set up WSL on Windows for this course, step by step?",23ed7bdf10
What should I install first in WSL before I can use Anaconda and Jupyter?,23ed7bdf10
How do I get Docker Desktop working with WSL 2 on Windows?,23ed7bdf10
"If Anaconda installs Python 3.9 but my terminal still shows 3.10, what do I need to change?",23ed7bdf10
"Can I use VS Code with WSL for the course, and where do I find the setup guide?",23ed7bdf10
I already made the Git repo but forgot to add a .gitignore — how do I add one now and commit it properly?,2383fdd2f6
What’s the easiest way to create a .gitignore after the repository is already initialized?,2383fdd2f6
"Can I just add a .gitignore file later in my project, and what should I put in it for Python files?",2383fdd2f6
I forgot to ignore Python cache files when I started the repo — how do I fix that without recreating the repo?,2383fdd2f6
"After creating a missing .gitignore in an existing repository, what’s the next step to make Git track it?",2383fdd2f6
How do I set up a .gitignore so Git stops tracking my local data files?,bcd4190972
What’s the easiest way to ignore a whole data folder in my repo before pushing to GitHub?,bcd4190972
"If I have Parquet files in my project, how can I make Git skip them using .gitignore?",bcd4190972
"Do I need to create a special file name for .gitignore, and how do I save it correctly?",bcd4190972
What rule should I add to .gitignore if I want to ignore everything inside the data directory?,bcd4190972
How do I make sure my EC2 instance is really fully stopped and not still shutting down?,11a7ea6c2c
"What do the green, orange, and red status dots mean when I stop an AWS EC2 instance?",11a7ea6c2c
"If I stop an EC2 instance, can I still get charged for anything afterward?",11a7ea6c2c
"Why should I refresh the EC2 page after clicking stop, and what should I look for?",11a7ea6c2c
"Is there a way to avoid surprise AWS costs after stopping an instance, like alerts or something?",11a7ea6c2c
"Can I use IBM Cloud instead of AWS for this course, or is AWS required?",1fa4030823
How do I get the invitation code from Coursera and verify my account?,1fa4030823
Does IBM Cloud have the same features as AWS for the course setup?,1fa4030823
Where can I find the free feature code for IBM Cloud on Coursera?,1fa4030823
Is there a video or guide that shows how to use the Coursera code in IBM Cloud?,1fa4030823
How much will I spend on AWS if I keep the course VM running but stop it after each study session?,9f6380d76b
"If I use the suggested instance for around 5 hours a day, what kind of monthly AWS bill should I expect?",9f6380d76b
Do I need to worry about getting a new public IP every time I start the instance again?,9f6380d76b
Is there a way to get an email notification when my AWS budget goes over a limit?,9f6380d76b
How can I estimate the price of the EC2 setup and disk usage for this course myself?,9f6380d76b
"Is the AWS free tier enough for this course, or will I need paid services right away?",ce2a690d31
Which AWS services in the course are not covered by the free tier?,ce2a690d31
Can I run Kinesis locally instead of using the real AWS service?,ce2a690d31
"Does this course require spending money on AWS, or can I do most of it for free?",ce2a690d31
What’s the best way to follow along if I want to avoid AWS costs?,ce2a690d31
"Why do I get “This site can’t be reached” when I open my EC2 instance IP in the browser, and how am I supposed to access it instead?",5af20a05fe
"I clicked the public IP from my AWS EC2 instance and the page won’t load. Is that IP only for SSH, and what command should I use to connect?",5af20a05fe
"For an EC2 instance in MLOps Zoomcamp, should I open the IP address in a web browser, or use it somehow with a PEM key from my terminal?",5af20a05fe
"I have the EC2 address and the downloaded key file, but the browser says the site can’t be reached. What’s the correct way to log in to the instance?",5af20a05fe
How do I connect to my AWS EC2 machine from my local computer using the `.pem` file instead of trying to visit the IP in a browser?,5af20a05fe
"Why am I getting the ""unprotected private key file"" error when I try to SSH into my VM with a .pem key?",e04431f782
How do I fix the permission issue on my private key so ssh -i works without complaining?,e04431f782
What chmod command should I run for my .pem file before connecting to an Ubuntu server over SSH?,e04431f782
I keep seeing a private key file permissions error after using ssh -i ~/.ssh/razer.pem — what’s the right way to set it?,e04431f782
Is there a quick way to stop SSH from rejecting my key because the private key file is too open?,e04431f782
"Why does my SSH session to an AWS EC2 box keep dropping after a few minutes, even in VS Code?",af5f29b64f
"Do I need to restart the instance every time the SSH connection dies, or is there a way to reconnect without getting a new IP?",af5f29b64f
"Could an out-of-memory problem on EC2 be causing the disconnects, and how can I check that?",af5f29b64f
"What can I do if the SSH drops are just from idle timeout, not from the instance itself?",af5f29b64f
What should I change in my SSH config so the connection stays alive longer on AWS?,af5f29b64f
How can I automatically update my EC2 instance IP in the config file after a restart?,cf068009f1
Is there a way to avoid manually changing the SSH config when my AWS EC2 gets a new IP?,cf068009f1
What script can I use to keep my EC2 IP address updated automatically?,cf068009f1
My EC2 public IP changes every reboot — how do I fix my connection settings?,cf068009f1
Where can I find a guide for updating the SSH config when an EC2 instance restarts?,cf068009f1
Why does VS Code crash when I connect to Jupyter on my EC2 instance?,fb9846ce91
What EC2 size should I use so VS Code and Jupyter work without crashing?,fb9846ce91
How can I tell if my instance has enough compute power for Jupyter in VS Code?,fb9846ce91
Is there a way to monitor EC2 performance to see if crashes are caused by low resources?,fb9846ce91
What should I check in the EC2 dashboard if VS Code keeps crashing when I open Jupyter?,fb9846ce91
Why does my GCP VM connection time out after I turned the instance off and on again?,c670950570
Do I need to change anything in my SSH config if my VM gets a new external IP in GCP?,c670950570
How can I update the SSH configuration in VS Code to connect to my GCP VM again?,c670950570
What should I edit in the ssh_config file when the VM IP changes?,c670950570
Where do I find the Remote-SSH option in VS Code to fix a GCP connection timeout?,c670950570
"Why does my model say X has 526 features but it expected 525, and how do I fix that?",e8dbc40d0c
I get a feature mismatch error with LinearRegression after using DictVectorizer on train and validation data — what am I doing wrong?,e8dbc40d0c
Should I use fit_transform or transform on the validation set when working with DictVectorizer?,e8dbc40d0c
My test matrix has one extra column compared to training after vectorizing dictionaries. How can I avoid this?,e8dbc40d0c
What’s the correct way to apply DictVectorizer to train and test data so LinearRegression doesn’t complain about feature count?,e8dbc40d0c
I'm getting missing dependency errors in the intro module — which Python packages do I need to install to make the notebooks work?,1695e67099
"Why does `pandas.read_parquet()` fail for me, and what should I install to fix the parquet issue in the course notebook?",1695e67099
"Do I just run `pip install -r requirements.txt` for the Module 1 notebooks, or are there specific packages I need to add manually?",1695e67099
"If I'm using Conda instead of pip, should I install `pyarrow` or `fastparquet` for reading parquet files in this course?",1695e67099
"Which extra libraries are expected in this setup besides pandas and scikit-learn, especially for plotting and parquet support?",1695e67099
Why is the `squared` option missing from `mean_squared_error` in scikit-learn now?,b6197e7348
"How do I get RMSE if `mean_squared_error(..., squared=False)` no longer works?",b6197e7348
What should I use instead of `mean_squared_error` when I need root mean squared error?,b6197e7348
Is `root_mean_squared_error` the replacement for `mean_squared_error` with `squared=False`?,b6197e7348
I’m getting an error about `squared` not being available in `mean_squared_error` — what’s the fix?,b6197e7348
Why is my RMSE not matching any of the answer choices when I evaluate on February data?,5c4e6ef8ca
"Do I need to drop outliers on the test month too, or only on the training set?",5c4e6ef8ca
Could the RMSE issue be caused by not converting the feature columns to strings before DictVectorizer?,5c4e6ef8ca
What should I do with null values if my RMSE is still slightly off the options?,5c4e6ef8ca
How can I hide those FutureWarning / deprecated module messages in the notebook?,5c4e6ef8ca
How can I replace `sns.distplot` with `sns.histplot` for a duration column and get почти the same plot?,885a92b3ee
"What’s the `histplot` version of `sns.distplot(df_train[""duration""])`?",885a92b3ee
"Is there a simple way to switch from `distplot` to `histplot` with KDE, density, and about 50 bins?",885a92b3ee
How do I make `sns.histplot` look almost identical to the old `sns.distplot` chart?,885a92b3ee
"Can you show the `sns.histplot` code that replaces `sns.distplot` for `df_train[""duration""]`?",885a92b3ee
"Why am I getting a KeyError for PULocationID or DOLocationID in the homework, and is there something wrong with the column names?",84805fe2dd
I keep seeing KeyError: 'PULocationID' / 'DOLocationID' — should those fields be written differently in the code?,84805fe2dd
How do I fix the PULocationID and DOLocationID KeyError when running the notebook?,84805fe2dd
My code crashes with KeyError on PULocationID or DOLocationID. What typo am I supposed to correct?,84805fe2dd
Is the issue with PULocationID/DOLocationID that the capital L should actually be a lowercase l?,84805fe2dd
How do I fix the error saying pandas can’t find a usable Parquet engine and it tries pyarrow or fastparquet?,36182df492
What should I install if I get ImportError: unable to find a usable engine for reading or writing parquet files?,36182df492
My notebook is failing with a parquet engine error — is installing pyarrow enough to solve it?,36182df492
I keep seeing an error about fastparquet and pyarrow not being available. What’s the quickest fix?,36182df492
"In Module 1, what do I do when pandas throws an ImportError about missing parquet support?",36182df492
"Why do I get an IndexError when loading a big parquet file in Jupyter, and what can I do about it?",ac851e936b
Is there a better way to read huge parquet datasets than pandas in a notebook?,ac851e936b
Should I run my parquet-reading code as a .py script instead of in Jupyter if it fails on large files?,ac851e936b
How can I process a large parquet file without loading everything at once?,ac851e936b
Would PySpark or pyarrow help with parquet files that are too large for my notebook?,ac851e936b
"My Jupyter kernel keeps getting killed when I convert a pandas DataFrame to a dict, what can I do to finish the assignment?",108295493e
Is there a better place than local Jupyter to run this notebook if I keep hitting out-of-memory errors?,108295493e
How do I move the parquet files to Google Colab so I can work on the task there?,108295493e
What’s the code to mount Google Drive in Colab and read the dataset from there?,108295493e
"After I finish the assignment in Colab, how do I bring the final notebook back to my computer?",108295493e
What’s the actual difference between label encoding and one-hot encoding for categorical data?,575e56b819
When should I use label encoding instead of one-hot encoding in a dataset?,575e56b819
Why would one-hot encoding be better if the categories don’t have any natural order?,575e56b819
How do I do one-hot encoding in scikit-learn or pandas?,575e56b819
"Is label encoding just turning categories into numbers in alphabetical order, and can that cause problems?",575e56b819
My distplot is taking forever to render — what’s the first thing I should try to speed it up?,2d1c6920b6
"If my duration histogram is super slow, should I clean the weird long trips first?",2d1c6920b6
What can I do before plotting when the trip duration distribution has extreme outliers and the graph is laggy?,2d1c6920b6
Is there a way to make distplot faster for taxi trip durations without changing the plot itself?,2d1c6920b6
My chart hangs when I plot trip lengths — do I need to filter out unusual values before using distplot?,2d1c6920b6
Why would my test RMSE be much worse when I use a fitted OneHotEncoder with handle_unknown='ignore' on the validation set?,886fddb311
I tried hot encoding train and validation separately and the score looks off — could OneHotEncoder be treating unseen categories differently than DictVectorizer?,886fddb311
"Should OneHotEncoder and DictVectorizer give the same results for categorical features in this homework, or am I missing something?",886fddb311
"After fitting on the training data, why does applying OneHotEncoder to the validation set not match the RMSE I get with DictVectorizer?",886fddb311
"If unknown categories are supposed to become zeros, why do I still see a different RMSE with OneHotEncoder versus DictVectorizer?",886fddb311
Why would I use DictVectorizer instead of pd.get_dummies for categorical features?,52d606a66e
What’s the difference between One-Hot Encoding and DictVectorizer when train and validation data don’t match exactly?,52d606a66e
Can pd.get_dummies give me different column orders or missing columns between datasets?,52d606a66e
How does DictVectorizer behave with missing values in training and unseen categories in validation?,52d606a66e
Is DictVectorizer a safer choice than OHE if I want train and validation to end up with the same feature columns?,52d606a66e
Why did we choose DictVectorizer instead of sklearn's OneHotEncoder for this dataset?,e107978d25
What was the main reason to use DictVectorizer rather than OneHotEncoder here?,e107978d25
Is DictVectorizer better than OneHotEncoder when the input data is in dict or JSON form?,e107978d25
When should I prefer OneHotEncoder over DictVectorizer in an sklearn pipeline?,e107978d25
Why is DictVectorizer a better fit for a simple pipeline that already has categorical and numeric fields?,e107978d25
How can I verify that the outliers were actually removed after clipping the data?,e8bd670973
What's the easiest way to check the min and max after using a boolean filter for outliers?,e8bd670973
Can I use pandas to inspect the data distribution after clipping extreme values?,e8bd670973
"After removing outliers, how do I confirm the dataset looks right in pandas?",e8bd670973
Is there a quick way to see whether the duration column still has weird values after outlier clipping?,e8bd670973
How do I handle NaN values in pickup and dropoff location IDs before one-hot encoding them with DictVectorizer or get_dummies?,63fb307920
Do PUlocationID and DOlocationID need to be converted to strings for one-hot encoding to work properly?,63fb307920
"If I turn numeric location IDs into strings, what happens to the missing values in those columns?",63fb307920
"Is there any difference in model RMSE between using ""nan"" and ""-1"" as the placeholder for missing location IDs?",63fb307920
"Do I really have to replace missing pickup/dropoff IDs with -1, or can I use another string instead?",63fb307920
Why is my LinearRegression RMSE slightly off from the expected value?,663dda52c8
"Should LinearRegression give different results each time, or is it supposed to be deterministic?",663dda52c8
What should I check if my train and validation RMSE are close but not exactly matching the solution?,663dda52c8
How can I tell if my one-hot encoding step is working correctly in this assignment?,663dda52c8
Do I need to change the drop-off and pick-up codes before using DictVectorizer?,663dda52c8
"Why am I getting an absurdly tiny RMSE like 4e-6 in my model, and what should I check first?",148d5d0ed7
Could my model be leaking the target somehow if the validation RMSE is basically zero?,148d5d0ed7
What are the common reasons for extremely low RMSE scores during training or evaluation?,148d5d0ed7
How do I make sure `X_train` doesn’t accidentally include `y_train` or other target information?,148d5d0ed7
"If my model seems to learn the answer before predicting, what kind of data leakage bug should I look for?",148d5d0ed7
How can I get autocomplete working in Jupyter Notebook when Tab does nothing?,8f917f3f3e
Is there a package I need to install to fix code completion in Jupyter Notebook?,8f917f3f3e
What command should I run to enable auto-completion in Jupyter Notebook?,8f917f3f3e
"Why isn’t Jupyter Notebook suggesting completions, and how do I turn that on?",8f917f3f3e
What’s the easiest way to make Tab auto-complete work again in Jupyter Notebook?,8f917f3f3e
Why am I getting a 403 Forbidden error when I try to wget the NY Taxi data?,1913720953
"Do I need to use the exact cloudfront link from the video, or should I grab the dataset URL some other way?",1913720953
Where can I download the NYC trip record files now if the old link doesn’t work anymore?,1913720953
Is there a safe way to get the latest URL for the taxi parquet files in case NYC changes the page again?,1913720953
What should the wget command look like for downloading green_tripdata_2021-01.parquet without the forbidden error?,1913720953
How can I make PyCharm remote use a conda env on the server when it says it can’t find the conda executable path?,d99433c04b
What’s the easiest way to get the Python interpreter path for a conda environment on a remote machine so I can add it to PyCharm?,d99433c04b
"In PyCharm remote development, how do I point the project to a conda-based Python interpreter that lives on my server?",d99433c04b
"If my remote PyCharm setup won’t detect conda, what should I run on the server to find the right python path for the interpreter?",d99433c04b
How do I add a remote conda environment as a system interpreter in PyCharm using the path from the server?,d99433c04b
"Why is DictVectorizer using so much RAM in the linear regression example, and how do I stop it from crashing on a 16 GB machine?",afdcab5249
"In the scikit-learn DictVectorizer docs, why is `sparse=False` such a bad idea for memory, and should I just keep the default instead?",afdcab5249
My model fits fine until the vectorizer step and then I run out of memory — is this because DictVectorizer is making a dense matrix?,afdcab5249
"For the DictVectorizer example, do I need to set `sparse=True` manually, or is the default already enough to save memory?",afdcab5249
"What’s the difference between `sparse=False` and `sparse=True` in DictVectorizer, and which one should I use if my machine keeps running out of memory?",afdcab5249
How can I get Anaconda to show up in my .bashrc again if the installer didn’t change it?,4aa018f478
My conda env isn’t active after reopening the terminal — what do I need to run for bash?,4aa018f478
Is there a way to make Anaconda automatically add the bash setup entries to .bashrc?,4aa018f478
"After installing Anaconda, what should I do so the shell loads conda when I start it again?",4aa018f478
"Why doesn’t bash activate my Anaconda environment on relaunch, and how do I fix the shell config?",4aa018f478
Why do my training and validation feature sizes come out different in HW1?,3f9286329a
I used DictVectorizer and the train/val matrices have different numbers of features — what am I doing wrong?,3f9286329a
"Should I call fit_transform on the validation data too, or just transform?",3f9286329a
My feature dimensions don’t match between train and validation after vectorizing a dict — how do I fix it?,3f9286329a
"In HW1, why does using fit_transform on the vectorizer break the validation set feature size?",3f9286329a
"How do I fix the ""Permission denied (publickey)"" error after I removed my public key from an AWS EC2 machine?",e00d5b3f65
"Can I get back my old SSH public key from the .pem file, and if yes, what command should I run?",e00d5b3f65
What's the easiest way to log into the instance if SSH is broken because of a public key issue?,e00d5b3f65
Where can I find the AWS guide for fixing public key login errors on Linux EC2?,e00d5b3f65
How do I recreate the key access on AWS after I accidentally deleted the public key from the machine?,e00d5b3f65
Why am I getting an RMSE in the thousands on the February validation set after filtering out the outliers the same way as train?,3b76daefb2
Could turning the DictVectorizer output into a NumPy array be causing my validation error to blow up like this?,3b76daefb2
"I used the same preprocessing on train and validation, but the score is still crazy high — what step should I check first?",3b76daefb2
Is there a known issue with sparse matrix output from DictVectorizer that can make RMSE look absurdly bad?,3b76daefb2
What should I review in my pipeline if the February test set gives an unexpectedly huge RMSE even after matching the train filtering?,3b76daefb2
How do I fix it when `from sklearn.feature_extraction import DictVectorizer` throws an import error?,c29959db3a
"Why can’t I import `sklearn` in Module 1, and what package do I need to install?",c29959db3a
What should I run if Python says it can’t find `sklearn` when I try to use `DictVectorizer`?,c29959db3a
"Is there a missing dependency for `sklearn.feature_extraction` in this course, and how do I install it?",c29959db3a
I get an error importing `DictVectorizer` from sklearn — what’s the quickest fix?,c29959db3a
How can I install Docker inside WSL2 on Windows without using Docker Desktop?,1bc7beaf5d
What are the steps to get Docker and Docker Compose working in WSL2 manually?,1bc7beaf5d
Do I need to do anything after the Docker install so my user can run docker commands without sudo?,1bc7beaf5d
How do I make the Docker service start automatically in WSL2 after I restart it?,1bc7beaf5d
What commands should I run to check that Docker was installed correctly in WSL2?,1bc7beaf5d
"Why does my dictionary vectorizer end up with a sparse matrix that has 0 stored elements, and how do I fix it?",8894361030
I’m getting a huge sparse matrix but it says there are no stored values — could this be because my categorical columns were loaded as floats?,8894361030
"When I vectorize categorical features in Python, the model looks wrong and the matrix is empty-ish. What should I check in my data types?",8894361030
How do I convert category-like columns so the vectorizer treats them properly instead of failing on float values?,8894361030
"What does it mean if my sparse matrix output shows 0 stored elements in CSR format, and what code should I use to avoid that?",8894361030
How can I set up a local Docker container as a dev environment if I don’t want to install Anaconda on my machine?,866d3bbbed
What Dockerfile should I use to run Jupyter Notebook inside a Linux container with Anaconda already installed?,866d3bbbed
How do I build the Docker image for this MLOps setup and what tag should I give it?,866d3bbbed
What’s the exact docker run command to start the Jupyter container and map my local folder into it?,866d3bbbed
"Where do I find the Jupyter link after starting the container, and where are the notebook files saved?",866d3bbbed
How can I set up the course project without using Anaconda but still manage the Python version I need?,fd2cad423e
What’s the easiest way to create a Python 3.9.7 virtual environment for this course with uv?,fd2cad423e
"After I make the venv with uv, how do I install pandas, scikit-learn, notebook, seaborn, and pyarrow?",fd2cad423e
"Once the uv environment is active, what command should I use to start Jupyter Notebook?",fd2cad423e
How do I properly clean up and remove the uv virtual environment when I’m done?,fd2cad423e
"Why am I getting `TypeError: got an unexpected keyword argument 'squared'` with `mean_squared_error(..., squared=False)`?",f346d2cc80
Is `squared=False` missing because my scikit-learn version is too old?,f346d2cc80
How do I calculate RMSE if my sklearn doesn’t support the `squared` argument?,f346d2cc80
What version of scikit-learn added the `squared` parameter to `mean_squared_error`?,f346d2cc80
"In newer sklearn, should I use `root_mean_squared_error` instead of `mean_squared_error(..., squared=False)`?",f346d2cc80
Why is seaborn.boxplot usually faster than histplot when I’m checking outliers in a big dataset?,0d2700ae06
"For large data, does a boxplot render quicker than a histogram in Seaborn, and why?",0d2700ae06
"When I only care about speed, should I use boxplot instead of histplot to visualize outliers?",0d2700ae06
What makes histplot slower than boxplot on huge datasets in Seaborn?,0d2700ae06
Is boxplot the better choice if I want a fast way to summarize outliers?,0d2700ae06
Why do I get an error saying a module compiled with NumPy 1.x can't run on NumPy 2.2.4 when I try to read a parquet file in Pandas?,a55ee615db
I’m seeing `AttributeError: module 'pyarrow' has no attribute '__version__'` in Module 1 — how do I fix it?,a55ee615db
What should I do if Pandas parquet reading breaks because of a pyarrow / NumPy mismatch?,a55ee615db
Is the solution to downgrade NumPy if pyarrow crashes while loading parquet data? How exactly?,a55ee615db
What are the commands to reinstall NumPy 1.26 after this pyarrow error in the course exercises?,a55ee615db
"Why does my Jupyter kernel keep dying when I train the model in GitHub Codespaces, and how can I fix it?",92ff36d48e
I’m running model training in a notebook on Codespaces and the kernel crashes every time — is there a machine-size setting I should change?,92ff36d48e
Has anyone else had Jupyter die during training on GitHub Codespaces? What’s the workaround?,92ff36d48e
Do I need more CPU cores in Codespaces if the notebook kernel stops during model training?,92ff36d48e
My Codespaces notebook won’t finish training because the kernel dies — should I upgrade the machine type?,92ff36d48e
"Do I really have to download the dataset first, or can I load it straight from a URL?",d4b4db8e70
Is it possible to read the data directly from the link without storing it locally?,d4b4db8e70
Can Pandas open a remote file from a URL instead of a saved copy on disk?,d4b4db8e70
"For experiment tracking, do we need to write the data to a file, or can we stream it from the source?",d4b4db8e70
How would I load a parquet file from a URL in Pandas without saving it first?,d4b4db8e70
Why do I get an access denied error when trying to open localhost:5000 in Chrome?,e75e477ce2
How can I fix the authorization issue on 127.0.0.1:5000 in my browser?,e75e477ce2
What should I do if localhost:5000 says I don’t have permission to view the page?,e75e477ce2
Is there a Chrome-specific fix for the localhost:5000 unavailable problem?,e75e477ce2
How do I flush socket pools in Chrome to get localhost working again?,e75e477ce2
"Why do I get ""Connection in use: ('127.0.0.1', 5000)"" when starting MLflow UI?",186389973c
How can I find which process is already using port 5000 on my Mac?,186389973c
What command can I use to stop the app that’s blocking the MLflow port?,186389973c
Is there a quick way to free up 5000/tcp without killing each process one by one?,186389973c
Can I just run MLflow on another port instead of shutting down the old process?,186389973c
Why do I get `could not convert string to float` when I run `register_model.py` after HPO?,3a2a22f115
What is causing `space_eval` to fail with that weird hyperopt string in `register_model.py`?,3a2a22f115
How should the `objective` function be written so MLflow logs params correctly during tuning?,3a2a22f115
"Do I need to use `with mlflow.start_run()` inside the tuning objective, and where should it go?",3a2a22f115
Why does `register_model.py` break if I log the whole search space at once instead of each parameter separately?,3a2a22f115
Why do my MLflow runs not show up in the UI even though the code logs them fine?,42e6f685af
Do I need to start MLflow UI from the same folder where my notebook or script is running?,42e6f685af
How should I set the tracking URI if my mlflow.db is inside a subfolder or one level up?,42e6f685af
Can I use an absolute path for the MLflow backend store instead of a relative sqlite URI?,42e6f685af
Is there a way to launch the MLflow UI from the same notebook and make sure it points to the right database?,42e6f685af
Why are my model params showing in MLflow but the metrics column stays empty?,ac12e26845
"I logged rmse in my training script, but it doesn’t appear in the MLflow UI — what am I missing?",ac12e26845
Could the problem be with how I call mlflow.log_metric if my manual metric isn’t visible?,ac12e26845
What’s the right way to log a metric in MLflow so it actually shows up in the experiment run?,ac12e26845
"I can see experiments and parameters, but not my custom metric — do I need to pass key and value explicitly when logging it?",ac12e26845
"Why does MLflow say my experiment was created in the notebook, but I still can't see or use it?",aed2f8ddb9
What should I set the MLflow tracking URI to if the video instructions don't work for creating a new experiment?,aed2f8ddb9
Could this experiment-creation issue be caused by a newer MLflow version than the one shown in the lecture?,aed2f8ddb9
"In MLflow, how do I point the client directly to the listener/server instead of relying on the notebook setup?",aed2f8ddb9
What exact code should I use to connect MLflow to the local tracking server when the usual steps fail?,aed2f8ddb9
Why do I get a hash mismatch error when I run `pip install mlflow` and it tries to install numpy?,c47c3317f6
What should I do if pip says the numpy hash doesn’t match the requirements file while installing MLflow?,c47c3317f6
"Has anyone fixed the error where `pip install mlflow` fails with ""THESE PACKAGES DO NOT MATCH THE HASHES FROM THE REQUIREMENTS FILE""?",c47c3317f6
Do I need to install numpy first before installing MLflow if the package install breaks on a SHA256 mismatch?,c47c3317f6
Is there a workaround for the numpy hash error during MLflow setup on Windows?,c47c3317f6
"How can I fully remove an MLflow experiment so it’s gone from the database too, not just hidden in the UI?",2dab05f2be
"After I delete an experiment in MLflow UI, why does it still show up in the backend database?",2dab05f2be
What’s the easiest way to run SQL on the MLflow SQLite file from a Jupyter notebook?,2dab05f2be
Do I need any extra package to access my MLflow database and delete an experiment manually?,2dab05f2be
Which steps should I follow to permanently delete an experiment from MLflow instead of only soft-deleting it?,2dab05f2be
"I cloned the course repo, pushed my edits to my fork, and now I want the latest updates from the original repo without losing my work. What should I do?",d1b7664c6c
What’s the easiest way to sync my GitHub fork with the upstream public repo while keeping my own commits intact?,d1b7664c6c
"If I already committed changes to my own repo, how can I pull in new commits from the main public repository safely?",d1b7664c6c
"Do I need to re-clone the repository to get upstream changes, or is there a GitHub option to merge them into my fork?",d1b7664c6c
"My branch is tracking origin/main, but I want new commits from the original repo without overwriting my edits. What’s the correct workflow?",d1b7664c6c
"Why am I getting the ""Image size ... is too large"" error when I use xgboost autologging in MLflow?",8a8e4f34a7
What’s causing the 460x93139 pixels too large issue in module 2 experiment tracking?,8a8e4f34a7
How can I fix the image size error that appears with mlflow.xgboost.autolog() and XGBoost 1.6.1?,8a8e4f34a7
Do I need to downgrade XGBoost to make autologging work without the huge image error?,8a8e4f34a7
Should I pin xgboost==1.6.0 in my requirements to avoid the 2^16 image size problem?,8a8e4f34a7
Why does MlflowClient say it has no attribute list_experiments anymore?,690948b58d
"Did mlflow remove list_experiments in newer versions, or am I using the wrong API?",690948b58d
What should I use instead of mlflow client list_experiments after version 1.29?,690948b58d
How do I register my best run model now that list_experiments is gone?,690948b58d
Is there a newer mlflow code example for saving the best model from a run?,690948b58d
Why isn’t `mlflow.autolog()` capturing anything in my run?,37e1b6b9bc
Do I need to call autolog before `mlflow.start_run()` in MLflow?,37e1b6b9bc
Could the problem be that I put `mlflow.autolog()` after `with mlflow.start_run()`?,37e1b6b9bc
What dependencies are required for MLflow autolog to work properly?,37e1b6b9bc
Why do I get a warning from autolog about missing packages like `matplotlib`?,37e1b6b9bc
I'm running MLflow on a remote VM and the UI at 127.0.0.1:5000 won't load — do I need to forward that port in VS Code like we did for Jupyter?,944a62abe6
"When I open 127.0.0.1:5000 for MLflow I get nothing, should I use localhost:5000 instead?",944a62abe6
How do I access the MLflow tracking UI if the server is on a remote machine and the browser link doesn't open?,944a62abe6
Why is the MLflow page blank on 127.0.0.1:5000 even though the server is running locally?,944a62abe6
Do I need to add port 5000 to my forwarded ports to see the MLflow web interface in VS Code?,944a62abe6
I’m using `mlflow.xgboost.autolog()` and I get the same warning about the model signature failing to log — is that actually a problem or just a warning?,7032c161df
"When MLflow shows that XGBoost autologging warning, how can I tell whether the model was still tracked successfully?",7032c161df
Could the MLflow UI still have the model even if `mlflow.xgboost.autolog()` prints a signature-related warning during training?,7032c161df
"Do I need to worry if autologging with XGBoost reports an error about the signature, or can I ignore it if the run is in MLflow?",7032c161df
"If my XGBoost model seems missing after `mlflow.xgboost.autolog()`, should I check the MLflow UI without any tag filters first?",7032c161df
"Why am I getting MlflowException: Cannot set a deleted experiment as the active one, and how do I fix it?",fb9f6e511b
"If I deleted an experiment in the MLflow UI, what do I need to run so I can use that experiment name again?",fb9f6e511b
"What’s the difference between restoring a deleted MLflow experiment and permanently deleting it, and which one should I do here?",fb9f6e511b
I keep seeing the deleted experiment error in MLflow—do I need to clean up the .trash folder too?,fb9f6e511b
How do I get rid of a deleted random-forest-hyperopt experiment in MLflow so training can continue normally?,fb9f6e511b
I’m getting OSError: [Errno 28] No space left on device while installing the course requirements — what should I do?,160cd7cf05
How can I fix the disk space issue on AWS if my VM doesn’t have enough room for conda or the packages?,160cd7cf05
Is there a way to expand the default EBS volume in AWS so I can finish the setup without running out of space?,160cd7cf05
Can I add another disk or external storage and install conda there instead of the main drive?,160cd7cf05
"On GCP, what’s the easiest way to avoid the no space left error during Miniconda installation?",160cd7cf05
How do I start MLflow on a remote machine so I can open it from another domain without getting an Invalid Host header error?,3b5e939644
What MLflow server command should I use if I need access from a different domain during dev or testing?,3b5e939644
How can I configure MLflow to run remotely and avoid host header issues in the browser?,3b5e939644
Is there a way to launch MLflow on 0.0.0.0 and make it work cross-domain without security middleware blocking it?,3b5e939644
What exact settings do I need for MLflow server when I want remote access and no Invalid Host header problem?,3b5e939644
Why am I seeing a parameter mismatch in homework Q3 when using RandomForestRegressor?,cdd6cd3f29
Could an old scikit-learn version be the reason my homework parameters don’t match?,cdd6cd3f29
What changed in sklearn that makes min_impurity_split cause problems in Q3?,cdd6cd3f29
How do I fix the mismatch error in the experiment tracking homework if RandomForestRegressor has fewer parameters than expected?,cdd6cd3f29
Is upgrading sklearn enough to resolve the Q3 homework issue with deprecated RandomForestRegressor settings?,cdd6cd3f29
Why do I get a protobuf error after installing everything from requirements.txt and trying to run mlflow in a new environment?,31a648c28a
How can I fix the MLflow command failing because of protobuf version issues?,31a648c28a
Is there a specific protobuf version I need for mlflow to work without errors?,31a648c28a
I installed the course dependencies but mlflow crashes in the terminal — what package version should I change?,31a648c28a
What should I do if mlflow gives an error after pip installing the requirements and the protobuf package is too new?,31a648c28a
Why does my SSH session from WSL to an AWS EC2 machine keep dropping after a minute or two of being idle?,3fd406c55c
What can I add to my SSH config in the WSL .ssh folder to stop the connection from timing out so fast?,3fd406c55c
How do I keep my local WSL SSH link to an EC2 instance alive when I’m not typing anything for a bit?,3fd406c55c
Is there a simple SSH client setting for AWS EC2 that helps prevent frequent disconnects on inactivity?,3fd406c55c
Can you show me the config lines I need to put in ~/.ssh/config to avoid SSH getting terminated on WSL?,3fd406c55c
"When I run `mlflow ui`, why don’t I see my artifacts folder, and how do I make sure I’m in the right place?",6686406223
What directory should I start `mlflow server` from so the artifacts path shows up correctly?,6686406223
Could the reason my artifacts folder is missing be that I launched `mlflow ui` in the wrong directory?,6686406223
How can I check my current working directory before starting MLflow so artifacts get picked up?,6686406223
Is there a specific folder I need to be in when running `mlflow ui` or `mlflow server` for artifacts to work?,6686406223
How do I set up MLflow experiment tracking on GCP if I keep getting errors?,76d72f3776
Are there any guides for configuring MLflow on Google Cloud for the experiment tracking part of the course?,76d72f3776
I’m stuck with MLflow tracking on GCP — where can I find a step-by-step tutorial to fix it?,76d72f3776
What resources should I check if my MLflow experiment tracker isn’t working on GCP?,76d72f3776
Can you point me to any blog posts about using MLflow with GCP for tracking experiments?,76d72f3776
"Why do I get an MLflow autolog warning about setuptools replacing distutils, and how can I fix it?",4cff59a281
Is there a specific setuptools version I should downgrade to when MLflow autolog shows a distutils warning?,4cff59a281
What should I do if experiment tracking with MLflow starts complaining after setuptools changed from distutils?,4cff59a281
How can I stop the MLflow autolog warning related to setuptools and distutils in Module 2?,4cff59a281
Which setuptools version works better if I need to avoid the distutils replacement warning in MLflow?,4cff59a281
How do I sort experiment runs in the MLflow UI?,85d2a669c6
"Why can’t I sort runs in MLflow, and is there a setting I’m missing?",85d2a669c6
"Is sorting available in list view, or do I need a different view in MLflow?",85d2a669c6
My MLflow runs aren’t sortable — what should I check in the UI?,85d2a669c6
Where do I switch in MLflow so I can sort runs properly?,85d2a669c6
Why do I get `TypeError: send_file() unexpected keyword 'max_age'` when I run `mlflow ui` on a remote server and try to open it in my browser?,ad15f21a9f
How can I fix the MLflow UI not loading because of the `send_file()` `max_age` error?,ad15f21a9f
Is this `max_age` Flask error related to the conda environment I cloned for the MLops Zoomcamp project?,ad15f21a9f
Do I need to change Flask versions if `mlflow ui` crashes with `unexpected keyword 'max_age'`?,ad15f21a9f
What should I install or reinstall on the remote machine to make the MLflow UI work again?,ad15f21a9f
Why do I get FileNotFoundError: [WinError 2] when I run mlflow ui on Windows after installing mlflow with pip?,f7cd7d85ab
How can I fix the mlflow ui command not found issue on Windows 10 or 11?,f7cd7d85ab
What PATH setting do I need to add so mlflow ui works in Windows after pip install?,f7cd7d85ab
"I installed mlflow successfully but mlflow ui still crashes with WinError 2, what am I missing?",f7cd7d85ab
Where should I point PATH on Windows so the MLflow scripts folder is recognized?,f7cd7d85ab
Why does `hpo.py` crash with `TypeError: unsupported operand type(s) for -: 'str' and 'int'` when I run it with `--max_evals=50`?,fabdc4421c
Do I need to set a type for the `--max_evals` argument in the parser so Hyperopt gets an integer instead of a string?,fabdc4421c
What change should I make in `hpo.py` to fix the error in `fmin` caused by `max_evals` being treated as text?,fabdc4421c
Is the problem coming from `argparse` because `--max_evals` has no `type=int` in the command-line options?,fabdc4421c
How should the `--max_evals` parameter be defined so the optimizer runs without the subtraction error?,fabdc4421c
"Why am I getting an unsupported sklearn version warning when I use mlflow.sklearn autologging, and which scikit-learn versions are actually compatible?",601b847b43
"I see a warning about unsupported scikit-learn during MLflow autologging. Do I need to change my sklearn install, and what version range should I use?",601b847b43
What should I do if MLflow says my sklearn version is not supported while running autologging? Is there a recommended sklearn version to downgrade or upgrade to?,601b847b43
When I run mlflow.sklearn I get a message that my sklearn version is unsupported. What versions does MLflow work with for this feature?,601b847b43
"How can I fix the sklearn compatibility warning in MLflow autologging, and what scikit-learn versions are safe to use?",601b847b43
Why does `mlflow experiments list` show nothing on the CLI?,ac877b2d3d
How do I make Mlflow CLI return my experiments?,ac877b2d3d
Do I need to set `MLFLOW_TRACKING_URI` before using `mlflow experiments list`?,ac877b2d3d
What Tracking URI should I export so the Mlflow CLI can see experiments?,ac877b2d3d
"If the CLI is not showing experiments, what environment variable am I missing?",ac877b2d3d
Why does the MLflow CLI not show the experiments I ran after starting the tracking server?,03f9c129fc
How do I set the tracking URI so the MLflow command line tools can see my runs?,03f9c129fc
What is the exact way to point MLflow CLI to the SQLite database used by the tracking server?,03f9c129fc
"Once I set the URI, which MLflow CLI command can I use to list the experiments?",03f9c129fc
Why does something like `mlflow gc` still fail unless I pass the tracking URI manually?,03f9c129fc
How can I look at the raw MLflow tracking data that gets created when I run mlflow ui?,0a545e0e4c
Is there a way to open the MLflow SQLite database in PyCharm and inspect the tables directly?,0a545e0e4c
Can I query the experiment data stored by MLflow with normal SQL instead of using the UI?,0a545e0e4c
What should I use in PyCharm if I want to connect to the SQLite file behind MLflow tracking?,0a545e0e4c
"Does this same method work for other SQL databases like PostgreSQL, or only for SQLite?",0a545e0e4c
What does it mean to launch the tracking server locally for MLflow?,86a6321b3d
Why would I run an MLflow server on my own machine instead of each person using their laptop?,86a6321b3d
"If my team is collaborating, how does a locally launched tracking server help us share experiments?",86a6321b3d
"Is starting the MLflow tracking server locally just for one user, or can others connect to it too?",86a6321b3d
What’s the point of having a local MLflow server when several colleagues need to use the same tracking setup?,86a6321b3d
Why is my max_depth parameter not showing up in the model registry?,dcccce53fc
Do I need to log parameters before registering the model in MLflow?,dcccce53fc
What’s the right way to add a params dict so it appears in data.run.params?,dcccce53fc
Why did MLflow ignore the parameter I added after the registry step?,dcccce53fc
How can I make sure max_depth gets recognized when I log my run?,dcccce53fc
Why is max_depth still not showing up even after I call mlflow.log_params()?,22b02585bf
Do I need to put mlflow.log_params(params) in hpo.py specifically?,22b02585bf
"If I run the tuning script again, why does the new model get attached to an older run without params?",22b02585bf
Should I delete the old experiment or just change it when params are missing?,22b02585bf
What’s the right way to make sure max_depth is logged in MLflow for the new run?,22b02585bf
Why do I get `AttributeError: 'tuple' object has no attribute 'tb_frame'` when I copy `register_model.py` into a Jupyter notebook?,d71f8cb2d0
Is there a reason `register_model.py` breaks in week 2 homework after pasting it into a notebook?,d71f8cb2d0
How do I fix the `tb_frame` tuple error from `register_model.py` in module 2?,d71f8cb2d0
What should I change in `register_model.py` if it throws `AttributeError: 'tuple' object has no attribute 'tb_frame'`?,d71f8cb2d0
Do I need to remove anything from `register_model.py` to make it work inside Jupyter?,d71f8cb2d0
Why do I get `wandb: ERROR api_key not configured (no-tty)` when I run `preprocess_data.py`?,d4c21886e6
How can I fix the WandB login issue before executing `preprocess_data.py` in my notebook?,d4c21886e6
Where do I find the API key needed for WandB to stop complaining about `no-tty`?,d4c21886e6
Do I need to run `wandb login` manually before preprocessing data with this project?,d4c21886e6
What should I do if WandB says the API key isn’t configured while I’m running the data preprocessing script?,d4c21886e6
"Why am I getting the MLflow xgboost warning about failing to infer the model signature, and how do I fix it?",13fecb68a8
"Do I need to call mlflow.xgboost.autolog() before I build X_train and y_train, or can it go after?",13fecb68a8
"What’s the right order for enabling MLflow autologging, creating the dataset, and fitting the XGBoost model?",13fecb68a8
"If MLflow still can’t sample data for the signature, what else should I check in my XGBoost input data?",13fecb68a8
Can you show the minimal code sequence to avoid the model signature inference warning with XGBoost and MLflow?,13fecb68a8
"Why does XGBoost fail on my Linux box with an older glibc version, and what should I do about it?",bfbe05dcd9
"When I install XGBoost with pip, how does it know whether to use the newer Linux build or the older one?",bfbe05dcd9
What is the difference between the manylinux_2_28 and manylinux2014 XGBoost wheels?,bfbe05dcd9
Will future XGBoost releases still work on systems with glibc older than 2.28?,bfbe05dcd9
Does this old-glibc issue also happen if I install XGBoost with conda?,bfbe05dcd9
"Why does `wget` fail on Windows when I try to download files in the VS Code notebook, even though I already made a virtual environment?",47c771de0d
I’m on Windows and `pip` isn’t recognized in my notebook — what should I use instead to install packages?,47c771de0d
Is there a workaround for running `wget` or other command-line tools if the normal command doesn’t work in Python on Windows?,47c771de0d
"In a VS Code notebook on Windows, how can I download data or scripts if `wget` isn’t being picked up?",47c771de0d
"Should I run `python -m pip` instead of `pip`, and does the same idea work for things like `wget` too?",47c771de0d
How can I open a GitHub .ipynb notebook straight in Google Colab instead of just viewing it on GitHub?,e525587d40
Is there a quick trick to launch a notebook from a public GitHub repo in Colab?,e525587d40
"Why won't my GitHub notebook open in Colab directly, and what URL should I use?",e525587d40
Does opening a GitHub notebook in Google Colab only work for public repos or also private ones?,e525587d40
I got lost in the Weights & Biases interface while navigating — where should I look for help?,e525587d40
"Why do we split the data by months like Jan, Feb, and Mar instead of doing a random train/test split?",d30594cef3
"What’s the point of using an ""out of time"" validation set in this setup?",d30594cef3
How does a month-based split help detect seasonality in the data?,d30594cef3
Why can a random split cause data leakage when we’re predicting future outcomes?,d30594cef3
"What are train, test, and validation used for here, and why does the validation result matter for leadership or auditors?",d30594cef3
"Why am I seeing ""Failed to log training dataset information to MLflow Tracking"" when I turn on autologging?",6b1c62c9cf
What's the deal with the MLflow warning about `'numpy.ndarray' object has no attribute 'toarray'`?,6b1c62c9cf
"In the course code, can I stop MLflow from trying to log the training data somehow?",6b1c62c9cf
Does MLflow autolog expect a pandas DataFrame instead of a NumPy array?,6b1c62c9cf
How do I disable dataset logging in mlflow.sklearn.autolog() to get rid of that warning?,6b1c62c9cf
"Why do I get `ImportError: urllib3 v2.0 only supports OpenSSL 1.1.1+` when starting `mlflow server` with S3 or Postgres, and how do I fix it?",76e6d9e8ce
I'm on an older Amazon Linux 2 box with OpenSSL 1.0.2k-fips and MLflow crashes on import — what package version should I pin?,76e6d9e8ce
Is there a quick way to make `mlflow server` work again if `urllib3` is too new for my system SSL library?,76e6d9e8ce
"Would upgrading MLflow solve the OpenSSL / urllib3 compatibility error, or do I need to downgrade something manually?",76e6d9e8ce
What should I install if MLflow fails with the `urllib3 v2.0 only supports OpenSSL 1.1.1+` message when using S3 or Postgres?,76e6d9e8ce
"Why am I getting AttributeError: 'MlflowClient' has no attribute 'list_run_infos' in the scenario 2 notebook, and what should I use instead?",4d08d35199
"In module 2 experiment tracking, is there an updated way to get the first run_id from an experiment after list_run_infos stopped working?",4d08d35199
My code client.list_run_infos(experiment_id='1')[0].run_id crashes with MlflowClient has no attribute list_run_infos. What is the replacement for recent MLflow versions?,4d08d35199
How can I rewrite the notebook line that fetches a run_id from experiment 1 so it works with MLflow 2.12.2?,4d08d35199
"Is list_run_infos removed in newer MLflow, and if so what code should I use to access run_id from search results?",4d08d35199
"With MLflow autologging, do I still need to pass every training parameter into .fit for it to show up in the UI?",460343cb44
"If I use autologging, will MLflow record parameters that I never explicitly set in the training call?",460343cb44
"Do I have to manually log training params when autologging is enabled, or does MLflow capture them automatically?",460343cb44
Can I leave some model parameters unset and still see them tracked in the MLflow UI with autologging?,460343cb44
"When training with autologging, does MLflow keep track of all params even if I only specify a few of them?",460343cb44
Why does conda keep saying `PackagesNotFoundError` for `hyperopt` when I install from `requirements.txt`?,58a9c117d5
What should I do if `conda install --file requirements.txt` fails because `hyperopt` isn’t available in my channels?,58a9c117d5
Is there a fix for `hyperopt` not being found by Conda in the MLOps Zoomcamp setup?,58a9c117d5
Should I update Conda or use a different channel when `hyperopt` can’t be installed?,58a9c117d5
How can I install `hyperopt` with Conda if the default channels don’t have it?,58a9c117d5
How do I fix the xgboost import error on Mac that says library not loaded: @rpath/libomp.dylib?,a0ac7f4f77
What should I install if Python fails to import xgboost on macOS with a libomp.dylib missing error?,a0ac7f4f77
Is there a command to resolve the @rpath/libomp.dylib issue when using xgboost on a Mac?,a0ac7f4f77
"Why am I getting a library not loaded error for libomp.dylib with xgboost on macOS, and how can I fix it?",a0ac7f4f77
What's the easiest way to get past the xgboost import problem on Mac related to libomp.dylib?,a0ac7f4f77
How do I deal with GitHub size limits when my MLflow files get too big?,a76d315b86
What should I put in .gitignore to avoid uploading mlruns and artifacts to GitHub?,a76d315b86
Is there a recommended way to ignore MLflow tracking folders in the experiment tracking homework?,a76d315b86
"Why am I getting issues pushing mlruns/artifacts to GitHub, and how can I exclude them?",a76d315b86
Which experiment tracking directories should be ignored before committing to GitHub?,a76d315b86
Why is `MlflowClient.list_experiments()` missing in newer MLflow versions?,c1768edac2
What should I use instead of `client.list_experiments()` now?,c1768edac2
Did MLflow remove `list_experiments()` from `MlflowClient`?,c1768edac2
How do I get the list of experiments with the latest MLflow API?,c1768edac2
Why does my code fail when calling `client.list_experiments()` and what is the replacement?,c1768edac2
How do I open the text editor in Mage on Windows if the usual shortcut doesn’t work?,250d8d1c81
What’s the keyboard shortcut for Mage’s text editor on Windows?,250d8d1c81
Is there a different shortcut for opening the text editor in Mage on Windows vs Mac?,250d8d1c81
Why isn’t the Mage text editor shortcut working on my Windows machine?,250d8d1c81
What key combo should I use in Mage to bring up the text editor on Windows?,250d8d1c81
How do I fix a Mage pipeline error that says it can’t find `output_1/object.joblib` in the `.variables` folder?,d317ebf313
My Mage workflow breaks with `[Errno 2] No such file or directory` for `object.joblib` — what should I check first?,d317ebf313
Do I need to move my Mage pipeline into a new project if a block output file is missing?,d317ebf313
"When Mage says `output_1/object.joblib` is missing, how can I verify whether the upstream block actually saved it?",d317ebf313
What’s the right way to recover a Mage pipeline that fails because the `.variables` path for an earlier block doesn’t exist?,d317ebf313
"Why do I get ""Unsupported config option for networks: 'app-network'"" and ""services: 'magic-platform'"" when I run ./scripts/start.sh, and how do I fix it?",60da2ce9c6
My docker-compose.yml says the Compose file is invalid because of app-network and magic-platform. Is this a Docker Compose version issue?,60da2ce9c6
What should I do if starting Mage with ./scripts/start.sh fails with unsupported config options in docker-compose?,60da2ce9c6
How can I update Docker Compose so docker-compose.yml is accepted and Mage starts normally?,60da2ce9c6
I keep seeing compose errors about networks and services being unsupported. What is the quickest way to install a newer docker-compose binary?,60da2ce9c6
Why do I keep getting Docker pull rate limit errors when I try to run Mage in Codespaces?,ba50d9e0bc
My Codespaces popup says disk space is in single digits with different percentage values — is this a Mage setup problem?,ba50d9e0bc
"Can I safely install Mage as a subfolder inside the mlops-zoomcamp repo, or is that a bad idea?",ba50d9e0bc
I’m seeing a 'too many requests' message from magic-database while setting up Mage in GitHub Codespaces. What’s going on?,ba50d9e0bc
What’s the recommended fix if Mage is causing issues after being added under the mlops-zoomcamp repository in a subdirectory?,ba50d9e0bc
"Why do I get `Cannot connect to the Docker daemon at unix:///var/run/docker.sock` when I open Mage in Codespaces, and what can I do about it?",74daf4433d
I’m seeing `invalid volume specification ... destination can't be '/'` in Mage Codespaces — is there a workaround for this volume mount error?,74daf4433d
"If `docker info` and `docker --version` work, but `docker compose down` plus restarting Codespaces fixes the problem, what was going on?",74daf4433d
"What does the warning `unable to access '/home/codespace/.gitconfig': Is a directory` mean in Mage, and how do I stop Docker from creating a folder there?",74daf4433d
"For the `.gitconfig` issue in Mage Deploy with Codespaces, do I need to add a dummy file and a `COPY .gitconfig /root/.gitconfig` line, or is there another fix?",74daf4433d
Mage version changed in the UI after I already started the container — how do I update it safely?,563feb7fd1
"Do I need to rebuild everything if Mage auto-updated, or can I stay on the old version for the coursework?",563feb7fd1
What should I do if `docker compose build --no-cache` still doesn’t pull the new Mage image?,563feb7fd1
How do I switch my setup from the alpha Mage image to the latest tagged one?,563feb7fd1
"What’s the real difference between `alpha` and `latest` in Mage, and which one should I use for class?",563feb7fd1
"Why is my time series bar chart in Mage not showing anything, and what should I change in the data loader?",078039f4e3
"I’m loading the green taxi parquet files in Mage, but the chart breaks on the datetime column — how do I clean it first?",078039f4e3
What’s the fix for Mage time series charts when the pickup datetime column causes an error?,078039f4e3
"In my Mage pipeline, how can I convert lpep_pickup_datetime so the bar chart works properly?",078039f4e3
"Do I need to add a cleaned timestamp column for the taxi dataset in Mage, and what does that code look like?",078039f4e3
Why is my Mage data_exporter block only getting one upstream output when the previous transformer block clearly returns two things?,1e05eabc5c
"I’m saving a dict vectorizer and a linear regression model to MLflow in a data_exporter block, but Mage says the block may be missing upstream dependencies and expected 2 args. What am I doing wrong?",1e05eabc5c
"In Mage orchestration, do multiple outputs from a transformer arrive as separate function arguments or as one list?",1e05eabc5c
How should I write the @data_exporter function if the upstream block returns two values but the exporter keeps failing with an argument mismatch?,1e05eabc5c
My export block works only after I changed the function to accept a single parameter and then unpacked it with output[0] and output[1]. Why does that fix the issue?,1e05eabc5c
"Why is my Mage dashboard on unit_3 not showing any charts, and I keep getting ""Cannot cast DatetimeArray to dtype float64""?",e065665622
Do the pipelines need to finish successfully before Mage and MLflow dashboards can show data?,e065665622
"My runs seem to be completed, but the dashboard is still empty — what else should I check?",e065665622
"What does the ""Cannot cast DatetimeArray to dtype float64"" error mean in Mage on unit_3?",e065665622
"If my pipelines are running fine but charts still don't appear, what information should I provide for troubleshooting?",e065665622
"In Mage, do I need to create the same helper or utility functions inside every sub-project, or is one shared set enough?",85c83560c5
"When I see an import like `from mlops.utils...`, what path is that actually pointing to in the main repository?",85c83560c5
"If I’m following the videos, should I copy the utility code into each project, or just make sure it matches the version in Mage’s mlops repo?",85c83560c5
Why do the `mlops.utils` import statements work across the projects — are they all using the same folder in the parent repo?,85c83560c5
How should I organize helper functions in Mage so I don’t duplicate them in every sub-project?,85c83560c5
Why does the Global Data Products block in Video 3.2.1 keep hanging and then crash with `AttributeError: 'NoneType' object has no attribute 'to_dict'`?,cc4481d2fa
What should I check first in the Mage block config if the GDP block is failing in `unit_2_training`?,cc4481d2fa
Do I need to restart anything in Mage or Docker when the global data product training_set run never finishes?,cc4481d2fa
How can I safely rebuild the Global Data Product block if fixing the config and restarting doesn’t help?,cc4481d2fa
Can I use the same fix for the matching GDP block in `unit_3_observability` too?,cc4481d2fa
How can I delete a global data product if the UI doesn't have a remove option?,e2806ae236
"Is there any way to remove a global data product from the interface, or do I need to edit a file manually?",e2806ae236
Which file should I change to get rid of a global data product?,e2806ae236
"Can I use the Text Editor to delete a global data product, and where is that config stored?",e2806ae236
What’s the proper way to remove a global data product in this project?,e2806ae236
Why am I getting `TypeError: string indices must be integers` in Mage after moving blocks around?,fa12df76a7
How can I fix stale upstream links in the `hyperparameter_tuning/sklearn` block in Mage?,fa12df76a7
Is there a way to repair the pipeline after deleting and re-adding blocks in Mage?,fa12df76a7
What should I do if the Tree panel connections seem broken in my Mage pipeline?,fa12df76a7
"After debugging Global Data Products, how do I reconnect `hyperparameter_tuning/sklearn` and save the pipeline properly?",fa12df76a7
"Why does my MLflow container say it can't locate a revision, and is this because of the DB file from an older MLflow version?",8231e2605d
How do I find out which MLflow version I used before so I can match the Docker image to it?,8231e2605d
What should I change in `mlflow.dockerfile` if the container is failing to read the mounted backend database?,8231e2605d
Do I need to rebuild the Docker Compose setup after updating the MLflow version in the Dockerfile?,8231e2605d
Will matching the MLflow version in the container with the one from module 2 fix the revision error?,8231e2605d
How do I fix a permission denied error when running a .sh script in GitHub Codespaces?,7100f168a2
I’m getting a permission denied issue while setting up the server in Codespaces — what should I do?,7100f168a2
What’s the best way to resolve sh script permission errors in GitHub Codespaces?,7100f168a2
"If my server setup fails with permission denied in Codespaces, where can I find the fix?",7100f168a2
"Why does GitHub Codespaces show permission denied for shell scripts, and how can I solve it?",7100f168a2
Where can I find the FAQ for Prefect-related questions in this course?,841966c903
"Is there a separate FAQ document for Prefect, and where is it located?",841966c903
Can you point me to the Prefect FAQ link for Module 3 orchestration?,841966c903
I’m looking for the FAQ that covers Prefect questions — where do I open it?,841966c903
What’s the document with the answers for Prefect questions in the orchestration module?,841966c903
"I'm getting '(root) Additional property mlflow is not allowed' in Docker Compose. What does that actually mean, and how do I fix it?",7deae3a8eb
Why does my compose file complain that the mlflow property isn't allowed at the root level?,7deae3a8eb
How do I correct this Docker Compose error about an extra mlflow field not being allowed?,7deae3a8eb
What causes the '(root) Additional property mlflow is not allowed' message when setting up the MLflow service?,7deae3a8eb
Where should the mlflow section go in docker-compose.yml so I don't get this validation error?,7deae3a8eb
Why do my logged MLflow model files disappear after I run docker compose down or recreate the MLflow container?,d94e5cc566
"Where are MLflow artifacts actually saved inside the container, and why aren’t they showing up under /home/src/mlflow?",d94e5cc566
How can I make sure logged models and experiment artifacts survive if the MLflow Docker container gets removed?,d94e5cc566
What volume mapping do I need in docker-compose so MLflow keeps artifacts on my host machine instead of losing them in the container?,d94e5cc566
Is there a way to persist MLflow logged data after a container restart so the UI still shows my models and artifacts?,d94e5cc566
Why are my MLflow artifacts not showing up when I use localstore?,b88d825b12
Do I need to start MLflow in the same folder where mlflow.db lives?,b88d825b12
"If mlflow.db is inside mlops/mlflow, what’s the right way to launch MLflow?",b88d825b12
Could the problem be that I started mlflow from the wrong directory in week 3 setup?,b88d825b12
"I followed the orchestration homework, but artifacts still don’t appear — what folder should I run start.sh from?",b88d825b12
What tracking URI should I set for MLflow in this homework so it connects properly?,0afee51849
How do I point mlflow to the right server when using the Docker setup from Q6?,0afee51849
Is the correct mlflow tracking uri just http://mlflow:5000 in this assignment?,0afee51849
What line of code do I need to use for setting mlflow tracking uri in the suggested Docker file setup?,0afee51849
"In Module 3 homework, what should I put in mlflow.set_tracking_uri so it works with the provided container config?",0afee51849
"Why do I get `invalid mount config for type ""bind""` and `destination can't be '/'` when I run `docker compose up` in the Mage repo?",b395e1c5ec
What’s the right way to start the Mage project instead of running `docker compose up` directly?,b395e1c5ec
"Do I need to use `bash ./scripts/start.sh` for Mage, and what does that script do differently?",b395e1c5ec
"Which env vars should be set for Mage so the compose setup works, like `PROJECT_NAME` and `MAGE_CODE_PATH`?",b395e1c5ec
"If I’m creating a new Mage project for the capstone and there is no `scripts/start.sh`, how should I set things up?",b395e1c5ec
"Why does `mlflow.set_tracking_uri()` fail with an `AttributeError` in my Mage block, even though MLflow is installed?",376ba649d7
How can I check what `import mlflow` is actually pointing to inside the container?,376ba649d7
Could a folder or file named `mlflow` in my project break the MLflow import and cause this error?,376ba649d7
Is the backend store path like `sqlite:///home/mlflow/mlflow.db` able to confuse Python into importing the wrong thing?,376ba649d7
What should I do if `import mlflow` fails in the container because `PYTHONPATH` does not include the right site-packages path?,376ba649d7
"Why do I get ""No such command 'project'"" when running prefect project init?",3e58074bee
Is the project module removed in the latest Prefect version?,3e58074bee
What command should I use now to initialize a Prefect project?,3e58074bee
How do I start a new Prefect project if prefect project init fails?,3e58074bee
"Did the Prefect init command change, and what’s the right one now?",3e58074bee
Why am I getting KeyError: 'rmse_LinearRegression' when the RMSE chart should show in video 3.3.4?,b3fe59d431
What’s missing in the sklearn pipeline compared to the xgboost one that makes the metric chart fail?,b3fe59d431
Do I need to add a track_experiment callback somewhere for the sklearn training flow?,b3fe59d431
Where exactly should I put the extra lines so the RMSE metric gets logged correctly?,b3fe59d431
Is there a commit or example I can follow to fix the training metrics chart issue?,b3fe59d431
How do I make Docker containers talk to each other when I launch them from a Kestra flow?,f74891d445
"In a Kestra task using Docker, what’s the easiest way to reach a service running on my machine, like MLflow on localhost?",f74891d445
Does Kestra’s docker.Run support custom networks or host networking for containers?,f74891d445
Why does networkMode: host work on Linux but not on Docker Desktop for Windows or macOS?,f74891d445
What’s the recommended setup for MLflow or other services in production when running Docker tasks from Kestra?,f74891d445
How do I call my Dockerized model from a Mage pipeline — do I need to expose it as an API first?,bd885d3d4d
What’s the best way to connect a FastAPI or Flask model container to Mage in Module 3?,bd885d3d4d
Should I use docker-compose and the same network so Mage can reach my model service by name?,bd885d3d4d
"In a Mage custom Python block, how do I send data to a /predict endpoint and get predictions back?",bd885d3d4d
"After Mage gets the model output from my Docker container, how can I pass those predictions to the next block or store them somewhere?",bd885d3d4d
Why do I get AttributeError: 'NoneType' object has no attribute 'to_dict' when creating a Global Data Product in Mage?,6ba940e0fd
"Can a Mage Global Data Product point to a pipeline in another project, or does it only work inside the same project?",6ba940e0fd
How should I set up a data prep pipeline in Mage if I want it to be used by a training project like unit_2_training?,6ba940e0fd
Is there a workaround for using Global Data Products across different Mage projects?,6ba940e0fd
What’s the right way to avoid the NoneType to_dict error when building a Global Data Product in Mage?,6ba940e0fd
"Why am I getting ValueError: not enough values to unpack (expected 3, got 1) in video 3.2.8 when I run the xgboost training block?",9cfe589a2e
"In the orchestration tree, what should the upstream links for xgboost be connected to before training?",9cfe589a2e
My pipeline is failing in the xgboost step with an unpack error — is the problem the order of the inputs?,9cfe589a2e
How do I fix the connections if the xgboost block in my flow has the wrong upstream dependencies?,9cfe589a2e
What should I remove and reconnect in the xgboost section so the training job works without the unpacking error?,9cfe589a2e
My ML pipeline keeps crashing with an OOM error on a huge dataset. What should I change first if I can’t just add more RAM?,e00253e2df
"When I’m loading data for preprocessing, is there a way to avoid using so much memory by selecting only part of the dataset?",e00253e2df
"After I finish making X_train and y_train, should I delete the original dataframe to free memory, or is that unnecessary?",e00253e2df
"I don’t have a swap file on my machine. How do I create one, and what size should I make it for a memory-heavy workflow?",e00253e2df
"If I already have a swap file but the job still runs out of memory, how can I replace it with a bigger one and check that it’s active?",e00253e2df
Why do I get `aws.exe: error: argument operation: Invalid choice` when trying to log Docker into ECR on Windows?,74974bf558
Which AWS CLI version should I check if the ECR login command fails on my Windows machine?,74974bf558
What is the current AWS command to get the ECR login password instead of the old one?,74974bf558
How do I pipe the ECR password into `docker login` with the right region and account ID?,74974bf558
Where can I read the AWS docs for the ECR login password command?,74974bf558
How do I write a multiline command in Windows PowerShell without it breaking?,2d292454ac
"Do I need to use a backtick at the end of every line in PowerShell multiline commands, or are there exceptions?",2d292454ac
What’s the right way to handle double quotes inside a PowerShell command that spans multiple lines?,2d292454ac
How can I set a temporary environment variable in PowerShell and use it in an AWS CLI command?,2d292454ac
"In PowerShell, why does my multiline JSON or string work differently from a multiline command, and how should I format it?",2d292454ac
Why does `pipenv install` fail with `collections` and `MutableMapping` on Python 3.10?,a2d10b83d9
How do I fix pipenv if it keeps crashing when I run `pipenv install` on my AWS machine?,a2d10b83d9
Should I remove the pipenv package installed with `apt-get` before installing it again?,a2d10b83d9
Do I need to use Anaconda or Miniconda for pipenv to work with this setup?,a2d10b83d9
What’s the correct way to reinstall pipenv so `pipenv install <dependencies>` works without that error?,a2d10b83d9
"Why do I get ""Can't connect to HTTPS URL"" when trying to run the module, and how can I check if SSL is the issue?",7fa713d6c7
I’m seeing a module not available error over HTTPS — is there a command to verify the SSL setup first?,7fa713d6c7
What should I do if `python -m ssl` prints nothing but pip still can’t connect to an HTTPS URL?,7fa713d6c7
Could this HTTPS connection problem be fixed by upgrading pipenv in my environment?,7fa713d6c7
"How do I troubleshoot a ""module is not available"" error that mentions HTTPS when the SSL check comes back empty?",7fa713d6c7
Why do I get `No module named 'pip._vendor.six'` when I run `pipenv install scikit-learn==1.0.2`?,1b858ee8bb
How can I fix the `ModuleNotFoundError: No module named 'pip._vendor.six'` during scikit-learn install?,1b858ee8bb
Is there a quick way to resolve the `pip._vendor.six` error in my Pipenv environment?,1b858ee8bb
What should I do if `pipenv install scikit-learn==1.0.2` fails with `No module named 'pip._vendor.six'`?,1b858ee8bb
Do I need to install anything extra before reinstalling scikit-learn when Pipenv throws the `pip._vendor.six` error?,1b858ee8bb
How do I use Jupyter notebooks inside a Pipenv virtual environment?,ecba2d4d27
What’s the right way to add a Pipenv environment as a Jupyter kernel?,ecba2d4d27
Do I need to install both Jupyter and ipykernel when working with Pipenv notebooks?,ecba2d4d27
What command registers my Pipenv virtualenv so Jupyter can see it?,ecba2d4d27
"If I’m using VS Code notebooks with Pipenv, how do I make the environment show up as a kernel?",ecba2d4d27
"Why does my Jupyter notebook in a Pipenv setup show no output for print statements, and I’m using Python 3.10 with scikit-learn 1.2.2?",afd037e097
I started a notebook inside Pipenv and the cells run but nothing prints out — could this be a Tornado version issue?,afd037e097
Has anyone fixed the blank output problem in Jupyter by changing the Tornado package version?,afd037e097
What should I do if my starter notebook works in Pipenv but print() doesn’t display anything on the screen?,afd037e097
Is there a known workaround for Jupyter output disappearing when Tornado 6.3.2 is installed?,afd037e097
"Why do I get an ""Invalid base64"" error when I run `aws kinesis put-record` on my laptop, and is this related to AWS CLI version 2?",ff0f22df21
What should I add to my `aws kinesis put-record` command so the data gets accepted instead of failing with base64 issues?,ff0f22df21
"In the deployment lesson, the demo works but my local AWS CLI throws a base64 error with Kinesis — what’s the missing flag?",ff0f22df21
"Does `aws kinesis put-record` need a special binary format option in CLI v2, and if so, what is it?",ff0f22df21
"I’m trying to send a string to Kinesis with `aws kinesis put-record`, but AWS says the input is not valid base64 — how do I fix the command?",ff0f22df21
"Why do I get ""index 311297 is out of bounds for axis 0 with size 131483"" when I load the parquet file in starter.ipynb?",363335a1ea
I’m seeing an out-of-bounds error in the Module 4 homework notebook when reading parquet — what’s the fix?,363335a1ea
What should I update if starter.ipynb crashes on Q1 with a parquet loading index error?,363335a1ea
"Has anyone fixed the ""index ... is out of bounds"" issue in the deployment homework notebook?",363335a1ea
"Is this parquet error caused by pandas, and do I need to upgrade some dependencies to solve it?",363335a1ea
"Why didn't Pipenv create a Pipfile.lock when I made the Pipfile, and how do I generate it?",405de99093
I only have a Pipfile after setup — what command should I run to create the lock file?,405de99093
Is there a way to force Pipenv to produce Pipfile.lock if it didn't appear automatically?,405de99093
"My project has a Pipfile but no Pipfile.lock, how can I fix that in Pipenv?",405de99093
What command makes Pipenv write the Pipfile.lock file?,405de99093
"Why am I getting a permission denied error when I use Pipenv, and how can I fix it?",84eaad3372
"Is the permission denied problem in Pipenv related to pythonfinder, and what should I change?",84eaad3372
What’s the workaround for Pipenv failing with permission denied on this deployment module?,84eaad3372
How do I manually patch Pipenv if the pythonfinder part is causing permission errors?,84eaad3372
My Pipenv setup says permission denied—does this mean I need to edit pythonfinder files by hand?,84eaad3372
How do I load a CSV from Google Cloud Storage into a pandas dataframe in this module?,00b11da94b
What’s the quickest way to upload my local data to a GCS bucket?,00b11da94b
"Do I need to set up a service account to read and write files in GCS, and how do I do that?",00b11da94b
How can I authenticate gsutil or gcloud so I can access my bucket from the IDE?,00b11da94b
Can I save my output directly to a Google Cloud Storage path instead of writing it locally first?,00b11da94b
Why do I get `Unknown format code 'd' for object of type 'str'` when I pass a year through the CLI and format it like `{:04d}`?,e781391c86
How can I fix a script that reads command-line args as strings but then needs to print a 4-digit year?,e781391c86
"In a Python CLI, what should I do before using an f-string like `f'{year:04d}'` if the value comes from `sys.argv`?",e781391c86
"If I'm using `click`, how do I declare a `--year` option so it doesn't stay a string and break my formatting?",e781391c86
What change is needed in my argument parsing when I get a `ValueError` while formatting an input year as a number?,e781391c86
How do I make sure I’m using the right base image when I Dockerize this project?,81c82a4875
"When I copy files into a Docker image, should I use relative paths or absolute paths, and why?",81c82a4875
Why do people say to use paths like /app inside the container and set WORKDIR /app first?,81c82a4875
What’s the usual docker build command for this kind of MLOps project?,81c82a4875
"After building the image, how do I run the script with docker run, and does the image name like mlops-learn matter?",81c82a4875
Why does putting both Flask/Gunicorn and the MLflow server in Docker CMD only start MLflow and not Flask?,9ee43d55d0
How can I run a Flask app with Gunicorn and an MLflow server from the same container?,9ee43d55d0
"Do I need separate shell scripts for the two servers, and what should each script contain?",9ee43d55d0
How should the wrapper script start both processes and handle exit status?,9ee43d55d0
"What should the Dockerfile CMD look like, and do I need to expose both ports?",9ee43d55d0
Why do I get an InstallationError when pipenv tries to generate pipfile.lock?,69052b9af2
"How can I fix the error where ""python setup.py egg_info"" fails while creating pipfile.lock?",69052b9af2
What command should I run to upgrade pipenv and wheel so pipfile.lock gets generated correctly?,69052b9af2
Is there a way to solve the pip9.exceptions.InstallationError during pipfile.lock creation by forcing package upgrades?,69052b9af2
My lock file won’t build and pipenv throws InstallationError — what’s the recommended fix?,69052b9af2
How do I connect an S3 bucket to MLflow using boto3 and AWS CLI credentials?,f192a133f7
What do I need to set up so MLflow can access my S3 bucket securely?,f192a133f7
"Can MLflow use an S3 bucket without AWS access keys, or does it need credentials first?",f192a133f7
Is making the S3 bucket public enough for MLflow to read from it without authentication?,f192a133f7
Where can I find the boto3 docs for setting up AWS credentials with an S3 bucket?,f192a133f7
"Why do I get InvalidAccessKeyId on PutObject when uploading to S3, even though AWS CLI and boto3 work in my notebook?",d34afcb205
My S3 upload fails with 'The AWS Access Key Id you provided does not exist in our records' — what should I check?,d34afcb205
"If AWS CLI and boto3 can upload fine, but PutObject from my app gets InvalidAccessKeyId, could this be an AWS_PROFILE issue?",d34afcb205
How do I make S3 uploads use the right AWS credentials profile when the default one isn’t being picked up?,d34afcb205
What should I set so my code uses the correct AWS credentials for S3 instead of failing with InvalidAccessKeyId?,d34afcb205
Why am I getting `lib_lightgbm.so Reason: image not found` when I try to run LightGBM in Docker?,5bf804473e
What should I add to my Dockerfile if LightGBM keeps failing with a missing `lib_lightgbm.so` error?,5bf804473e
Is there a package I need to install in the container so LightGBM can load properly?,5bf804473e
How do I fix the Docker image issue when LightGBM says a library is not found?,5bf804473e
"Do I just need to install `libgomp1` for LightGBM in Docker, or does it depend on the OS?",5bf804473e
"Why does mlflow pyfunc.load_model throw an AttributeError about dataclasses.__version__ when my request runs in AWS Lambda, and what should I change to fix it?",164b0e749d
"I’m seeing a mlflow.pyfunc warning about model dependency mismatch detection failing inside Lambda with dataclasses having no __version__. Is this a memory issue, and how do I solve it?",164b0e749d
"What causes the unexpected error from mlflow pyfunc.load_model in a serverless lambda handler, and is increasing lambda memory the recommended fix?",164b0e749d
My Lambda logs show mlflow.pyfunc complaining about dataclasses.__version__ while loading a model. What’s the simplest way to get rid of that warning?,164b0e749d
Has anyone fixed the mlflow pyfunc load_model error in Lambda where it says module 'dataclasses' has no attribute '__version__'? What worked for you?,164b0e749d
"In the deployment module video, why does the notebook look like it is already ahead of the steps shown in the lesson?",fa77367725
"If I’m using the repo notebook while following the video, is it supposed to match the starting point or the final version?",fa77367725
"The notebook seems to include MLflow pipelines already — is that normal for this lesson, or did I miss something?",fa77367725
Should I just follow the video step by step even if the notebook in the repo looks like the end result?,fa77367725
"Why doesn’t the notebook line up with the early parts of the deployment video, and do I need to change anything to make it work?",fa77367725
How do I fix the notebook if the code for logging the dict_vectorizer is missing?,af3774c8e2
"I'm getting an error after switching to pipelines, what should I change in the predict function?",af3774c8e2
Do I need to add extra code to save the dict_vectorizer in the repo notebook?,af3774c8e2
"Why does my deployment break when I use pipelines, and how do I update predict() to make it work?",af3774c8e2
Where can I find the missing step for logging dict_vectorizer and the pipeline-related predict fix?,af3774c8e2
How do I pass AWS_ACCESS_KEY_ID and AWS_SECRET_ACCESS_KEY into a Docker container so my Python script can read them?,884bb9afb7
"Why isn’t my container seeing the AWS env vars when I run docker run, and does the order of -e and the image name matter?",884bb9afb7
What’s the right way to use an .env file with docker run for AWS credentials?,884bb9afb7
Can Docker use my local ~/.aws/credentials and ~/.aws/config files instead of setting env vars manually?,884bb9afb7
"Do I need to include AWS_SESSION_TOKEN too, or is that only for temporary STS credentials?",884bb9afb7
How can I check what files are inside /app in the Docker image with the model?,fd11200ead
Is there a quick way to confirm model.bin exists in the container?,fd11200ead
What Dockerfile should I use if I just want to inspect the model image contents?,fd11200ead
"After building the image, how do I run it so it lists the /app folder?",fd11200ead
What’s the difference between RUN and CMD if I want to see files when the container starts?,fd11200ead
How do I fix the Docker warning about linux/amd64 not matching my linux/arm64/v8 machine?,b577c9ba98
What build command should I use if Docker says the image platform doesn’t match the host platform?,b577c9ba98
"I get a platform mismatch warning when building the homework image on Apple Silicon, how can I solve it?",b577c9ba98
Is there a way to specify the platform while building a Docker image so this warning goes away?,b577c9ba98
What’s the correct Docker build command for an arm64 host when the image defaults to amd64?,b577c9ba98
"Why do I get HTTPError 403 Forbidden when I call apply_model() in score.ipynb, and what input file URL should I use instead?",d41cd73af9
I'm following the deployment module and my scoring notebook fails with a 403 on the parquet file download — is there a different S3/CloudFront link I should switch to?,d41cd73af9
"apply_model() works until it tries to read NYC taxi trip data, then I see HTTP Error 403: Forbidden. What URL change fixes this?",d41cd73af9
"In score.ipynb, the model scoring step breaks with a forbidden error on the dataset file. What’s the correct trip-data path now?",d41cd73af9
"When I use the old nyc-tlc parquet URL in the deployment notebook, I get a 403. Which replacement URL should I put in the code?",d41cd73af9
I’m getting `ModuleNotFoundError: No module named 'pipenv.patched.pip._vendor.urllib3.response'` when I run pipenv. How do I fix it?,1355481387
What should I do if pipenv breaks with an error about `pipenv.patched.pip._vendor.urllib3.connectionpool.py`?,1355481387
Is there a way to reinstall pipenv cleanly to get rid of this urllib3 response module error?,1355481387
Do I need to update pip or install requests when pipenv throws a patched urllib3 connectionpool error?,1355481387
"Why am I seeing a missing `pipenv.patched.pip._vendor.urllib3.response` module, and what commands should I run to repair it?",1355481387
Why does pipenv say command not found right after I install it with --user?,b53176b742
How do I make pipenv available in my terminal after a user install?,b53176b742
Do I need to add pipenv to PATH if I installed it only for my account?,b53176b742
What should I put in .bashrc or .profile so pipenv works after login?,b53176b742
Can I skip editing PATH and just reinstall pipenv some other way?,b53176b742
Why am I getting a NameError saying year is not defined in homework question 2?,76ed2ad3e5
"In question 2, do I need to create year and month before preparing the output dataframe?",76ed2ad3e5
What should I define first if the code fails with name 'year' is not defined?,76ed2ad3e5
How do I avoid the year not defined error when making the dataframe for question 2?,76ed2ad3e5
"For the deployment homework question 2, are year and month supposed to be integers before I build the result dataframe?",76ed2ad3e5
"Why does Mage throw an error when I return predictions from a block, like an object loading issue for `output_0`?",5a508f2d8c
I’m getting a `No such file or directory: object.joblib` message in Mage after my prediction step — what’s causing that?,5a508f2d8c
"Can Mage handle `numpy.ndarray` outputs from a block, or do I need to convert the predictions first?",5a508f2d8c
What should I return from my prediction block in Mage so it doesn’t fail when saving the result?,5a508f2d8c
"If my model output is just `y_pred`, how can I format it so Mage accepts it without the custom object error?",5a508f2d8c
"Why do I get a warning that the Docker image is linux/amd64 but my machine is linux/arm64, and how do I run it anyway?",e6ffad6be5
I’m on an ARM-based chip and Alexey’s container won’t start normally — what flag should I add to docker run?,e6ffad6be5
What does the platform mismatch warning mean when I try to launch the homework image in Docker on an arm64 laptop?,e6ffad6be5
How can I fix the error where Docker says the image platform doesn’t match my host platform?,e6ffad6be5
Is there a way to run the `homework:v2` image on Apple Silicon or another arm64 system without rebuilding it?,e6ffad6be5
How do I check if Python and pip are already installed before setting up Pipenv?,2c007273b4
What’s the easiest way to install Pipenv on my machine for this module?,2c007273b4
"Do I need to verify the Python and pip versions first, and how do I do that?",2c007273b4
What command should I run to install pipenv with user permissions?,2c007273b4
I’m stuck on the Pipenv setup — what are the exact steps to get it installed?,2c007273b4
Why am I getting `Jupyter command jupyter-nbconvert not found` when I try to turn my notebook into a Python file?,00b076410d
Do I need to install something before using `jupyter nbconvert` to convert `notebook.ipynb`?,00b076410d
What should I check first if the notebook conversion command fails in my project folder?,00b076410d
"Is `jupyter nbconvert --to script my_notebook.ipynb` the right command, or should it be something else?",00b076410d
How can I convert a Jupyter notebook to `.py` if `nbconvert` isn’t installed yet?,00b076410d
"In the Dockerfile for question 6, how do I make sure the output/yellow folder gets created in the container working directory?",55fcf4bc86
What line should I add to my Dockerfile so the script can write into output/yellow without failing?,55fcf4bc86
"For the homework Docker setup, do I need to create output/yellow manually, or is there a Dockerfile command for it?",55fcf4bc86
Where should I put the command to create output/yellow when building the image for question 6?,55fcf4bc86
How can I ensure the working directory inside the Docker container contains output/yellow before running the script?,55fcf4bc86
"For homework question 6, if I’m running the scoring script directly in Docker and not using Flask, what should the container entry point be?",d00a9ac4ba
"When I build the Docker image for the deployment assignment, should the ENTRYPOINT be bash or something else if I’m just using the script from the homework?",d00a9ac4ba
I’m confused about the Docker setup for question 6: what do I put as the entry point when the model is scored with a plain script instead of a web app?,d00a9ac4ba
"In the MLOps deployment homework, what is the correct Docker ENTRYPOINT for the scoring script approach, not the Flask approach?",d00a9ac4ba
"For the container used in homework question 6, what entry point should I specify so the script runs properly inside Docker?",d00a9ac4ba
"I'm getting ""Unable to locate credentials"" when running a notebook in VS Code Codespaces — how do I fix that?",b9d82f5247
Why does my Jupyter notebook fail with a credentials error only inside Codespaces?,b9d82f5247
"Has anyone seen the ""Unable to locate credentials"" message in a notebook on VS Code Codespaces? What should I do?",b9d82f5247
"My notebook works elsewhere, but in Codespaces I get an AWS credentials error. Is there a workaround?",b9d82f5247
"Is there a reason Jupyter notebooks in Codespaces can’t find credentials, and should I run them somewhere else?",b9d82f5247
How can I log into AWS ECR from Docker now that aws ecr get-login --no-include-email is deprecated?,f831690b89
What’s the correct terminal command for authenticating Docker with an ECR repo using aws ecr get-login-password?,f831690b89
Why do I keep getting a 400 Bad Request when trying to log in to ECR with Docker?,f831690b89
"Do I need to pass the AWS region when doing docker login to ECR, and what happens if it’s wrong?",f831690b89
What should I use instead of the old AWS ECR login command when connecting from the terminal?,f831690b89
"Why do I get an ImportError for ColumnQuantileMetric in Evidently, and what should I import instead?",78b515b003
"Is ColumnQuantileMetric removed in newer Evidently versions, or am I using the wrong package version?",78b515b003
"What parameter should I pass to QuantileValue, since column_name gives me a ValidationError?",78b515b003
Can you show the right way to get a quantile metric in Evidently for a column like fare_amount?,78b515b003
Why do the docs mention ColumnQuantileMetric if the current Evidently API only has QuantileValue?,78b515b003
Why does Grafana ask me for a username and password after I start the stack with docker-compose up?,f71b6beef0
What are the default login details for Grafana on localhost:3000 when I follow the monitoring video?,f71b6beef0
I opened Grafana in the browser and it wants credentials — what should I enter first?,f71b6beef0
Is there a default admin account in Grafana for this MLOps monitoring setup?,f71b6beef0
"After logging into Grafana with the default account, can I change the password right away?",f71b6beef0
Why do I get `unknown flag: --build` when I run `docker compose up --build` on Linux?,8cb6b3176b
What command should I use instead of `docker compose up --build` to start the monitoring services on Linux?,8cb6b3176b
I followed the monitoring video and the services won't start on my Linux machine — is this a Docker Compose version issue?,8cb6b3176b
How can I build and run the monitoring stack in Linux if `docker compose` rejects the `--build` option?,8cb6b3176b
Is `docker-compose up --build` the correct command to use on Linux for Module 5 monitoring?,8cb6b3176b
Why am I getting a KeyError for 'content-length' when I run prepare.py in Module 5?,9da67b7e6d
The data download in prepare.py fails now — is the taxi file URL broken or moved?,9da67b7e6d
What should I change in prepare.py if the script can’t fetch NYC taxi data anymore?,9da67b7e6d
Is there a new link I should use instead of the old NYC TLC S3 URL in prepare.py?,9da67b7e6d
How do I fix the content-length error when downloading trip data for the monitoring homework?,9da67b7e6d
"Why does my real-time prediction call fail with ""Max retries exceeded with url: /api"" after `docker-compose up --build` in the monitoring module?",b074e82488
My Evidently container keeps quitting with exit code 2 — could this be related to `pyarrow` not importing in `app.py`?,b074e82488
What should I do if the Evidently service won’t start because it can’t import `from pyarrow import parquet as pq`?,b074e82488
"After building the stack, the service to which I send data crashes and I only get a retry error. Is installing `pyarrow` enough, or do I need to restart too?",b074e82488
"If installing `pyarrow` doesn’t fix the Evidently exit code 2 problem, is it okay to remove or comment out the `pyarrow` import in the service app?",b074e82488
"Why am I getting ""ValueError: Incorrect item instead of a metric or metric preset was passed to Report"" in Evidently?",de13b97575
How do I fix the Report error when Evidently says I passed an incorrect metric?,de13b97575
Is this error caused by forgetting parentheses in my Evidently report code?,de13b97575
What should I change in Evidently if a metric preset is being rejected by Report?,de13b97575
Why does adding parentheses make the Report ValueError go away in Evidently?,de13b97575
Why do I get an error when I use RegressionQualityMetric() in the report?,c905f283d7
Do I need to set target='duration_min' before calling RegressionQualityMetric()?,c905f283d7
What should be added to current_data for RegressionQualityMetric() to work?,c905f283d7
Can RegressionQualityMetric() run without duration_min as the target column?,c905f283d7
How do I fix the error from RegressionQualityMetric() in the monitoring report?,c905f283d7
"Why am I getting `ValueError: Found array with 0 sample(s)` when training LinearRegression, and how do I fix the date setup?",481e174dd4
"What does the error about `shape=(0, 6)` mean in my model training code?",481e174dd4
Why is my training dataset empty after generating data from an early date?,481e174dd4
How should I change the `begin = datetime.datetime(...)` line so LinearRegression has data to train on?,481e174dd4
I keep seeing `Found array with 0 sample(s)` in Module 5 monitoring exercises — is this because my start date is too early?,481e174dd4
"Why do I get ""target columns"" or ""prediction columns"" not present errors after I add a new metric?",296ea7fed1
What should I check in the docs before adding a monitoring metric so I don't hit missing column errors?,296ea7fed1
"Do all metrics need target and prediction columns, or are some metrics like DatasetCorrelationsMetric different?",296ea7fed1
Why does DatasetCorrelationsMetric work without any extra parameters while other metrics complain about required fields?,296ea7fed1
"When I add a metric and the system says some columns are missing, what am I supposed to pass in for that metric?",296ea7fed1
Why am I getting an error when I try to log into Grafana with admin/admin?,f385403427
How can I reset the Grafana admin password from inside the container?,f385403427
"Is grafana-cli still the right command for changing the Grafana password, or should I use something else now?",f385403427
How do I find the Grafana container ID before running the password reset command?,f385403427
What should I run in Docker if the default Grafana login credentials are not working?,f385403427
Why is my Grafana chart not updating even though my metric script is still running?,13559b737e
Do I need to change the dashboard refresh interval in Grafana to see new data right away?,13559b737e
Could the timezone setting in my Python script be the reason Grafana isn’t showing fresh points?,13559b737e
What refresh interval should I use in Grafana so the chart updates more often?,13559b737e
"In the metric generation code, should I switch the `pytz.timezone` value from Europe/London to my own local timezone?",13559b737e
Why does `prefect server start` stop right away instead of keeping the server up locally?,4afbb7db24
What should I do if the Prefect server is not running on my machine and the local start command exits immediately?,4afbb7db24
Is there a workaround for a local Prefect server that won’t stay running after `prefect server start`?,4afbb7db24
"If my Prefect server keeps quitting on start, can I just use Prefect Cloud instead?",4afbb7db24
Has anyone fixed the issue where Prefect server starts and then immediately stops on a local setup?,4afbb7db24
How do I fix the Docker error about no disk space left when I run docker compose up?,258d55402b
"What command should I use to clean up unused Docker stuff like images, containers, and build cache?",258d55402b
Is there a way to check what is using disk space in Docker before I delete anything?,258d55402b
Should I run docker system prune to solve the disk space issue with docker compose up?,258d55402b
How can I inspect Docker disk usage and then free up space if needed?,258d55402b
Why does `docker-compose up --build` fail with `Failed to listen on :::8080` and `getaddrinfo failed: Address family for hostname not supported`?,007cc84471
How can I fix the Adminer container when it won’t start because it tries to bind to `:::8080`?,007cc84471
What should I add to the `adminer` service in `docker-compose.yml` to make PHP listen on `0.0.0.0:8080` instead of `:::8080`?,007cc84471
Is there a way to avoid the IPv6 bind error in Adminer when running the compose stack?,007cc84471
What command do I need inside the Adminer block so the container starts correctly and serves on port 8080?,007cc84471
"Can Grafana make the same kind of charts as Evidently, or do I need a workaround?",5c68f358c2
"Is there a built-in way in Grafana to recreate an Evidently dashboard, or not really?",5c68f358c2
What kind of Grafana panels can I use if I want something similar to Evidently charts?,5c68f358c2
How do I export Evidently results as JSON so I can visualize them somewhere else?,5c68f358c2
"If I need the detailed non-aggregated data from Evidently, what option should I turn on?",5c68f358c2
Why am I getting an import error in evidently after numpy was upgraded to 2.0.0?,ebd339f9a5
What does the `np.float_ was removed` error mean when I try to use evidently?,ebd339f9a5
How can I fix the numpy 2.0 issue so evidently imports normally again?,ebd339f9a5
Should I pin numpy to an older version in `requirements.txt` to avoid this error?,ebd339f9a5
Which numpy version should I install if evidently breaks with the latest release?,ebd339f9a5
Why do I get `Bind for 0.0.0.0:5432 failed: port is already allocated` when I run `docker-compose up` for postgres?,beef541941
How can I fix the postgres container if port 5432 is already taken on my machine?,beef541941
Should I change the Docker Compose port mapping from `5432:5432` to something else if postgres won't start?,beef541941
What does the error about `0.0.0.0:5432` being allocated actually mean in docker-compose?,beef541941
Is it okay to use `5433:5432` for the Postgres service when 5432 is busy?,beef541941
Why doesn’t Grafana show the dummy_metrics table in the query builder when I try to make a new dashboard in version 5.4?,5ad72730d6
How do I change the default PostgreSQL datasource name in grafana_datasources.yaml so my table appears?,5ad72730d6
Is there a workaround if the table doesn’t show up in Grafana’s Builder view and I want to run my own SQL instead?,5ad72730d6
Do I need to use the Code tab in Grafana rather than Builder to query dummy_metrics in this setup?,5ad72730d6
What should I update in the Grafana datasource config if the database/table is not listed on the dashboard?,5ad72730d6
Why does Adminer show a blank page or not load at http://127.0.0.1:8080/ after I start Docker Compose?,26a7d0d9b6
I can’t open Adminer on localhost:8080 — do I need to use a different URL or path?,26a7d0d9b6
"After running the compose setup, what should I type in the browser to actually reach Adminer?",26a7d0d9b6
Adminer isn’t accessible on port 8080 for me; is there an extra file name I need in the link?,26a7d0d9b6
What’s the correct address for Adminer if http://127.0.0.1:8080/ doesn’t work?,26a7d0d9b6
"Why do I get the error ""no time column found"" when I click a table column in Grafana?",44a68a830c
How can I fix the Grafana message saying there is no time column?,44a68a830c
What should I add in the query builder if Grafana shows a no time column error?,44a68a830c
Is there a way to make a table column work in Grafana when it complains about missing time data?,44a68a830c
"After selecting a column in Grafana, why does it say no time column and what do I need to change?",44a68a830c
"Why do I get ""Cannot create flow run. Failed to reach API"" when I run `evidently_metrics_calculation.py` in the monitoring module?",982fa87351
How can I fix the Prefect runtime error that says it can't create a flow run and reach the API?,982fa87351
Do I need a Prefect Cloud account before running `evidently_metrics_calculation.py`?,982fa87351
What should I do if Prefect shows an error about failing to reach the API at `api.prefect.cloud`?,982fa87351
Where do I register if the flow run creation fails with a Prefect API connection error?,982fa87351
"Why does Grafana start showing `db query error: pq: database ""test"" does not exist` after I restart docker-compose?",93dfb7d96c
"I had the dashboard working before, but after `docker-compose up` again the Postgres DB seems gone — what am I missing?",93dfb7d96c
Do I need to rerun the database init and load scripts every time I restart the monitoring stack?,93dfb7d96c
How can I keep the Postgres data from disappearing when I bring the containers down and up again?,93dfb7d96c
What change should I make in `docker-compose.yml` so the Grafana dashboard keeps working after restarts?,93dfb7d96c
What cloud tools can I use instead of Evidently for monitoring ML models?,4d86e49240
Is there something like Evidently on Google Cloud for model monitoring?,4d86e49240
What does Azure offer for tracking machine learning model performance in the cloud?,4d86e49240
Does AWS have a built-in service for monitoring model data quality and drift?,4d86e49240
Which managed cloud platforms provide alternatives to Evidently for ML monitoring?,4d86e49240
"Why do I get ""docker.errors.DockerException: Error while fetching server API version"" with the chunked argument when I run docker-compose up --build?",215ad00cfc
Is there a fix for the DockerException about HTTPConnection.request() getting an unexpected keyword argument 'chunked'?,215ad00cfc
Should I be using docker compose instead of docker-compose for this monitoring module setup?,215ad00cfc
What command should I run if docker-compose up --build throws a server API version error?,215ad00cfc
My Docker build fails with that chunked keyword error — what’s the correct compose command to use?,215ad00cfc
"Is Docker Compose v1 still supported, or has it been deprecated?",f2458f5a26
When did Docker Compose v1 get deprecated?,f2458f5a26
What’s the reason people are moving from Docker Compose v1 to v2?,f2458f5a26
Why is Docker Compose v2 considered better than v1?,f2458f5a26
Where can I read more about the v1 deprecation and the switch to v2?,f2458f5a26
Why am I getting a password authentication failed error for user postgres when connecting to local Postgres from psycopg?,b7625d600a
What should I check if psycopg says connection to 127.0.0.1:5432 failed with FATAL password authentication failed?,b7625d600a
Could this Postgres login error be caused by another Docker container still running from a previous session?,b7625d600a
How do I see which Docker containers are running before starting Postgres again?,b7625d600a
What is the right way to stop an existing container if it is already using port 5432?,b7625d600a
"Why does Adminer still not show my DB even though I entered the right host, username, and password?",6a3a0cc252
Is there a quicker way to check if PostgreSQL is actually running when Adminer keeps failing?,6a3a0cc252
What command can I use from the terminal to test the database connection instead of relying on the web UI?,6a3a0cc252
Do I need to install anything extra on Ubuntu to connect to Postgres from the command line?,6a3a0cc252
"If Adminer is broken, how can I list the databases directly and make sure my server is accessible?",6a3a0cc252
"Do I always need a reference dataset to build an Evidently report, or can I run it on just one dataset?",f4dcbdd4ee
What should I pass in Evidently if I want to create a report without any reference data?,f4dcbdd4ee
Can Evidently still work for things like summary stats or missing values if I don't have a baseline dataset?,f4dcbdd4ee
"Is it okay to set the reference dataset to None in Evidently, and what does that do?",f4dcbdd4ee
"If I only have the current data, can I still use Evidently for univariate analysis?",f4dcbdd4ee
"Which Evidently AI version is used in the module 5 monitoring video for the current cohort, and does the repo code work with other versions too?",28676cfdf9
"If I’m following the course code, what’s the highest Evidently version that should still work without API issues?",28676cfdf9
The video mentions Evidently AI version 0.4.17 — can I use a newer release and still run the same code from the repository?,28676cfdf9
"Why does the course code break with some newer Evidently versions, and what version range is safe to use?",28676cfdf9
"For the 2025 cohort in module 5, do I need to install exactly Evidently 0.4.17, or are later versions acceptable?",28676cfdf9
"Why does Grafana throw ""Failed to create provisioner"" when I run `docker-compose up --build` in module 5, and how do I fix it?",04411f29bb
I keep getting an error saying Grafana can't read `dashboards.yaml` because it's a directory — what should I change in my `docker-compose.yml`?,04411f29bb
"In the monitoring setup, why should the Grafana mount path point to `/etc/grafana/provisioning/dashboards/dashboards` instead of the `.yaml` file?",04411f29bb
My Grafana startup fails during provisioning with a dashboards config parse error; is this caused by a bad volume path?,04411f29bb
"Do I need to replace all Grafana file mounts with directory mounts in the `volumes` section, and what is the correct pattern?",04411f29bb
Why am I getting ImportError when I try `from evidently import ColumnMapping`?,9dedd0bb1c
How do I fix the `cannot import name 'ColumnMapping' from 'evidently'` error?,9dedd0bb1c
Do I need a specific Evidently version for `ColumnMapping` to work?,9dedd0bb1c
What should I do if the newest Evidently package breaks `ColumnMapping` import?,9dedd0bb1c
Is there a workaround for the Evidently `ColumnMapping` import issue in Module 6?,9dedd0bb1c
Why does my Dockerfile build fail on `pipenv install --system --deploy` with `No matching distribution found for mlflow==1.27.0`?,ce86e574f1
I’m following video 6.2 and the container build breaks on line 8 — is `mlflow 1.27.0` not available anymore?,ce86e574f1
What should I do if the Docker build says it couldn’t install `mlflow==1.27.0` and exits with code 1?,ce86e574f1
How can I fix the error where Docker can’t find a matching package for `mlflow==1.27.0` during `pipenv install`?,ce86e574f1
Does this issue mean I need to change the `Pipfile` or use a different `mlflow` version for module 6?,ce86e574f1
"Why am I seeing an ""Unable to locate credentials"" error when I run localstack with Kinesis, and how do I fix it?",2ce73ee58a
Do I need to set AWS access key and secret key in docker-compose when using localstack with Kinesis?,2ce73ee58a
What should I change in my setup if the print in test_docker.py throws a credentials error after starting localstack?,2ce73ee58a
Is there another way to make the AWS credentials error go away besides editing docker-compose.yaml?,2ce73ee58a
"When running aws configure against the localstack endpoint, what values should I enter to avoid the missing credentials issue?",2ce73ee58a
"Why do I get the ""unspecified location constraint is incompatible"" error when I try to create an S3 bucket with LocalStack and boto3?",5137e6c204
How should I change my create_bucket call so the bucket gets created without the IllegalLocationConstraintException?,5137e6c204
Is there a required LocationConstraint setting when creating a bucket in a region-specific endpoint?,5137e6c204
"What’s the right way to create the ""nyc-duration"" bucket if the default create_bucket version fails?",5137e6c204
I’m seeing a ClientError about an incompatible location constraint — what parameter do I need to add to the bucket creation request?,5137e6c204
"Why does aws s3 ls sometimes print a botocore.awsrequest.AWSRequest object error, and how do I fix it?",cb04adb824
I ran an AWS CLI command and got a weird AWSRequest object message — is there a region or env var I need to set?,cb04adb824
What environment variables should I export so AWS CLI stops failing with that object at 0x... error?,cb04adb824
Do AWS_ACCESS_KEY_ID and AWS_SECRET_ACCESS_KEY need real values to avoid the AWSRequest error in CLI?,cb04adb824
After running an AWS command I see <botocore.awsrequest.AWSRequest object ...>; what setup is missing?,cb04adb824
"Why do I keep getting ""mapping values are not allowed in this context"" every time I commit, and none of my pre-commit hooks run?",cc6b6f1481
How can I fix the YAML error in my pre-commit setup when commits fail with a mapping values message?,cc6b6f1481
"My `.pre-commit-config.yaml` seems fine, but commits still error out before hooks run — is this an indentation issue?",cc6b6f1481
What should I check in the pre-commit config if Git throws a YAML parsing error on every commit?,cc6b6f1481
Is there a common formatting mistake in `.pre-commit-config.yaml` that causes pre-commit to break at commit time?,cc6b6f1481
How do I get rid of the pytest setting from the folder I used before?,611e6f015f
I don't see any option to remove the pytest test config — what should I delete?,611e6f015f
"After testing in one project folder, how can I reset pytest and start fresh in another folder?",611e6f015f
Where is the hidden VS Code file I need to remove to clear the old pytest setup?,611e6f015f
"If pytest keeps using the previous folder, what should I delete to reconfigure it from zero?",611e6f015f
Why does my `kinesis get-records` call return empty records in LocalStack after following the 6.3 video?,fa23739c18
Do I need to use `--no-sign-request` when running `aws kinesis get-records` against `http://localhost:4566`?,fa23739c18
What’s the fix for getting blank output from Kinesis `get-records` in LocalStack?,fa23739c18
I’m using a shard iterator with LocalStack but `get-records` is empty — what am I missing?,fa23739c18
How should I run the Kinesis `get-records` command locally so it actually returns data?,fa23739c18
Why do I get a utf-8 codec decode error when running git commit in PowerShell after adding a pre-commit config?,226f8425c4
How can I fix the InvalidConfigError about .pre-commit-config.yaml not being readable as utf-8?,226f8425c4
What’s the right way to create the pre-commit YAML file in PowerShell so git commit works?,226f8425c4
Is there a PowerShell command to save .pre-commit-config.yaml with UTF-8 encoding for pre-commit?,226f8425c4
I created the pre-commit config file and now commit fails with byte 0xff error — how do I avoid that?,226f8425c4
Why do I get `'PythonInfo' object has no attribute 'version_nodot'` when I run `git commit` with a pre-commit hook?,b55fea0fc7
Is there a quick fix for the pre-commit error that shows up during Git commit and mentions `version_nodot`?,b55fea0fc7
What should I do if my commit fails because `virtualenv` or the pre-commit environment crashes with `PythonInfo` attribute errors?,b55fea0fc7
How can I reset the environment so the Git hook stops throwing `CalledProcessError` and `version_nodot` issues?,b55fea0fc7
"After a pre-commit install/update, my `git commit` breaks with `AttributeError: 'PythonInfo' object has no attribute 'version_nodot'` — how do I solve it?",b55fea0fc7
Why does pytest say No module named 'production' when my tests import a package from my source folder?,0cfb31c221
"My test works with python test_model_service.py, but pytest fails to find my custom module — what am I missing?",0cfb31c221
Is there a reason pytest doesn't see packages in my project root unless I change how I run it?,0cfb31c221
What is the right way to run pytest so it can import my production package from the source tree?,0cfb31c221
"Besides python -m pytest, are there other ways to fix import errors with custom code in pytest?",0cfb31c221
Why do I get `No module named 'production'` when pytest runs from a pre-commit hook in my project?,02ff7e82ce
How should I set up a pre-commit hook so pytest can import my custom package without the module-not-found error?,02ff7e82ce
What does the `run.sh` script need to do before calling pytest in this setup?,02ff7e82ce
"Why doesn't `entry: pytest` work with my `sources/production` code layout, and what should I use instead?",02ff7e82ce
How can I make pre-commit run tests from the right directory when my app code lives under `sources/`?,02ff7e82ce
How do I fix a GitHub Actions permission denied error when my CI step tries to run a shell script?,a345ebd834
"Why does `./tests/unit_tests/run.sh` fail in GitHub Actions with exit code 126, even though the file is in the repo?",a345ebd834
What should I do if my unit test script works locally but CI says it can’t execute it?,a345ebd834
Is there a way to make a `.sh` file executable from git so GitHub Actions can run it?,a345ebd834
I get a permission error on `run.sh` in GitHub CI — what exact git command should I use to solve it?,a345ebd834
How do I start only one group of services in a big docker-compose file without launching everything else?,560c0eb368
What’s the easiest way to ignore some Docker Compose containers during testing and run just the relevant ones?,560c0eb368
Can I assign a profile to a service in docker-compose so it only runs when I choose it?,560c0eb368
How do I use docker-compose profiles from the command line to bring up a specific set of containers?,560c0eb368
"If my compose file has too many services and uses too many resources, what’s the proper way to run only one profile?",560c0eb368
Why does `aws --endpoint-url=http://localhost:4566 s3 ls` sometimes show a `<botocore.awsrequest.AWSRequest object at ...>` error when I’m using LocalStack?,8e6e50be33
What should I set in AWS CLI if listing or creating S3 buckets through LocalStack is failing with weird botocore object messages?,8e6e50be33
"Do I need to run `aws configure` before using LocalStack with S3, and if so, what values should I enter?",8e6e50be33
How can I make my AWS CLI match the region and credentials from my `docker-compose` setup so S3 commands work with LocalStack?,8e6e50be33
"When AWS CLI can’t see my LocalStack S3 buckets, is the fix just configuring the same access key, secret key, and region?",8e6e50be33
Why do my Kinesis integration tests fail when the AWS region in docker-compose is different from my local AWS config?,16099520dd
How do I make sure the region in ~/.aws/config matches the AWS_DEFAULT_REGION in docker-compose so I don’t create the stream in the wrong place?,16099520dd
What should I set in my local AWS config and in docker-compose when testing Kinesis with integration tests?,16099520dd
Could a region mismatch between docker-compose and my AWS settings be the reason the stream is being created in the wrong region?,16099520dd
Where do I configure the AWS region for this setup — in ~/.aws/config or in docker-compose.yaml — and what values should they use?,16099520dd
"Why is my pre-commit failing because of the isort repo, and what version should I use instead?",330f9005e2
I keep getting a failure in pre-commit from isort — is there a specific version that fixes this?,330f9005e2
My pre-commit hook breaks on the isort repository. Which isort version should I pin to?,330f9005e2
How do I fix the pre-commit error caused by isort in Module 6 best practices?,330f9005e2
"Is there a known issue with pre-commit and isort, and should I set it to version 5.12.0?",330f9005e2
How can I tear down the AWS infra that was deployed with the GitHub Action?,abb38848b5
What’s the command to destroy the resources created by CD-Deploy from my machine?,abb38848b5
"Do I need to run terraform init before removing the production setup, and with what backend key?",abb38848b5
How do I clean up the prod environment using the vars/prod.tfvars file?,abb38848b5
Is there a local way to destroy the infrastructure that was created in AWS through Actions?,abb38848b5
Why do I get `[Errno 13] Permission denied: '/home/ubuntu/.aws/credentials'` when I try any AWS command on Ubuntu?,b396205ad7
How can I fix the AWS CLI permission problem in `/home/ubuntu/.aws` so `aws configure` works?,b396205ad7
Do I need to create `credentials` and `config` files manually before running AWS commands on Linux?,b396205ad7
What should I do if AWS CLI v2 says it can't read or write the `.aws/credentials` file?,b396205ad7
"After installing AWS CLI, how do I set up the `.aws` folder permissions so my keys get saved properly?",b396205ad7
Why does Boto3 complain about an invalid endpoint when I try to use a Docker Compose service name with an underscore?,b0300fc9b8
I’m getting a `ValueError: Invalid endpoint` in Boto3 inside Docker Compose — could the underscore in my service name be the problem?,b0300fc9b8
"Does Boto3 support service URLs with `_`, or do I need to rename my Compose services for it to connect?",b0300fc9b8
How should I name my LocalStack or S3 Docker Compose service so Boto3 can reach the endpoint without errors?,b0300fc9b8
My `endpoint_url` looks right but Boto3 still fails in Compose — is there a naming rule for service names that I’m missing?,b0300fc9b8
Why does my unit test fail with `ValueError: The truth value of a DataFrame is ambiguous` when I compare two pandas data frames directly?,2eb2863faf
How should I compare an actual and expected DataFrame in a test without hitting the ambiguous truth value error?,2eb2863faf
Is there a better way to assert DataFrame equality in Python unit tests than using `==` on the data frames themselves?,2eb2863faf
Why does comparing pandas Series or DataFrames return another DataFrame instead of a simple True/False in tests?,2eb2863faf
What’s the recommended pattern for checking two DataFrames are equal in a unit test if direct comparison doesn’t work?,2eb2863faf
"Why does pre-commit throw ""RuntimeError: The Poetry configuration is invalid"" with the extras.pipfile_deprecated_finder error, and how do I fix it?",ba23a5c708
I’m seeing a Poetry config invalid message in pre-commit when it checks `data.extras.pipfile_deprecated_finder[2]` — is this a version mismatch?,ba23a5c708
What should I compare in `Pipfile.lock` and `pre-commit-config.yaml` if pre-commit fails because the Poetry config is invalid?,ba23a5c708
How can I resolve the pre-commit error that says the pinned tool version doesn’t match the one from `Pipfile.lock`?,ba23a5c708
Pre-commit is failing with a Poetry validation error after dependency changes; do I need to update the version in `pre-commit-config.yaml` or `Pipfile.lock`?,ba23a5c708
Why does pytest say my libraries aren't installed when the script runs fine in terminal?,716ff05962
"Could VS Code be using a different Python interpreter than my terminal, and how do I check it?",716ff05962
How do I make pytest use the same virtualenv/packages that work from the shell?,716ff05962
What should I compare if my code runs in terminal but pytest can't import installed modules?,716ff05962
How can I switch the Python interpreter in VS Code so pytest sees my dependencies?,716ff05962
"Is the capstone project something we do alone, or can we work in a group?",0a7c21fee9
"Do we have to team up for the capstone, or is it individual work only?",0a7c21fee9
"For the capstone, am I allowed to submit it as a group project?",0a7c21fee9
"Is the final capstone supposed to be done solo, or with other students?",0a7c21fee9
"Can I partner with someone on the capstone, or is it strictly individual?",0a7c21fee9
"Do we need to turn in two capstone projects, or is one enough?",9ae63755b8
What do attempt 1 and attempt 2 mean for the capstone submission?,9ae63755b8
"If my first capstone submission doesn’t pass, can I fix it and send it again later?",9ae63755b8
"Can I submit a second project just for practice, and if so does it need a different dataset or problem?",9ae63755b8
"If I miss the first submission deadline, can I still join in time for the second window, and what else do I need to do for certification?",9ae63755b8
How will the capstone project be graded in this course?,b6c7eb17d8
Who reviews the capstone submission after I upload it?,b6c7eb17d8
Do I also need to grade other students' capstone projects?,b6c7eb17d8
What happens if I skip the peer-review requirement for the capstone?,b6c7eb17d8
How is the final score for the project calculated?,b6c7eb17d8
"How do you score the capstone homework, and how many points can you get in total?",0d200c8c58
What points do you get for answering the 6 homework questions correctly?,0d200c8c58
How many points is each public learning item worth in the homework grading?,0d200c8c58
"If I add one valid question to the FAQ, how many points do I get?",0d200c8c58
What do I need to do to get all 14 points on this homework?,0d200c8c58
How exactly do I turn in the homework for this course? Do I need to upload my code somewhere first and then send the link in the homework form?,0e38656cfb
"Where are the homework assignments stored for the current cohort, and how do I find the right folder for my year?",0e38656cfb
"Can I just fill out the homework form directly, or do I have to do the exercises locally and publish my solution before submitting?",0e38656cfb
"After I submit the homework, will I be able to see the correct answers right away, or only later?",0e38656cfb
"Which platform should I use to submit homework, and where do I find the submission forms?",0e38656cfb
What changed in the 2025 version of the course compared to the older one?,226a4baf2f
"Did you swap out Flask in the new edition, and what are you using instead now?",226a4baf2f
"Is the neural network part still based on Keras, or did you move to PyTorch in 2025?",226a4baf2f
"For deep learning deployment, are you still using TensorFlow Lite or something else now?",226a4baf2f
Can you summarize the main updates in the 2025 course edition?,226a4baf2f
"Do we use Jupyter notebooks a lot in this course, or is it mostly Python files and command-line tools?",4d5aa45b03
"Are notebooks part of the regular workflow here, or do we mainly code in .py scripts?",4d5aa45b03
"Will we be working with Jupyter notebooks throughout the course, or are they only used occasionally?",4d5aa45b03
"Is the course based on notebooks, or should I expect to use Python files and CLI tools too?",4d5aa45b03
"Do we actually use Jupyter notebooks in the assignments, or is everything done in regular Python scripts?",4d5aa45b03
Do I need any machine learning background before starting this course?,c7e2b1ef88
Can I join if I’ve never studied ML before?,c7e2b1ef88
Will the course start from scratch or assume I already know the basics?,c7e2b1ef88
Is there a math or linear algebra refresh included for beginners?,c7e2b1ef88
"If I’m totally new to machine learning, can I still keep up with the hands-on exercises?",c7e2b1ef88
"Does the course repo already include all the latest FastAPI/uv and PyTorch changes, or do updates get added later during the cohort?",f9c9e0b9eb
"If some implementation details change after the course starts, where should I look for the newest FastAPI+uv or PyTorch materials?",f9c9e0b9eb
"Are the old theory videos replaced when there are updates, or do you keep them and just add updated workshops for the code parts?",f9c9e0b9eb
How do I know if a critical course update was made to the repo or a module page?,f9c9e0b9eb
Should I expect the GitHub repo to stay fully current with every FastAPI/uv and PyTorch update from day one?,f9c9e0b9eb
Where do I go to register for the course?,8fd8cd336d
Is there a direct sign-up link somewhere in the GitHub repo?,8fd8cd336d
How can I join the course without hunting around too much?,8fd8cd336d
Can you point me to the signup form for ML Zoomcamp?,8fd8cd336d
What’s the easiest way to enroll in this course?,8fd8cd336d
"Is this course only run once a year, or can I start it anytime on my own?",9155c70324
"If I want to join a live cohort with other students, when do those sessions usually begin?",9155c70324
"Are the lectures already recorded, or do I have to wait for a new cohort to watch them?",9155c70324
"Do you have live office hours or Q&A sessions, and if so, are recordings available later?",9155c70324
Where can I find the course videos and the office hour recordings online?,9155c70324
"Do we need to star the course GitHub repo, or is it optional?",9cf1c56e5b
What's the reason for starring the Machine Learning Zoomcamp GitHub repository?,9cf1c56e5b
Can you share the link to the repo I should star for this course?,9cf1c56e5b
Is there any benefit to starring the course repository on GitHub?,9cf1c56e5b
Did the instructor ask us to star the repository to help the course get more visibility?,9cf1c56e5b
I didn’t get the Slack invite email — how am I supposed to join the course Slack?,e0a95572a6
What’s the quickest way to request a Slack invite for the ML Zoomcamp?,e0a95572a6
"If the Slack email never shows up, is there a manual form I can use instead?",e0a95572a6
"Once I’m in Slack, which channel should I join for this course?",e0a95572a6
Do I need to go through DataTalks.Club to get access to the course Slack?,e0a95572a6
"Where should I go first if I’m stuck on a machine learning zoomcamp problem, and should I post my code and errors somewhere?",1f17886bde
"Can I use Slack for course help, and is it better to keep the discussion in a thread?",1f17886bde
"What resources should I check before asking for help in the course, like FAQ or past office hours?",1f17886bde
Is it okay to ask ChatGPT or other AI assistants for quick guidance on zoomcamp tasks?,1f17886bde
"If I have a question during the course, who can help besides Slack and the FAQ — peers, instructors, or office hours?",1f17886bde
Do I need to sign up for the course before I can turn in homework?,2b5ff70c77
Can I submit the assignments without enrolling first?,2b5ff70c77
"Is the Airtable registration needed to hand in homework, or is it just for updates?",2b5ff70c77
Where do homework submissions actually go if I don't have to enroll?,2b5ff70c77
"Do I submit the homework on the course site, or do I need a separate registration first?",2b5ff70c77
"If I can’t attend a live session, will there be a recording I can watch later?",34c01677b8
What happens if I miss office hours or another live part of the course?,34c01677b8
Can I send my questions before the stream if I know I won’t be there live?,34c01677b8
Will the topics from a missed session still be covered during the live broadcast?,34c01677b8
Is Slack the right place to ask questions if I miss a class or office hours?,34c01677b8
"Do I need to be comfortable with the command line before starting, or will the course teach me that from scratch?",ef6fba8f4d
"What kind of basic tools should I know before this course, like Git or Docker?",ef6fba8f4d
"If I'm not used to terminal commands, is there anything I should practice before the course starts?",ef6fba8f4d
How much experience do I need with OS tasks and reading command-line errors to keep up?,ef6fba8f4d
"Can I join if I’m new to command line stuff, or is that going to be a problem from day one?",ef6fba8f4d
"Is this machine learning course actually free, or do I need to pay anything to join?",0d854c74af
"Can companies or sponsors support the course, and is that something you're planning to add?",0d854c74af
"If I want to help out financially, what's the best way to donate to the course?",0d854c74af
My employer has a training budget — can I use that to support the course somehow?,0d854c74af
Do you provide invoices for company-sponsored donations or training support?,0d854c74af
How much ML theory are you actually going to cover in this course?,79e181d005
"Will this course go deep into the math behind the algorithms, or is it mostly hands-on?",79e181d005
Do we need to know the derivation of things like logistic regression updates for this class?,79e181d005
Are you planning to explain the intuition behind the models instead of the full theory?,79e181d005
Is the course more about using machine learning methods and understanding the outputs than proving the formulas?,79e181d005
"Do I need to already know Python before starting this course, or is being comfortable with programming enough?",30bf904a5b
"If I mainly code in Java or JavaScript, can I still follow along without much trouble?",30bf904a5b
"How much coding is involved in this course, and are there a lot of live code-along sessions?",30bf904a5b
"Is Python a strict requirement for this machine learning course, or can I learn the needed bits as I go?",30bf904a5b
"If I already know another language like Rust or Java, will that be enough to handle the Python used here?",30bf904a5b
"Do I need to be good at math before starting this course, or can I learn it as I go?",37813677f1
Will there be a lot of formulas and heavy math in the machine learning Zoomcamp lessons?,37813677f1
"Does the course expect me to already know linear algebra, or will that be taught a bit along the way?",37813677f1
"If my math background is weak, are there any extra videos or resources I should watch before I begin?",37813677f1
Can I still take the course and ask for help even if I’m not confident with math?,37813677f1
What’s the current project pass rate in the latest cohort dashboard?,90323db1ac
About what percentage of project submissions are passing right now?,90323db1ac
How high is the completion rate for the most recent cohort?,90323db1ac
Do you know the recent pass rate for project attempts?,90323db1ac
Roughly what share of projects passed in the latest dashboard snapshot?,90323db1ac
"Do we actually learn Spark in this course, or is it skipped?",2453bf4760
Is this course more about ML engineering and deployment than big data tools?,2453bf4760
"Will the modules include stuff like Kubernetes, TensorFlow Serving, or KServe?",2453bf4760
Which parts of the course talk about deployment tools and how models get served?,2453bf4760
"If there’s no Spark, what tooling do we use instead for ML deployment?",2453bf4760
"I signed up for the course but never got the confirmation email — is that normal, or did something go wrong?",d57d1f7b18
"If the signup email didn’t show up, should I check spam or Gmail promotions, or maybe I won’t get it at all?",d57d1f7b18
Could being unsubscribed from the newsletter stop me from getting course updates and emails?,d57d1f7b18
"Do I need the confirmation email to keep up with the machine learning zoomcamp, or is there another way to follow announcements?",d57d1f7b18
What’s the best way to make sure I don’t miss any course info if the email after registration never arrives?,d57d1f7b18
How long does this machine learning course usually last?,742d3dbb55
"Is the course really around 4 months, or can it take longer?",742d3dbb55
What can make the course take more than the expected 4 months?,742d3dbb55
"If I do an extra project or write an article, will that add time to the course?",742d3dbb55
How much time should I plan for this course if I want to do the extra activities too?,742d3dbb55
How many hours a week should I expect to spend on this course?,36c30c8e2f
Is around 10 hours per week enough for ML Zoomcamp?,36c30c8e2f
How much time do students usually need to finish this course each week?,36c30c8e2f
What’s the typical weekly time commitment for this course?,36c30c8e2f
Where can I check how much time people spent on the 2024 edition?,36c30c8e2f
"Do I get a certificate if I finish the course, or are there extra requirements?",9b3aa73ec4
How many projects do I need to complete to receive the certificate?,9b3aa73ec4
"Is peer reviewing part of the certificate requirement, and how many reviews are needed?",9b3aa73ec4
"Do I have to complete all 3 projects to get certified, or is 2 enough?",9b3aa73ec4
What’s the deadline rule for getting the machine learning zoomcamp certificate?,9b3aa73ec4
Where should I look first if I have a basic course question?,ef9594914c
Is there a FAQ or something that covers the most common Zoomcamp questions?,ef9594914c
"Can I use the Slack Q&A bot to find answers, or should I check the FAQ first?",ef9594914c
What’s the best way to get help without asking a duplicate question?,ef9594914c
Does the course have general and module-specific Q&A resources somewhere?,ef9594914c
"Can this course actually help a data engineer transition into data science or ML engineering, or is it more for beginners?",62f5aa4d83
"Does the program cover the full ML workflow, like building pipelines, deploying models, and monitoring them in practice?",62f5aa4d83
"Will I get hands-on experience with tools like FastAPI, Lambda, or Kubernetes in this course?",62f5aa4d83
How does the project-first approach in this program prepare someone for ML engineer jobs?,62f5aa4d83
"If I'm already working in data engineering, what skills from this course would be most useful for moving into DS/ML engineering?",62f5aa4d83
"If I missed the midterm project, can I still get the course certificate?",f22955c57d
Does skipping the midterm project automatically disqualify me from receiving a certificate?,f22955c57d
Can I still earn a certificate even if I did not do the midterm project?,f22955c57d
Is it possible to get the certificate after missing the midterm project?,f22955c57d
What happens to my certificate eligibility if I missed the midterm project?,f22955c57d
How much Python do I actually need before starting this course?,352573dfb0
What Python basics should I already be comfortable with for machine learning zoomcamp?,352573dfb0
"Do I need to know Jupyter notebooks, imports, and variables before joining?",352573dfb0
"If my Python is rusty, is there a prep resource I should go through first?",352573dfb0
Is there a beginner Python course you recommend before taking this bootcamp?,352573dfb0
"Do I need a powerful laptop for the machine learning part, or is a regular one enough?",edf4b7b73e
What kind of computer do I need to follow the course without running into issues?,edf4b7b73e
"For the deep learning section, do I have to buy a GPU or can I use something online?",edf4b7b73e
Can I do the classical ML lessons on my laptop and only use cloud computing later?,edf4b7b73e
What setup do you recommend if I just want to take the course with minimal hardware?,edf4b7b73e
How do I join the course channel in Slack if I’m totally new to Slack?,a11770e750
I can’t see the Slack channel list on the left—where should I look to find the course channel?,a11770e750
Do I need to search by channel name or can I just browse public channels in Slack?,a11770e750
"When I find the right Slack channel, what do I click to actually join it?",a11770e750
"For homework, do I need to submit the full GitHub repo link, or just the code for the assignment questions?",a11770e750
I missed the course start date — is it still possible to register and follow along?,41aabbd7c5
"If I join after the course has already begun, will I lose access to everything or just some homework submissions?",41aabbd7c5
Can I still participate in the course even if I didn’t sign up on time?,41aabbd7c5
"If I start near the end of November, do I still have a shot at getting the certificate?",41aabbd7c5
What are the certificate requirements if I join late — is it still enough to do two projects and review peers?,41aabbd7c5
"Where do course announcements get posted, and do I need to check both Telegram and Slack?",c02a8e0913
"Is Telegram the main place for updates, or will I miss anything if I only use Slack?",c02a8e0913
"How are announcements shared for the course, and which channel is better to follow for just updates?",c02a8e0913
"Do announcement messages appear in Slack too, or are they only sent in Telegram?",c02a8e0913
What’s the easiest way to stay on top of course announcements without getting extra chat messages?,c02a8e0913
"Do I need to do the homework to get the course certificate, or is it optional?",1a4a7bd286
"Is the certificate based on homework grades, or do projects matter more?",1a4a7bd286
"If I skip the homeworks, can I still earn the certification?",1a4a7bd286
What actually counts for getting certified in this course: homeworks or projects?,1a4a7bd286
"Are the assignments required for the certificate, or are they just for practice?",1a4a7bd286
"Can I still turn in the homework if I missed the deadline, or is the submission form already closed?",3ff40b74f9
"What happens after the homework due date, can I submit it late at all?",3ff40b74f9
"If I don’t manage to do the homework on time, does that stop me from completing the course?",3ff40b74f9
"Are homework assignments required for finishing the course, or just optional practice?",3ff40b74f9
"Is there any way to send homework after the due date, or does the form close completely?",3ff40b74f9
Where do I find the main repository with all the ML Zoomcamp materials and links?,679b977c92
How can I check the lessons and modules in order without getting lost?,679b977c92
Is there a place for the homework and dates for the 2025 cohort specifically?,679b977c92
Which YouTube playlist has the full set of lessons for this course?,679b977c92
Do the year-specific playlists include the cohort streams and extra stuff too?,679b977c92
Where can I check the deadlines for the 2025 cohort?,e053b881de
Is there a page with all the course deadlines for this year?,e053b881de
Can I find the ML Zoomcamp 2025 deadlines somewhere besides the website?,e053b881de
Do you have a calendar link for the 2025 course deadlines?,e053b881de
What’s the easiest place to see the deadline schedule for the 2025 cohort?,e053b881de
"How do I submit the links when I post my learning in public, and what should I use for the hashtag?",c0f1901d39
"If I add a bunch of public learning links in the homework form, do I get points for all of them or is there a limit?",c0f1901d39
"Can I put several URLs in the homework submission, and how should I separate them?",c0f1901d39
"If I share the same course update on different social platforms, will each link count toward the extra points?",c0f1901d39
"For midterms or capstone projects, does the public learning link bonus work the same way, or is the max points different?",c0f1901d39
Is it okay if I post my homework answers in the course community before submitting them?,c090262408
Can I share my solution for the homework with other students to compare notes?,c090262408
Am I allowed to discuss my homework answers publicly before I turn them in?,c090262408
Should I avoid sharing my homework responses with the community before submission?,c090262408
"Can I compare my homework answers with others, or are we asked not to share them?",c090262408
Is it possible to complete the course early and still get the certificate before four months are up?,7c7ec892e4
Do certificates get released right away if I finish the projects faster than the schedule?,7c7ec892e4
When is the earliest time I can realistically expect to receive the certificate in this cohort?,7c7ec892e4
"If I wrap up Capstone 1 and 2 ahead of time, can I get certified sooner?",7c7ec892e4
Why can’t I just finish everything early and get the certificate before January?,7c7ec892e4
Can I just skip the parts I already know and keep going?,9d57199de9
"Do I have to watch every lesson, or are some of them optional?",9d57199de9
Is there a fixed module start date I need to wait for before moving on?,9d57199de9
"Which parts of the course are actually required, and which ones are optional?",9d57199de9
Can I progress through the course at my own pace if I already know some topics?,9d57199de9
"Are the main lessons live, or are they already recorded somewhere?",89fda350ee
"Do you run weekly office hours for the course, or not anymore?",89fda350ee
"When are the live streams for this course, and what are they usually for?",89fda350ee
"If I miss a live session, can I still watch the lesson later?",89fda350ee
Where should I go for help if there aren't any regular office hours?,89fda350ee
"Where should I ask Zoomcamp course questions in Slack, and is #general the right place for them?",bc2e78caf3
"Do I need to reply in threads on the course Slack, or can I just send new messages each time?",bc2e78caf3
"Can I post screenshots or phone photos of my code in the Slack channel, or should I paste the text instead?",bc2e78caf3
"Should I directly tag the instructors in Slack if I need help, or is there a better way to do it?",bc2e78caf3
What are the basic Slack etiquette rules for the ML Zoomcamp channel so it stays organized and on topic?,bc2e78caf3
What do you recommend for setting up Python on my machine and managing virtual environments for this course?,3b78e09b80
Should I use uv instead of conda or venv for the course projects?,3b78e09b80
How do I install Python and create a clean virtual environment with the course’s preferred tool?,3b78e09b80
Why are you recommending uv for the course—what’s the main benefit over other environment tools?,3b78e09b80
Is there a module or workshop in the course that shows how to set up uv step by step?,3b78e09b80
"Do the course examples use AWS, or another cloud provider?",0953e15dc6
Do I need to create an AWS account to follow along with the course?,0953e15dc6
"If I use GCP or Azure instead of AWS, will the course still make sense?",0953e15dc6
"Are the cloud-related concepts taught here specific to AWS, or can I apply them elsewhere?",0953e15dc6
"Is AWS required for the exercises, or can I make minor changes and use a different cloud?",0953e15dc6
"Does this course have a separate system design module, or is it mostly about building and deploying ML projects?",9198d40c17
"Will I learn system design concepts directly, or only through end-to-end model deployment work?",9198d40c17
"Is the course focused on web services, Lambda, and Kubernetes instead of a dedicated system design section?",9198d40c17
"If there’s no system design module, how do we learn architecture and deployment in this course?",9198d40c17
"Should I expect standalone system design lessons, or just practical ML project deployment stuff?",9198d40c17
Does getting a high homework or leaderboard score actually give any direct benefit in the course?,9ffc454a24
Why should I care about the leaderboard if the certificate is only pass or fail?,9ffc454a24
Can doing well on homework help me get noticed by recruiters or other learners?,9ffc454a24
What is the point of the leaderboard besides showing correct answers and public learning links?,9ffc454a24
Is there any real advantage to being active on the leaderboard during the course?,9ffc454a24
How can I explain the business value of my ML project in an interview?,a84ccd240c
Does this course actually help me build portfolio projects that employers will care about?,a84ccd240c
"Will the ML Zoomcamp teach me how to measure business impact, or is that something I need to learn at work?",a84ccd240c
What should I talk about to make a machine learning project sound impactful to recruiters?,a84ccd240c
"After finishing the course, will I have enough real projects to show as proof of my skills?",a84ccd240c
What should an unemployed software engineer focus on first when trying to switch into ML/AI quickly?,a6f7295637
How can I use the course projects to build a portfolio that actually helps with an ML job search?,a6f7295637
"Is it worth doing Kaggle, writing posts, and blogging while taking this ML course, or should I just code?",a6f7295637
What’s the best way to learn ML in public and make myself more visible to recruiters?,a6f7295637
"How do I turn my GitHub, blogs, and LinkedIn activity into something useful for an AI career pivot?",a6f7295637
Why should I bother learning classic machine learning when LLMs can already do a lot of the work?,1e54b4b3ba
"If AI assistants can help me build models, why do I still need to understand the ML concepts myself?",1e54b4b3ba
Do I really need traditional ML knowledge if I’m mostly going to use AI tools to help me code?,1e54b4b3ba
What’s the point of learning ML theory when modern assistants can speed up most of the implementation?,1e54b4b3ba
How does understanding machine learning help when AI tools make mistakes or run into limits?,1e54b4b3ba
"I'm getting a ValueError: not enough values to unpack when I try to parse XGBoost output. What am I supposed to check first, and why might stdout/stderr be empty?",91ff5cb6b6
How do I fix parse_xg_output if XGBoost isn't printing training logs to the console?,91ff5cb6b6
"Can I use evals_result from xgb.train instead of scraping the printed output, and what would that look like in code?",91ff5cb6b6
My training logs seem missing when running XGBoost from Python. Is there a better way to collect train/val AUC without parsing stdout?,91ff5cb6b6
"If parse_xg_output no longer needs any arguments, what should I replace it with to build the results DataFrame directly?",91ff5cb6b6
How do I fix the SSL certificate verification error on Mac when Python can’t read a CSV from a URL?,7cac4328ea
"Why does Python on MacOS fail SSL verification for URL reads, and what’s the quickest fix?",7cac4328ea
Is there a command I should run on Mac to install missing CA certificates for Python?,7cac4328ea
My script crashes when fetching a CSV online on MacOS — how can I update Python’s certificate store?,7cac4328ea
What should I do if Python on my Mac says SSL cert verification failed while loading a CSV from the web?,7cac4328ea
Why do I get a Server Error 500 when I try to log in to courses.datatalks.club with GitHub?,55ffccb945
Is there a workaround if GitHub sign-in on the course site keeps failing?,55ffccb945
Can I use Google login instead of GitHub for the course management platform?,55ffccb945
I signed up with GitHub before but now I can’t get into my account — what should I do?,55ffccb945
"If I lost access after switching emails, who do I contact to move my course progress over?",55ffccb945
Why does the course jump from Week 6 to Week 8 — is Week 7 missing on purpose?,646b28d624
I can’t find any Week 7 folder or videos in the repo/playlist; where did that week go?,646b28d624
"Are there lectures for Week 7, or should we be working on something else instead?",646b28d624
What are we supposed to do during Week 7 if there are no lessons or notes?,646b28d624
"Does Week 7 count as the midterm project week, and where can I find the submission rules?",646b28d624
"Why do I get ""wget is not recognized as an internal or external command"" on my computer?",6698c6cbd4
How can I install wget on Windows if the command line says it’s missing?,6698c6cbd4
What’s the easiest way to get wget working on Ubuntu or Mac?,6698c6cbd4
"If I don’t want to install wget, can I download a file in Python another way?",6698c6cbd4
How can I read a CSV straight from a URL in pandas instead of using wget?,6698c6cbd4
How do I load a CSV from a GitHub URL directly into pandas in a Jupyter notebook?,f3a06ec752
Can I use a command like wget inside a notebook to grab a CSV file from the web?,f3a06ec752
"What does the exclamation mark mean before a shell command in Jupyter, and what can I use it for?",f3a06ec752
"If I download housing.csv in my notebook, how do I move it into a ../data folder from there?",f3a06ec752
Is it better to read the CSV straight from the URL or download it first with a notebook command?,f3a06ec752
How do I set up WSL on Windows 11 for this course?,5ea323b01d
What’s the easiest way to use Linux on a Windows 11 laptop for the ML Zoomcamp?,5ea323b01d
How can I connect VS Code to my WSL Ubuntu environment?,5ea323b01d
Is there a VS Code extension I need to use with WSL on Windows?,5ea323b01d
Can I treat my WSL Ubuntu install like a VM inside VS Code?,5ea323b01d
"Why do I get the error ""src refspec master does not match any"" when I try to push my homework repo to GitHub for the first time?",f3423f5014
What’s the fix for the Git error about master not matching any refs when uploading the homework?,f3423f5014
Do I need to make an initial commit before I can push my homework to GitHub?,f3423f5014
Should I be pushing to main instead of master when I submit the homework repo?,f3423f5014
"If Git push is giving me trouble, can I just upload the homework file directly or share my Colab notebook to GitHub instead?",f3423f5014
Why do I get a singular matrix error when I try to invert my matrix?,0be9e7cc3d
What makes a matrix non-invertible in this case?,0be9e7cc3d
Could this error happen because I used `.dot` in the wrong order?,0be9e7cc3d
"Is matrix multiplication order important here, like `X.dot(Y)` vs `Y.dot(X)`?",0be9e7cc3d
How can I avoid getting a singular matrix error when working with matrix multiplication?,0be9e7cc3d
"Why does pd.read_csv('C:\Users\name\Downloads\data.csv') fail on Windows, and how do I fix the path?",5e953f0e8e
Do I need to use a raw string for file paths in Pandas on Windows?,5e953f0e8e
What's the right way to load a CSV from Downloads in Windows with pandas?,5e953f0e8e
Why is the backslash in my Windows path causing problems in Python?,5e953f0e8e
How can I read a dataset in pandas on Windows without escaping errors in the file path?,5e953f0e8e
How do I fix a 403 Forbidden error when I try to push to GitHub?,cc0048eefb
What should I check in my git remote settings if GitHub push gives a 403?,cc0048eefb
"Why does git push to my repo fail with 403, and how do I update the remote URL?",cc0048eefb
How can I tell if my GitHub repository URL is set up correctly for pushing?,cc0048eefb
What is the right way to change the origin URL so I can push without getting Forbidden?,cc0048eefb
"Why do I get ""Authentication failed"" when I try to push to GitHub from Git Bash, and how do I fix it now that password login is gone?",261ca9cbab
What should I use instead of my GitHub password when pushing to an https://github.com repo from the command line?,261ca9cbab
"I keep seeing the message that password authentication was removed on August 13, 2021 — what does that mean for my git push workflow?",261ca9cbab
How do I authenticate with GitHub after it stops accepting passwords for remote pushes?,261ca9cbab
Do I need a personal access token or SSH key when Git says fatal authentication failed for my GitHub username?,261ca9cbab
How do I fix the Kaggle error that says it can't resolve raw.githubusercontent.com when I use wget?,ba250275a3
Why does wget fail with a host address / name resolution error in a Kaggle notebook?,ba250275a3
Do I need to change any Kaggle settings before downloading a CSV from GitHub with wget?,ba250275a3
What should I do in Kaggle if a public GitHub file won't download because raw.githubusercontent.com can't be reached?,ba250275a3
Is there a way to make internet access work in Kaggle so I can fetch datasets with wget?,ba250275a3
What's the easiest way to set up a Python virtual environment in VS Code for this course?,bad28cd4e0
Can I use Jupyter notebooks directly inside VS Code without opening a browser?,bad28cd4e0
How do I run a notebook on a remote server from VS Code with port forwarding and SSH set up?,bad28cd4e0
Does VS Code support working with remote Jupyter notebooks from my local machine?,bad28cd4e0
Can I use GitHub in VS Code to stage and commit changes without going to the terminal?,bad28cd4e0
How do I set up SSH port forwarding for my Jupyter notebook from the terminal instead of using browser tools?,a8563f2c5c
Where exactly should I put the LocalForward 8888 localhost:8888 line in my SSH config?,a8563f2c5c
What file do I edit to make SSH forward port 8888 to localhost 8888 automatically?,a8563f2c5c
Is there a way to configure Jupyter port forwarding in ~/.ssh/config so I don't have to do it every time?,a8563f2c5c
What should I add to my SSH config to forward my local 8888 port to the remote Jupyter server?,a8563f2c5c
What does df.info() show about a pandas DataFrame?,e74369cf00
How can I quickly check the column types and missing values in a dataset with pandas?,e74369cf00
What info does pandas DataFrame info() print besides the shape of the data?,e74369cf00
Is there a simple way to see not-null counts and memory usage in pandas?,e74369cf00
"In pandas, what does calling info() on a dataframe actually display?",e74369cf00
Why am I getting NameError: name 'np' is not defined in Python?,fa28f60a1b
How do I fix the np not defined error when using numpy in a notebook?,fa28f60a1b
Do I need to import numpy before using np?,fa28f60a1b
What import statements should I add if pandas and numpy are not recognized?,fa28f60a1b
I used np in my code and it says it's not defined — what am I missing?,fa28f60a1b
How can I grab only the numeric columns from a pandas dataframe by dtype?,eecebb4f2f
What’s the easiest way to list all string/object columns in a dataframe?,eecebb4f2f
Is there a simple pandas method to filter columns based on whether they’re numbers or objects?,eecebb4f2f
How do I get a list of column names for just the numeric features in df?,eecebb4f2f
"How can I select dataframe columns by data type, like numeric vs object?",eecebb4f2f
How do I check the dimensions of a Pandas DataFrame?,cda76de4e9
What’s the easiest way to get the number of rows and columns in a dataset using Pandas?,cda76de4e9
"In Pandas, how can I find just the row count of a DataFrame?",cda76de4e9
How do I get only the number of columns from a DataFrame in Pandas?,cda76de4e9
Is there a simple way to see how big my dataset is in Pandas?,cda76de4e9
Why do I get ImportError: cannot import name 'contextfilter' from jinja2 in Jupyter?,a5caeac2b7
How can I fix the Jupyter error about contextfilter being removed from jinja2?,a5caeac2b7
Is this jinja2 contextfilter problem caused by an old nbconvert version?,a5caeac2b7
What command should I use to upgrade nbconvert and stop the contextfilter import error?,a5caeac2b7
"After upgrading nbconvert, do I need to restart the kernel or Jupyter server?",a5caeac2b7
Why does wget freeze on my MacBook with Ventura and M1 when I try to download housing.csv from GitHub?,16af61862a
Is there a fix for wget hanging on macOS Ventura on Apple Silicon if the terminal shows IPv6 addresses?,16af61862a
How can I get wget to work again on MacOS Ventura M1 when this raw.githubusercontent.com download just gets stuck?,16af61862a
Do I need to change any network or IPv6 settings on Ventura if wget is not finishing on my M1 Mac?,16af61862a
What should I do in System Settings to stop wget from hanging on a Mac with Ventura and M1?,16af61862a
"On macOS, why doesn’t wget work by default for downloading the housing.csv file, and what should I use instead?",ea4dbd6c83
How can I download the housing dataset on a Mac without installing wget?,ea4dbd6c83
Is there a curl command I can use to save the dataset as housing.csv on macOS?,ea4dbd6c83
What’s the easiest alternative to wget on macOS for fetching the course data file?,ea4dbd6c83
"Can I use curl to download housing.csv from the GitHub URL, and what does the -o option do?",ea4dbd6c83
How do I print a float with just 2 or 3 decimal places in Python?,59fc88dea8
What’s the easiest way to round a number when I’m showing results in Python?,59fc88dea8
"In Python, should I use round() or an f-string to format decimals in output?",59fc88dea8
How can I display an average score with exactly 3 digits after the decimal point?,59fc88dea8
"If I have a pandas Series, how can I round all the values to a fixed number of decimals?",59fc88dea8
What can I use if I can’t get Jupyter Notebook working on my laptop?,5ff9126a13
Are there any online alternatives to run the Zoomcamp notebooks without installing anything?,5ff9126a13
I only have a phone right now — what’s the easiest way to do the course exercises?,5ff9126a13
Can I use Google Colab or Replit instead of setting up Jupyter locally?,5ff9126a13
What are the recommended browser-based tools for working on the machine learning lessons?,5ff9126a13
"Can I begin Module 1 right away, or do I need to wait for the course to start officially?",68af9cffed
"Are the lessons already unlocked, or will they only be available later on?",68af9cffed
"If I finish Module 1 early, can I move on to the next modules without waiting?",68af9cffed
"Do I have to follow the official schedule, or can I go through the course faster on my own?",68af9cffed
Is it okay to start now and skip ahead to later modules if I want to study quicker?,68af9cffed
"Do I have to use Python 3.11 for this course, or can I use another version?",5705d1ff6e
What Python version is actually recommended if I want the smoothest setup for the ML Zoomcamp?,5705d1ff6e
Will Python 3.12 or even 3.13 work with the course notebooks and assignments?,5705d1ff6e
How can I quickly check whether my Python version is still supported and not end-of-life?,5705d1ff6e
"If I’m on Python 3.10 or newer, is that enough to follow all the exercises without problems?",5705d1ff6e
Why do I get a singular matrix error when I do `np.linalg.inv(X.T @ X)` in homework 1?,894584db1c
Should `XTX` be `X.T @ X` or `X @ X.T` for the linear regression solution?,894584db1c
How can I tell if I multiplied the matrix in the wrong order in NumPy?,894584db1c
Do I need to filter the dataframe first before turning it into NumPy for the Asia/origin task?,894584db1c
What’s the right sequence for selecting rows and columns before calling `.values` or `.to_numpy()`?,894584db1c
Why does my inverse times the original matrix not come out exactly as the identity matrix in Week 1 homework?,b7e73fcee7
I got tiny values like 1e-16 when checking XTX inverse multiplied by the original matrix — is that a bug or expected?,b7e73fcee7
"In Question 7 step 6, after inverting XTX, why do I see almost-zero numbers instead of perfect zeros in the result?",b7e73fcee7
"Should the product of a matrix and its inverse always be exactly identity when using NumPy, or can floating point errors change it?",b7e73fcee7
What causes the small rounding differences when I verify that the inverse of a matrix matches the identity matrix?,b7e73fcee7
"Why do I keep getting a shape error when multiplying arrays in the homework, and how do I fix it?",b72a4be56d
"In matrix multiplication for the assignment, does the order of the matrices matter?",b72a4be56d
What should I use for multiplying two arrays in NumPy so I don't get value errors?,b72a4be56d
How do I know if two matrices can be multiplied without a dimension mismatch?,b72a4be56d
"If my homework code breaks with a ValueError during matrix-matrix multiplication, what should I check first?",b72a4be56d
"In the homework, how do I fill missing values with the column mean instead of dropping the rows?",4115da8cbc
What's the usual way to handle NaN values if I want to keep the row and use the average?,4115da8cbc
"For Q5, do I first calculate the mean of the feature and then use it to replace missing entries?",4115da8cbc
How can I impute null values with the average in this assignment?,4115da8cbc
Is there a simple way to swap NaNs for the column average without removing useful data?,4115da8cbc
Why does pandas mode() give me a Series instead of one value?,22e80c8b22
"In homework Q5, why does the mode function return a Series even when there is only one most common value?",22e80c8b22
How do I get a single mode value from pandas if mode() always returns a Series?,22e80c8b22
What’s the reason pandas mode() doesn’t just return a scalar for a column with one mode?,22e80c8b22
"If my column has only one mode, what’s the easiest way to grab that value from mode()?",22e80c8b22
"In module 1 homework question 7, how do I compute the linear regression weights using matrices?",061c36bce4
"What exactly do I need to find for Question 7: X^T X, its inverse, or the final w vector?",061c36bce4
Why does the formula use w = (X^T X)^{-1} X^T y instead of w = X^{-1} y?,061c36bce4
How is ordinary least squares connected to the matrix formula in the homework?,061c36bce4
Can you explain the steps for solving the linear regression equation in matrix form for this assignment?,061c36bce4
Why does my final multiplication not end up with 5 columns in Homework Q7?,6a9d87d7d1
Could the issue in Q7 be that I mixed up the first matrix multiplication step?,6a9d87d7d1
"In the homework, should I compute XTX as XT X instead of X XT?",6a9d87d7d1
"If my result has the wrong shape, is it because I used X XT by mistake?",6a9d87d7d1
What is the correct way to form XTX in this homework so the dimensions come out right?,6a9d87d7d1
"In NumPy, why does `*` not do matrix multiplication like I expected, and what should I use instead?",3ef50b0d88
What’s the difference between `*` and `@` when multiplying arrays in NumPy?,3ef50b0d88
"For matrix-vector or matrix-matrix multiplication in NumPy, do I need `np.matmul()` or is `@` enough?",3ef50b0d88
When should I use element-wise multiplication versus regular matrix multiplication in NumPy?,3ef50b0d88
"If I'm multiplying an array by a scalar, should I use `*` or `numpy.multiply()`?",3ef50b0d88
"In this homework, what are the weights actually telling us about the linear model?",y97mg42O7d
How should I understand the values inside the w vector for predicting y?,y97mg42O7d
"When we fit a model with X and y, what do the coefficients in w mean?",y97mg42O7d
"Why does multiplying X by w give an estimated y, and what does that result represent?",y97mg42O7d
"In a simple linear model, what role do the weight values play in the trend line for each feature?",y97mg42O7d
How do I stop Git from tracking CSV files in my repo?,a654b0e217
What should I put in .gitignore to ignore all .csv files?,a654b0e217
"If a CSV was already committed, how can I untrack it but keep the file on my computer?",a654b0e217
Is there a way to prevent accidentally pushing CSV data to GitHub?,a654b0e217
What Git command removes a tracked CSV file without deleting it locally?,a654b0e217
How can I check whether a variable has a long tail in my dataset?,ad33c1d6f5
What’s the easiest way to visualize a long-tailed distribution in Python?,ad33c1d6f5
"In pandas, how do I inspect skewness and basic stats for a column like median_house_value?",ad33c1d6f5
"When looking at housing data, how do I tell if median_house_value is heavily skewed?",ad33c1d6f5
Is there a simple histogram example for checking long tail behavior in a dataframe column?,ad33c1d6f5
Why do I sometimes get a LinAlgError saying the matrix is singular in the regression module?,0a7e9c723a
Is it normal to see a Singular Matrix error when following the machine learning regression videos?,0a7e9c723a
"Where is the Singular Matrix issue explained in the course, and should I be worried about it?",0a7e9c723a
Could this error happen if I invert X more than once in my code?,0a7e9c723a
What usually causes the LinAlgError: Singular matrix problem in Module 2?,0a7e9c723a
Why do I get NaN when my RMSE code reaches the mean step after squaring the errors?,ba636cdb18
"I filled missing values in train set only, but my validation RMSE still becomes NaN — what am I missing?",ba636cdb18
Could NaNs in the validation or test split be the reason my RMSE calculation returns NaN even though train looks fine?,ba636cdb18
"How should I handle missing values across train, validation, and test so my RMSE loop works for every seed?",ba636cdb18
"My RMSE function works until I use a loop over y_val and y_pred, then everything turns NaN — where should I check first?",ba636cdb18
When should I transform the target variable to a log scale in a regression problem?,17d0c79f61
"Do I need to log-transform the target in every machine learning project, or only in some cases?",17d0c79f61
How can I tell if my target variable is too skewed and needs a transformation?,17d0c79f61
Is plotting the target distribution the best way to decide whether to use a logarithmic transform?,17d0c79f61
What does a log transform do for a highly skewed target variable?,17d0c79f61
How do I download the housing.csv file inside a Kaggle Notebook?,0a4f9065b1
"Do I need to put an exclamation mark before wget in Kaggle, or can I run it as plain Python?",0a4f9065b1
"After I fetch the dataset with wget, how do I open it with pandas?",0a4f9065b1
Is there a direct command to load the housing dataset from GitHub into Kaggle Notebooks?,0a4f9065b1
What’s the easiest way to get housing.csv into my Kaggle notebook and read it as a DataFrame?,0a4f9065b1
How do I filter a pandas DataFrame to keep only rows where ocean_proximity is either '<1H OCEAN' or 'INLAND'?,ab0c17d01c
What's the easiest way to select dataset rows by value in one column in pandas?,ab0c17d01c
"Can I use OR or AND when filtering a DataFrame with conditions, and how does it work?",ab0c17d01c
Is there a shorter way to filter rows that match multiple values without writing a long condition?,ab0c17d01c
How do I keep only records whose ocean_proximity is in a specific list of categories?,ab0c17d01c
How can I download the housing.csv file with requests instead of pandas?,9fbb36bb16
What's the easiest way to save a dataset from a GitHub raw link using the requests library?,9fbb36bb16
Can you show me a simple Python example that fetches housing.csv and writes it to disk?,9fbb36bb16
How do I check if the file download worked before saving the CSV with requests?,9fbb36bb16
Is there an alternative to pd.read_csv(url) for getting the housing dataset locally?,9fbb36bb16
Why is a null column still showing up after I used fillna() in my train and validation data?,a0b5f19b14
Could this be happening because I set X_train = df_train and X_val = df_val instead of making copies?,a0b5f19b14
What’s the difference between a shallow copy and a real copy in pandas when I duplicate a dataframe?,a0b5f19b14
How do I make sure changes in X_train or X_val don’t affect the original dataframe?,a0b5f19b14
Is .copy() the right way to avoid weird null values carrying over between my dataframes?,a0b5f19b14
Is it okay if I use Scikit-Learn's train_test_split in this week’s homework instead of coding it myself?,aac6525676
Why are we manually implementing train/test split in Module 2 if Scikit-Learn already has train_test_split?,aac6525676
"Do I need to follow the course code exactly, or can I switch to Scikit-Learn’s split function earlier?",aac6525676
"Will we keep writing our own train-test split later in the course, or can I just use the library version from now on?",aac6525676
"For this regression module, am I allowed to use train_test_split from Scikit-Learn right away?",aac6525676
Can I use Scikit-Learn's LinearRegression for this week’s work?,5a2fac8521
Is it okay to rely on LinearRegression from sklearn in this module?,5a2fac8521
"Do we need to implement linear regression ourselves, or can we use the sklearn version now?",5a2fac8521
Will we be using LinearRegression from Scikit-Learn in this week’s lessons?,5a2fac8521
"If I use LinearRegression from sklearn this week, is that acceptable?",5a2fac8521
"In week 2, what Scikit-Learn class should I use for plain linear regression without any regularization?",6cf4287216
What is the Scikit-Learn equivalent of linear regression when I want to add regularization?,6cf4287216
"For the regression part of module 2, which sklearn model matches the unregularized linear model we used?",6cf4287216
"If I need a regularized version of linear regression in Scikit-Learn, should I use Ridge or something else?",6cf4287216
What are the two sklearn linear model classes I should know for regression with and without regularization in this week?,6cf4287216
Why does linear regression usually not match the training targets exactly?,631e3d040c
"If I train on X_train and get the weights, why isn't X_train times the weights equal to y?",631e3d040c
Shouldn't a regression model be able to fit all the dots perfectly if it learned the data?,631e3d040c
Is it normal for y_pred to be different from y after fitting linear regression?,631e3d040c
"Could I use curve_fit to make the line hit every point, and would that actually work on new data?",631e3d040c
Why does setting the random seed to 42 make all the missing values land in the training dataframe instead of validation or test?,0f5754c053
"In the homework, what is the point of using random seed 42 for the split if it seems to put every missing value into train?",0f5754c053
"If I use seed 42 and my missing values only show up in the training set, is that expected or did I do something wrong?",0f5754c053
"Why does changing the seed from 42 to something like 9 give a different distribution of missing values across train, val, and test?",0f5754c053
"What exactly is the random seed doing in this regression homework split, and why does 42 give the same result for everyone?",0f5754c053
How do I randomly shuffle a pandas DataFrame before training my regression model?,6c5a79afd4
What’s the easiest way to permute the whole dataset in pandas and keep the shuffle reproducible?,6c5a79afd4
I want to mix up the rows of my DataFrame and then restart the index from zero — what’s the pandas way to do that?,6c5a79afd4
"Can I use pandas alone to shuffle all rows of a dataset, and what arguments should I pass so I get the full data back in random order?",6c5a79afd4
"After shuffling a DataFrame with pandas, how do I reset the row numbers so they run from 0 again?",6c5a79afd4
How do I shuffle dataframe indices in NumPy now that shuffle doesn’t take a random seed anymore?,3547bb9442
What’s the new way to set a seed before shuffling an array index with NumPy?,3547bb9442
"Why did np.shuffle stop accepting random_seed, and what should I use instead?",3547bb9442
Can someone show the recommended code for shuffling indices reproducibly with the new NumPy generator?,3547bb9442
Do I need to create an rng object first if I want to shuffle rows with a fixed seed in NumPy?,3547bb9442
When is it a good idea to log-transform the target in a regression problem?,9e300560ca
Should I use np.log1p on the target only when the values have a long tail?,9e300560ca
Does a log transform help when predicting prices with a very wide range?,9e300560ca
Can I apply np.log1p to the target if it has negative values?,9e300560ca
What kind of target distribution usually needs a logarithmic transform in machine learning?,9e300560ca
Why am I getting ValueError: shapes not aligned when I do `y_pred = w_0 + X_val.dot(w)` after training linear regression?,1fda7c57b0
"What does the shapes (4128,) and (1,) error mean in this regression notebook?",1fda7c57b0
How can I fix the array shape mismatch when predicting with `X_val` and `w`?,1fda7c57b0
Is there a reason to use `X_val * w` instead of `X_val.dot(w)` here?,1fda7c57b0
"What should the prediction code look like so `rmse(y_val, y_pred)` works without the broadcasting error?",1fda7c57b0
How do I make a real copy of a pandas dataframe so changes won’t touch the original?,c6c716b9e7
What’s the right way to duplicate a dataframe in Python without modifying the source?,c6c716b9e7
"If I do `X_copy = X`, why does the original dataframe change too?",c6c716b9e7
How can I create a deep copy of a dataframe before editing it?,c6c716b9e7
Is `X.copy()` enough to avoid getting a view instead of a separate dataframe?,c6c716b9e7
"What does standard deviation actually tell us about a dataset, and how should I interpret a low vs high value?",c19b485c07
"Why do mean, median, and mode all match in a normal distribution, and what changes when there’s a long tail?",c19b485c07
How does a long tail in a distribution affect the mean and the spread of the data?,c19b485c07
What’s the intuition behind standard deviation being a measure of dispersion rather than just average distance?,c19b485c07
"How do you calculate standard deviation, and what does the formula mean in plain English?",c19b485c07
"When should I use regularization in a regression model, and is it something I need every time?",32f4f59df6
"Do I always have to add regularization, or only when the data or model makes overfitting more likely?",32f4f59df6
"In what cases does regularization actually help, like with small datasets or very complex models?",32f4f59df6
"How do I know if my model really needs regularization, or if I can skip it based on the data quality and size?",32f4f59df6
"Is regularization mandatory for machine learning models in this module, or should I decide case by case?",32f4f59df6
How can I speed up my workflow when preparing the three dataframes and y vectors in the regression module?,b1712cc9d5
"Is it okay to put the `fillna()` step before splitting the initial dataframe, or should it happen after?",b1712cc9d5
What kind of function would you define to handle dataframe prep and target vectors more quickly?,b1712cc9d5
"Can I reuse the `rmse()` and `train_linear_regression(X, y, r)` functions from the class notebook in this homework?",b1712cc9d5
What’s the best shortcut for organizing the preprocessing steps so I don’t repeat the same code for each dataframe?,b1712cc9d5
How do I avoid changing my original pandas DataFrame when I apply a function to it?,e41007991b
"Why does my DataFrame get modified after I run a function on it, and how can I stop that?",e41007991b
Should I use df.copy() before editing a DataFrame inside a function?,e41007991b
What's the safest way to work on a DataFrame in a function without affecting the source data?,e41007991b
Why is it recommended to make a copy of a DataFrame before performing changes in ML code?,e41007991b
How do I calculate standard deviation from a Python list with Pandas?,8d98b7c098
What’s the easiest way to get the std of a series using pandas?,8d98b7c098
Do I need to convert my list to a Pandas Series before calling std()?,8d98b7c098
Can you show a quick example of finding standard deviation in Pandas?,8d98b7c098
What function should I use in Pandas to compute the standard deviation of values?,8d98b7c098
Why does numpy.std give a different standard deviation than pandas for the same column?,5020067c2b
What is the default ddof in numpy vs pandas when calculating standard deviation?,5020067c2b
How can I make NumPy return the same std value as Pandas on a dataframe column?,5020067c2b
Why do I get a smaller standard deviation in NumPy than in Pandas for this dataset?,5020067c2b
"What does ddof=1 do in np.std, and when should I use it?",5020067c2b
How do I calculate standard deviation for one pandas column with the built-in function?,d781b23627
What is the pandas method to get the standard deviation of a DataFrame column?,d781b23627
"Can I use pandas to find the std of several columns at once, and how?",d781b23627
What's the easiest way to compute standard deviation in pandas without writing my own formula?,d781b23627
How do I call std() in pandas for a single column and for multiple columns?,d781b23627
How can I merge my training and validation dataframes into one in pandas?,19a42e2005
What’s the easiest way to combine train and val arrays in NumPy for a regression task?,19a42e2005
"If I already split my data, how do I join the train and validation sets back together?",19a42e2005
Should I use pandas concat or numpy concatenate when combining train/validation data?,19a42e2005
"How do I stack df_train and df_val, and also y_train and y_val, in Python?",19a42e2005
"What exactly is RMSE in regression, and why do people use it to judge model performance?",c30519737d
How do I calculate the RMSE score from actual and predicted values in Python?,c30519737d
"Do I need to compute MSE first before getting RMSE, or is there a direct way in sklearn?",c30519737d
Can you show a simple code example for finding RMSE with numpy and mean_squared_error?,c30519737d
What does RMSE tell me about how far my predictions are from the real target values?,c30519737d
Where can I watch a good video that explains how the normal equation is derived for linear regression?,077e2c96ad
Do you have a link to a resource that shows the derivation of the normal form in regression?,077e2c96ad
Is there a helpful video for understanding the normal equation in linear regression?,077e2c96ad
Can you recommend something that makes the normal equation derivation easier to follow?,077e2c96ad
What’s a good video to learn how the normal equation is obtained in regression?,077e2c96ad
What's a good Python guide for handling missing values in a dataset?,1c1a0016fc
Do you have a helpful resource for dealing with missing data in Python?,1c1a0016fc
Can you point me to a tutorial on treating missing values in Python?,1c1a0016fc
Is there a recommended notebook for learning how to handle missing data?,1c1a0016fc
Where can I find a guide for missing-value handling in Python?,1c1a0016fc
Which scikit-learn version is being used in the videos for this module?,ae58046503
What exact sklearn release does Alexey have in the YouTube lessons?,ae58046503
Do the course videos use sklearn 0.24.2 or a different version?,ae58046503
What Python version goes along with the sklearn setup in the recordings?,ae58046503
Can you tell me the sklearn and Python versions Alexey is using in the tutorial videos?,ae58046503
"Why do people use RMSE to judge regression models, and what does it actually tell you?",a3eeeaa3ac
How can I interpret RMSE in the same units as the thing I'm predicting?,a3eeeaa3ac
What’s the difference between the usual mean-based guess and the model error in a regression example?,a3eeeaa3ac
Can you explain how an R2 score of 0.75 should be understood in simple terms?,a3eeeaa3ac
"In regression, why is a lower RMSE better while a higher R2 is better, and what does that mean for house price predictions?",a3eeeaa3ac
"In Ridge regression, is the `r` from the notebook basically the same thing as `alpha` in `sklearn.Ridge()`?",3ff258b230
"What does the `alpha` parameter do in Scikit-Learn Ridge, and how does it affect regularization strength?",3ff258b230
Why does the lesson code add `r * np.eye(...)` to `XTX` instead of using Ridge directly?,3ff258b230
Does increasing `r` or `alpha` make the model more regularized or less regularized?,3ff258b230
What's the difference between the notebook's regularization trick and the math used by `sklearn.Ridge()`?,3ff258b230
"For the ML Zoomcamp module 2 homework, my result doesn’t match any multiple-choice option — what should I pick?",8af59cb98f
"If my homework answer is between two choices, do I choose the smaller one or the bigger one?",8af59cb98f
Is it normal that my laptop gives a different homework answer than the options listed?,8af59cb98f
Could different Python or library versions be why my homework output doesn’t line up with the answer choices?,8af59cb98f
What should I do when I get a value that isn’t exactly in the homework options?,8af59cb98f
"In HW02 Q3, when it says to compute the mean using the training only, does that mean I should ignore validation and test data completely for that step?",af50bd4d07
"For the mean in question 3, should I calculate it from just the training set, or can I use the full dataset if it’s easier?",af50bd4d07
"What exactly does “training only” mean in the HW02 question about the mean — is it only the training split, not the other splits?",af50bd4d07
"If I need the mean of a column in HW02 Q3, is the right way to take it from df_train only?",af50bd4d07
"In this homework, do I use only the training data to get the mean value before doing anything with validation or test?",af50bd4d07
Where in the Week 2 homework are we supposed to log-transform median_house_value before starting the questions?,9346394db7
I’m getting a huge RMSE in the 2023 Week 2 homework — did I miss a step with the target variable?,9346394db7
"Do we need to apply the log transformation to median_house_value for every question in the homework, or only once at the beginning?",9346394db7
"The homework text doesn’t mention log-transforming the target in later questions. Is that intentional, or should I still do it?",9346394db7
"Before Q3 in Week 2, there’s a note about preparing the dataset — is that where the median_house_value transformation should be done?",9346394db7
"In module 2 homework, my RMSE is way off from the multiple-choice answers — is that normal?",bdcc3ae17b
"For the homework questions 5 and 6, do I need to reinitialize the index array each time?",bdcc3ae17b
Why is my answer to question 6 different by about 12.4 from the closest option?,bdcc3ae17b
Could the big discrepancy in the RMSE result be caused by not resetting `Idx = np.arange(n)`?,bdcc3ae17b
"When solving questions 5 and 6, should `Idx = np.arange(n)` be recreated for every iteration of `r` and again for question 6?",bdcc3ae17b
How should I deal with missing values before fitting a regression model — is imputation the best option?,80e735cca8
"When is it okay to drop rows or columns that have missing data, and when is that a bad idea?",80e735cca8
"What’s the difference between using mean, median, or mode to fill in missing values?",80e735cca8
"Are there models that can work with missing values directly, without doing imputation first?",80e735cca8
"Can feature engineering help when my dataset has missing values, and if so, how?",80e735cca8
"Why am I getting the error ""could not convert string to float: 'Nissan'"" in my model?",56018d6f07
How do I fix a dataset column with car brands when sklearn expects numbers?,56018d6f07
Do I need to turn string categories like Nissan into numeric values before training?,56018d6f07
What's the easiest way to encode a brand column in pandas for machine learning?,56018d6f07
Can I use one-hot encoding to handle text labels like car make names?,56018d6f07
Why did we convert the target to 0/1 before computing mutual information in the homework?,b8b91119fe
Can mutual information be calculated directly with a continuous target like median_house_value?,b8b91119fe
What’s the reason for binarizing the target instead of leaving it as a continuous value?,b8b91119fe
Does mutual information only work with categorical or discrete variables in this assignment?,b8b91119fe
Why would using bins for a continuous target be considered subjective when calculating mutual information?,b8b91119fe
How do I build a correlation matrix in pandas if my dataset only has numeric columns?,abfdc60e4a
What’s the easiest way to tell whether my dataframe columns are numeric or categorical before checking correlations?,abfdc60e4a
"If my data has categories like strings or labels, can I still get a correlation matrix somehow?",abfdc60e4a
Do I need to one-hot encode categorical features first before I can compute correlations?,abfdc60e4a
Can you show a simple example of selecting just the numeric columns and calling corr() on them?,abfdc60e4a
How do I color the background of a pandas correlation matrix with different shades based on the values?,06248fbd4b
Is there a simple way to style the output of df.corr() so the cells get a gradient background?,06248fbd4b
What pandas method can I use to apply a colormap like viridis to a DataFrame of correlation values?,06248fbd4b
Do I need to make sure my DataFrame has only numeric columns before calling corr and styling it?,06248fbd4b
Can you show an example of using background_gradient on a correlation matrix in pandas?,06248fbd4b
How can I quickly list the most correlated feature pairs with pandas unstack?,45482efa5e
Is there a simple way to see strong correlations between numeric columns without writing a loop?,45482efa5e
How do I get a sorted table of absolute correlations from my dataframe?,45482efa5e
What’s a good way to plot a correlation heatmap for numerical features in seaborn?,45482efa5e
How can I show only one triangle of the correlation matrix so I don’t repeat the same values?,45482efa5e
"For EDA, should I only use the training set, or is it fine to include validation too?",0c6414cf51
"Can I look at the test data when doing exploratory data analysis, or should I avoid it completely?",0c6414cf51
"When preparing EDA in this classification module, which split is considered safe to work with?",0c6414cf51
Is it okay to peek at the test dataset just to understand the data better before modeling?,0c6414cf51
"Should validation data be part of my EDA, and why is the test set treated differently?",0c6414cf51
Why shouldn't I call fit on the validation set when using DictVectorizer?,356445714b
What's the right way to use DictVectorizer for train and validation data?,356445714b
Do I need fit_transform only on the training data and just transform on validation?,356445714b
What goes wrong if I fit the vectorizer on the validation dataset too?,356445714b
How do I keep data leakage from happening with DictVectorizer in classification?,356445714b
"Why am I getting a FutureWarning about get_feature_names being deprecated in scikit-learn, and what's the replacement?",c928a85179
"In DictVectorizer, which method should I use instead of get_feature_names so the warning goes away?",c928a85179
My code still works but shows a deprecation warning for get_feature_names — should I switch to get_feature_names_out now?,c928a85179
How do I get the list of feature names from a fitted DictVectorizer without using the old method?,c928a85179
Scikit-learn says get_feature_names will be removed later. What should I change in my code to avoid issues?,c928a85179
Why does my logistic regression fit take forever or make Jupyter crash when I call predict() after training?,b27e47d7ca
My notebook kernel dies when I use a fitted logistic regression model for prediction — what could be wrong?,b27e47d7ca
What should I check if logistic regression is extremely slow or crashes the kernel during predict()?,b27e47d7ca
Can a non-binary target cause logistic regression to hang or crash Jupyter?,b27e47d7ca
"If logistic regression is freezing my notebook, is it because my target variable isn’t binary?",b27e47d7ca
"What exactly does Ridge regression do, and why would I use it instead of plain linear regression?",ef52b72189
"How does Ridge help when my features are highly correlated, and is that the same as multicollinearity?",ef52b72189
"What is the role of the alpha parameter in Ridge, and what happens if I make it larger?",ef52b72189
"I saw solver='sag' in a Ridge example — what does SAG mean, and when is it a good choice?",ef52b72189
"In the sklearn Ridge code, why would someone set random_state=42, and does it affect the regularization itself?",ef52b72189
Why does `DictVectorizer(sparse=True)` use less memory than `pandas.get_dummies()` or `sparse=False`?,947bf26d84
"In the car price task, is it better to use `DictVectorizer` with sparse output or dense one-hot encoding?",947bf26d84
Why do I get convergence warnings when I fit Logistic Regression or Linear/Ridge Regression with one-hot features?,947bf26d84
"What does CSR matrix mean in `DictVectorizer(sparse=True)`, and why is it useful here?",947bf26d84
Does using sparse encoding change the model results or training time for the regression exercises?,947bf26d84
Why do I get the warning that max_iter was reached and coef_ did not converge in my classification model?,feed303fc9
How can I fix convergence problems when using Ridge if my features have very different scales?,feed303fc9
"Do I need to scale numeric columns before fitting the model, and which scaler should I use?",feed303fc9
What’s the right way to handle categorical variables so the model can converge properly?,feed303fc9
Should I process numerical and categorical features separately and then combine them into one training matrix?,feed303fc9
Why is a sparse matrix usually better than a dense one when I have lots of zeros in my data?,0d7b521e27
"In DictVectorizer, does the default setting give a sparse matrix, and is that what I should use for week 3 question 6?",0d7b521e27
What’s the main memory advantage of using sparse matrices instead of dense matrices in machine learning?,0d7b521e27
"If my dataset has many missing or zero values, should I keep the matrix sparse for better performance?",0d7b521e27
Why did training work better with the default sparse DictVectorizer output than with dense mode?,0d7b521e27
How can I stop warning messages from showing up in a Jupyter notebook?,9610a0de1d
What’s the easiest way to ignore warnings in Python when I’m working in Jupyter?,9610a0de1d
Is there a quick command to hide warnings in a notebook cell?,9610a0de1d
How do I turn off warnings in Jupyter so they don’t clutter my output?,9610a0de1d
What code do I need to disable warnings in a Jupyter notebook?,9610a0de1d
"For HW3 Q3, when calculating mutual information with the binarized price, what categorical feature should I use?",f969361ef4
Is the second variable for the mutual information score the ocean_proximity column?,f969361ef4
Which original categorical variable do we pair with above_average to compute mutual information on the training set?,f969361ef4
"In the homework, what is the categorical feature used against the binarized price for MI?",f969361ef4
Should I use ocean_proximity as the other variable when calculating mutual information with the price binarized as above_average?,f969361ef4
What's the main difference between OneHotEncoder and DictVectorizer?,e35e6adc78
Do OneHotEncoder and DictVectorizer give the same output when encoding categories?,e35e6adc78
When should I use OneHotEncoder instead of DictVectorizer?,e35e6adc78
Does OneHotEncoder take an array while DictVectorizer takes a dictionary?,e35e6adc78
Why are the feature names sorted alphabetically in OneHotEncoder but not in DictVectorizer?,e35e6adc78
What’s the difference between pandas get_dummies and sklearn OneHotEncoder?,146d28247c
Are get_dummies and OneHotEncoder basically the same thing for one-hot encoding?,146d28247c
When should I use pandas get_dummies instead of sklearn OneHotEncoder?,146d28247c
Is OneHotEncoder better than get_dummies if I’m building a scikit-learn pipeline?,146d28247c
Do get_dummies and OneHotEncoder give the same result even though they handle data a bit differently?,146d28247c
Why does OneHotEncoder throw a TypeError when I pass sparse=False in scikit-learn 1.2+?,548dcc8a3c
What should I use instead of OneHotEncoder(sparse=False) if I want a dense output?,548dcc8a3c
How do I make OneHotEncoder return a sparse matrix in newer scikit-learn versions?,548dcc8a3c
"My code with OneHotEncoder(sparse=False) used to work, but now it crashes — what changed?",548dcc8a3c
"If OneHotEncoder gives me a sparse result, how can I convert it to a normal dense array?",548dcc8a3c
"When should I calculate correlation, before splitting the data or only after I split it into train and test?",c85cd9f595
"For finding the two most correlated features, do I use the whole dataset or just the training set?",c85cd9f595
Should the correlation matrix be built on the train data only in this classification homework?,c85cd9f595
Is it a bad idea to check feature correlation before splitting the data?,c85cd9f595
How do I get the pair of variables with the strongest correlation without using the test set?,c85cd9f595
How can I convert categorical columns into numbers for a classification model?,c4be895874
What sklearn tools should I use to encode non-numeric features before training?,c4be895874
Is OneHotEncoder or OrdinalEncoder better for turning text columns into numeric values?,c4be895874
What’s the easiest way to scale numeric features and encode categorical ones in scikit-learn?,c4be895874
Which preprocessing classes from sklearn can help me handle non-numerical columns?,c4be895874
When should I choose FeatureHasher instead of DictVectorizer for categorical features?,862909f457
What’s the main difference between FeatureHasher and DictVectorizer if both take dictionaries as input?,862909f457
"If my categorical variables have tons of unique values, which one is usually the better option: FeatureHasher or DictVectorizer?",862909f457
Which method should I use if I want to keep feature names after transformation and the number of categories is small?,862909f457
How do I decide between FeatureHasher and DictVectorizer based on memory usage and the size of the vocabulary?,862909f457
Why do we usually split into train/val/test before using DictVectorizer or get_dummies?,03e27c386a
Is there a problem if I encode features on the whole dataset first and then do the train/test split?,03e27c386a
"Does running one-hot encoding before splitting cause data leakage, and how exactly?",03e27c386a
Would it make any difference if I use DictVectorizer before splitting instead of after?,03e27c386a
Why is it considered best practice to fit preprocessing only on the training set and not on validation or test data?,03e27c386a
What are the main ways to encode categorical variables in machine learning?,6be83091d9
Can someone explain different encoding techniques for categorical features?,6be83091d9
"What does it mean to encode a categorical variable, and why do we need it?",6be83091d9
Are there any good resources for learning about categorical variable encoding?,6be83091d9
How do I choose the right encoding method for a dataset with categories?,6be83091d9
"Why do I sometimes get `TypeError: 'numpy.float64' object is not callable` when I run `accuracy_score(y_val, y_pred >= 0.5)` in Jupyter?",5686aea16e
What’s the difference between using `accuracy_score(...)` directly and calling `metrics.accuracy_score(...)` from sklearn?,5686aea16e
Could `accuracy_score` be overwritten in my notebook if I get this error only sometimes?,5686aea16e
How can I check whether the name `accuracy_score` has been replaced by a float in Jupyter?,5686aea16e
What’s the safest way to compute accuracy for my classification predictions in this case?,5686aea16e
"In LogisticRegression, what exactly does decision_function() give back, and how is that different from predict_proba()?",28f7297895
Why do I get raw scores from .decision_function() instead of probabilities in Scikit-Learn logistic regression?,28f7297895
How does Scikit-Learn turn the output of .decision_function() into probability values?,28f7297895
Can someone explain the relationship between the linear score and the sigmoid output in LogisticRegression?,28f7297895
"For a trained logistic regression model, when should I use .decision_function() vs .predict_proba()?",28f7297895
Why do I get a KeyError when I try to drop a column after one-hot encoding it?,1fe12ec81c
"After one-hot encoding, why does dropping the original feature name fail with a KeyError?",1fe12ec81c
How should I remove a feature that was split into multiple one-hot columns without getting an error?,1fe12ec81c
Why is the column I want to drop no longer found after encoding categorical variables?,1fe12ec81c
What’s the right way to drop all the one-hot encoded columns for something like marital instead of dropping the original column?,1fe12ec81c
"Why am I getting 'object has no attribute get_feature_names' with DictVectorizer in sklearn, and what should I use instead?",92d84c1a65
"In sklearn 1.0+, how do I list the feature names from a DictVectorizer?",92d84c1a65
"Did `get_feature_names()` get removed from DictVectorizer, and what's the replacement method?",92d84c1a65
How can I fix the error when calling `get_feature_names` on a DictVectorizer object?,92d84c1a65
What is the correct way to get DictVectorizer feature names now that `get_feature_names()` no longer works?,92d84c1a65
Why do I get `TypeError: unsupported operand type(s) for /: 'str' and 'int'` when I use `corrwith` on the churn data?,babaec2a7d
How can I fix the issue where `totalcharges` looks numeric but pandas treats it like a string/object?,babaec2a7d
What should I do if `corrwith` fails because one column has spaces instead of real missing values?,babaec2a7d
"In the churn dataset, how do I convert `totalcharges` to a numeric column before calculating correlations?",babaec2a7d
Do I also need to convert `churn` to 0/1 before using correlation methods in pandas?,babaec2a7d
Why do I get AttributeError saying the DataFrame has no attribute TotalCharges after I rerun the notebook cell?,e8177805be
"I lowercased my column names, but when I run the same cell again it breaks on TotalCharges — what’s going on?",e8177805be
"After renaming columns to lowercase, why does TotalCharges disappear the second time I execute the cell?",e8177805be
How can I avoid the error where DataFrame no longer has TotalCharges after repeating my preprocessing step?,e8177805be
Is there a way to make the column rename step safe so rerunning it doesn’t cause the TotalCharges AttributeError?,e8177805be
Why is pandas loading bank-full.csv as one column instead of splitting it properly?,61ea97f62e
How can I read the bank-full.csv file so the columns are separated correctly in pandas?,61ea97f62e
Is bank-full.csv separated by commas or something else?,61ea97f62e
What should I put in read_csv if the bank dataset won't parse into columns?,61ea97f62e
How do I load the bank-full.csv dataset in pandas when the default read_csv doesn't work?,61ea97f62e
"Why am I getting a ConvergenceWarning with LogisticRegression and lbfgs, and how do I fix it?",6c86147699
"Is the default max_iter in LogisticRegression too low, and should I raise it to 1000?",6c86147699
Do I need to standardize my features before fitting LogisticRegression to avoid convergence issues?,6c86147699
How can I hide the ConvergenceWarning from sklearn without changing the model itself?,6c86147699
"Why didn’t this warning show up in the course video, but I see it now in my setup?",6c86147699
"For the correlation matrix in homework Q2, should I use just `df_train` or the full training dataframe too?",71f360d8eb
"When converting `median_house_value` into a binary target for Q2, do we calculate the correlation only on the train split?",71f360d8eb
"Does `df_train_full` include validation data, and is that why we shouldn’t use it for the correlation matrix?",71f360d8eb
"In Module 3 homework, are we supposed to make the correlation matrix from `df_train` only and ignore `df_train_full`?",71f360d8eb
"If the question mentions the train dataset, should I avoid using any validation rows when checking correlations?",71f360d8eb
"In Q5 of the homework, when we're comparing accuracy changes after removing a feature, do we look for the smallest raw difference or the smallest absolute difference?",16711f1a2f
"If one feature removal gives -0.001 and another gives -0.0002, which one should count as the smaller change for feature elimination?",16711f1a2f
"For the feature elimination question, should I compare accuracy drops by their signed values or by how close they are to zero?",16711f1a2f
"When a model's accuracy goes up after a feature is removed, does that negative difference mean the model got better?",16711f1a2f
How should I decide which feature to remove in homework Q5 if the accuracy differences are very small and some are negative?,16711f1a2f
How should I choose the alpha value in Q6 when tuning the model?,cbd581f803
What’s the rule for picking alpha if I’m comparing RMSE scores?,cbd581f803
"If two alpha values give the same RMSE, which one should I use?",cbd581f803
How do I decide the best alpha for the homework question about regularization?,cbd581f803
"When searching over alphas, do I go with the one with the smallest RMSE or the smallest alpha if there’s a tie?",cbd581f803
"For homework Q5, should I train the model only on total_rooms, total_bedrooms, population, and households, or start with all features and drop them one by one?",4b0519f085
"When comparing feature importance in Module 3 Q5, do I first fit a model with every feature and then retrain after removing each feature separately?",4b0519f085
How exactly are we supposed to measure the effect of each feature on accuracy in Q5 — by looking at the change from the full model?,4b0519f085
"In the homework, do I pick the feature that causes the smallest absolute accuracy difference after removing it, right?",4b0519f085
"If the accuracy change is negative, should I use the absolute value of that difference when deciding which feature matters least?",4b0519f085
"In the week 3 homework, for the test_train_split step, should I set random_state to 42 in both splits or just the first one?",40abba5fd9
"When splitting the data for homework 3, do we keep random_state=42 for both train/test splits?",40abba5fd9
"For the week 3 assignment, is the seed 42 meant to be used twice during the data split or only once?",40abba5fd9
"In module 3 homework, should random_state 42 be applied to each split when doing test_train_split?",40abba5fd9
"About the random seed in homework 3: do both splits need random_state = 42, or only one of them?",40abba5fd9
"In the homework, when I’m trying different values of C, am I supposed to pick the one with the highest accuracy or the lowest accuracy?",b5c44e4f07
"For Q6, if several C values give good results, should I choose the smallest C only when it matches the best accuracy?",b5c44e4f07
What’s the right way to decide on C here: do I look for max accuracy first and then among those pick the smaller C?,b5c44e4f07
"Am I misunderstanding Q6, or is the point to find the smallest C that still gives the top accuracy score?",b5c44e4f07
"When tuning C for this assignment, should I prioritize accuracy over making C as small as possible?",b5c44e4f07
"Why am I getting 1.0 accuracy on the homework model, and does that mean I overfitted it?",1a96e5837b
"If my accuracy comes out as 1.0, should I just pick the closest multiple-choice answer?",1a96e5837b
Is there a way to fix the 1.0 accuracy issue in Module 3 homework without changing the whole model?,1a96e5837b
Could the `msrp/price` column be causing the model to overfit and get perfect accuracy?,1a96e5837b
What should I drop if my homework model looks too good and gives 1.0 accuracy?,1a96e5837b
Why does LogisticRegression crash when I set C=0 in homework Q6?,a7e230bfb4
Can I train a regularized logistic regression model with C equal to zero in scikit-learn?,a7e230bfb4
"What does the C parameter actually mean in logistic regression, and why is 0 invalid?",a7e230bfb4
"Is there any way to use C=0 for regularization, or will sklearn always throw an error?",a7e230bfb4
"In module 3 homework, why is asking for a regularized logistic regression with C=0 impossible?",a7e230bfb4
"For Q4, do I need to do fillna before I split the dataset, or should I wait and handle missing values inside each question’s script?",ce78527441
"If the homework says to use a constant like 0.0 for numeric missing values, is it okay to fill them before train/test split?",ce78527441
"When is filling missing values before splitting considered data leakage, and when is it safe?",ce78527441
"Should categorical missing values like 'NA' be filled once for all the homework files, or separately after the split?",ce78527441
"What’s the better workflow for the homework: clean the data one time upfront or repeat the missing-value handling in q3, q4, q5, and q6?",ce78527441
How do I load bank-full.csv in pandas for this homework?,56ebfe8111
What’s the right read_csv command for bank-full.csv in Module 4?,56ebfe8111
Why won’t bank-full.csv import correctly with the default comma separator?,56ebfe8111
Do I need to use sep=';' when reading bank-full.csv?,56ebfe8111
What’s the simplest way to import the bank-full.csv data into a dataframe?,56ebfe8111
"What are the main things covered in the evaluation module for classification, like ROC, precision/recall, and those curves?",afd915ae5b
Does this module also teach how to choose between different metrics depending on the problem and class imbalance?,afd915ae5b
"Will I learn about common mistakes in model evaluation, such as data leakage or using validation the wrong way?",afd915ae5b
How does this module help with deciding thresholds and comparing models in real machine learning projects?,afd915ae5b
"Is the evaluation module mostly theory, or does it also focus on practical interpretation and explaining results clearly?",afd915ae5b
"Why do we sometimes set random_state for shuffling, but not in every case?",636cd61ba8
When should I use random_state in sklearn so my split or shuffle can be reproduced?,636cd61ba8
Does random_state only matter if shuffle is turned on?,636cd61ba8
How do random_state and shuffle work together in sklearn?,636cd61ba8
Why does setting random_state make the randomness reproducible?,636cd61ba8
"How can I get precision, recall, F1, and accuracy all at once for a classifier?",234fd096e4
Is there a built-in sklearn function that shows all the main classification metrics together?,234fd096e4
"What should I use if I want one report with precision, recall, F1 score, and accuracy?",234fd096e4
How do I print a full classification metrics summary in scikit-learn?,234fd096e4
Which sklearn method gives me all the common classification metrics in one shot?,234fd096e4
"Why do I get ""This solver needs samples of at least 2 classes"" when training my churn model?",fd83a2e6ad
My churn column turned into only 0s after this line `df.churn = (df.churn == 'yes').astype(int)` — what am I missing?,fd83a2e6ad
How can I check if my preprocessing accidentally removed all the positive churn cases?,fd83a2e6ad
What should I look for if my dataset has only one class after converting churn to binary?,fd83a2e6ad
I keep getting a single-class error in classification — how do I confirm my data actually has both 0 and 1 labels?,fd83a2e6ad
What library can I use to get a nicer-looking classification report for my model?,ebcd9b6783
Is there a tool that combines scikit-learn and matplotlib to make classification reports more visual?,ebcd9b6783
How can I generate a colorful classification report instead of the default text output?,ebcd9b6783
What's the easiest way to make my classification report look better in Python?,ebcd9b6783
Which library should I use if I want a beautiful visualization for classification results?,ebcd9b6783
How can I use AUC to check feature importance for numerical variables in classification?,573c63b800
What's the right metric to evaluate numeric feature importance with in this module?,573c63b800
Should I use roc_auc_score for measuring importance of numerical features?,573c63b800
Where can I find the solution for using AUC on numerical variables in the 2021 course iteration?,573c63b800
Is roc_auc_score the recommended way to evaluate feature importance of numeric columns?,573c63b800
"How do I calculate ROC AUC in sklearn when I have numerical feature columns, and what should I pass as `y_true` and `y_score`?",c213e31ea0
"If I want to check AUC for each numeric column separately, do I feed the column values into `y_score` and keep the target as `y_true`?",c213e31ea0
"In `roc_auc_score`, what does the function expect for the true labels versus the predicted scores when using a dataframe of numerical features?",c213e31ea0
"Can I use `roc_auc_score` on every numeric value in my dataframe one by one, and if so, which argument should be the feature values?",c213e31ea0
"When evaluating a numerical feature with ROC AUC, should the feature values go into `y_score` and the label column into `y_true` every time?",c213e31ea0
"Can someone explain what KFold actually does in cross-validation, like how it splits the data and why people use it?",24d2042733
"If I use KFold with n_splits, does each row get used for both training and validation at some point?",24d2042733
What’s the point of KFold compared to just doing one train/validation split?,24d2042733
"In `KFold(n_splits=n_splits, shuffle=True, random_state=1)`, what do `shuffle` and `random_state` change exactly?",24d2042733
Does it matter if I create the KFold object inside the loop over C values or before the loop?,24d2042733
"Why am I getting ValueError: multi_class must be in ('ovo', 'ovr') when I use roc_auc_score for feature importance?",2488656439
How should I call roc_auc_score with y_train and a numeric column in question 1?,2488656439
What is the correct parameter order for roc_auc_score in this case?,2488656439
I get a multi_class error while evaluating numerical variables with ROC AUC — what am I doing wrong?,2488656439
How do I fix the roc_auc_score call when checking feature importance of numeric features?,2488656439
Why would I invert or negate a feature when its ROC AUC is below the threshold?,6a8dccc107
How does flipping negatively correlated variables help with model performance?,6a8dccc107
Is there any benefit to negating features that score under the ROC AUC threshold?,6a8dccc107
When should I transform variables with weak ROC AUC values by inverting them?,6a8dccc107
Does changing the sign of less-than-threshold variables make them easier for ML models to use?,6a8dccc107
"What's the difference between using `predict(X)` and `predict_proba(X)[:, 1]` for a classifier?",139ae54c4f
Why can `predict(X)` give misleading evaluation results in binary classification?,139ae54c4f
"When should I use `predict_proba(X)[:, 1]` instead of plain `predict(X)`?",139ae54c4f
"What does `predict_proba(X)` return, and why do people take the second column?",139ae54c4f
"For evaluation metrics, is it better to use class labels from `predict` or probabilities from `predict_proba`?",139ae54c4f
Why do both FPR and TPR become 0 when I set the classification threshold to 1.0?,921879ea38
"If the sigmoid output is always between 0 and 1, what happens when I use 1.0 as the cutoff?",921879ea38
Why does a threshold of 1.0 give no positive predictions in a churn model?,921879ea38
Is it normal that ROC values are 0.0 at threshold = 1.0 in binary classification?,921879ea38
What exactly makes the model predict nothing as positive when the threshold is set to the maximum?,921879ea38
How do I add an arrow and text label to a point on a Matplotlib plot?,80176f658d
What’s the easiest way to mark the optimal threshold on a graph with an annotation?,80176f658d
"How can I use matplotlib annotate to point at an x,y value and show the F1 score?",80176f658d
Can I display a custom text box with an arrow on a plot using pyplot?,80176f658d
How do I write an annotation in Matplotlib that labels a specific point like the best threshold?,80176f658d
Do I need to fully understand the ROC curve before moving on with the classification metrics module?,3c04f56b5d
Is it okay if I skip over ROC AUC for now and come back to it later?,3c04f56b5d
The ROC curve feels pretty abstract to me — should I spend more time on it or just continue the course?,3c04f56b5d
"If I’m still confused about ROC AUC, would it help to rewatch the lecture or check other resources?",3c04f56b5d
"How important is ROC AUC in binary classification, and do I need to master it right away?",3c04f56b5d
How can I use NumPy to find where precision and recall cross in my classification metrics table?,fed6cad07b
Is there a quick way to detect the threshold where precision equals recall using diff and sign in NumPy?,fed6cad07b
"Given a DataFrame with threshold, precision, and recall, how do I get the intersection point of the precision-recall curves?",fed6cad07b
What NumPy code can I use to locate the index where precision and recall switch order?,fed6cad07b
How do I print the threshold value where precision and recall intersect from df_scores?,fed6cad07b
"How do I get precision, recall and F1 in scikit-learn without manually counting TP, FP, TN and FN?",02cd286eb8
"What sklearn functions should I use to calculate precision, recall, and F1 for a binary classifier?",02cd286eb8
Can I compute recall and precision directly from y_true and y_pred with scikit-learn?,02cd286eb8
"What does the average='binary' option mean in precision_score, recall_score, and f1_score?",02cd286eb8
"Is there a simple example of getting F1, precision, and recall from sklearn.metrics?",02cd286eb8
Why do people use cross-validation instead of just one train/validation split?,4c3e29589e
How does cross-validation help when I want to pick the best hyperparameters?,4c3e29589e
What exactly happens when the data gets split into folds during cross-validation?,4c3e29589e
"In logistic regression or SVM, what does the C parameter change?",4c3e29589e
"If I make C smaller or larger, how does that affect regularization and overfitting?",4c3e29589e
"How do I compute accuracy, precision, recall, F1, and ROC AUC with scikit-learn after predicting on the validation set?",861531763b
Is it better to use sklearn metrics instead of calculating classification metrics manually with numpy and pandas?,861531763b
What are the exact scikit-learn functions I should import to evaluate a classification model?,861531763b
Can someone show me a quick example of printing the main classification metrics in Python using sklearn?,861531763b
Why would using built-in metric functions be more accurate than writing the formulas from scratch?,861531763b
"Is there a single sklearn function that gives precision, recall, F1, and support together?",70eceb1a01
"How can I calculate precision, recall, f1 score and support in scikit-learn?",70eceb1a01
What’s the easiest way to get precision and recall plus F1 from sklearn metrics?,70eceb1a01
Does sklearn have something like precision_recall_fscore_support for classification metrics?,70eceb1a01
"Can I compute precision, recall, fscore, and support all at once with sklearn?",70eceb1a01
When should I use a ROC curve instead of a precision-recall curve for a classification model?,18e9b4b2a2
"If my dataset is heavily imbalanced, is ROC still a good way to evaluate it, or should I switch to precision-recall?",18e9b4b2a2
Why do ROC curves look too optimistic when one class is much rarer than the other?,18e9b4b2a2
"Does changing the class mix in the test set affect ROC results, and why or why not?",18e9b4b2a2
"Which evaluation metrics become misleading when the class distribution shifts, even if the classifier itself stays the same?",18e9b4b2a2
Does the F-score change when the positive/negative class ratio is different?,bdc4c489fd
Why is it risky to compare F-scores across datasets with different class imbalance?,bdc4c489fd
Do precision-recall curves depend on the share of positive cases in the test set?,bdc4c489fd
How can I make F-score comparisons fair if class ratios are not the same?,bdc4c489fd
Is there a standard class ratio I should use when comparing F-scores between problems?,bdc4c489fd
How can I quickly draw a precision-recall curve in scikit-learn for my validation predictions?,ce5f41e600
What's the shortest way to get precision and recall values with a threshold plot from sklearn?,ce5f41e600
"Can I use precision_recall_curve to visualize precision and recall against thresholds, and how would I do it?",ce5f41e600
I have y_val and y_predict — how do I plot precision and recall curves without doing it manually?,ce5f41e600
What code do I need to generate a precision/recall threshold graph from sklearn metrics?,ce5f41e600
"What does stratified k-fold mean in classification, and why do people use it instead of regular k-fold?",f29b4790fc
How does stratified k-fold keep the class proportions similar in each fold?,f29b4790fc
"Is stratified k-fold mainly for multiclass problems, or can it also be used for binary classification?",f29b4790fc
Why is it important to preserve class balance when splitting data for cross-validation?,f29b4790fc
Where can I find the scikit-learn implementation of stratified k-fold?,f29b4790fc
Why can accuracy be misleading when one class is much more common than the other?,f6aa440092
"If a model always predicts the majority class, why might its accuracy still look good?",f6aa440092
What metrics should I use instead of accuracy for an imbalanced classification problem?,f6aa440092
"How do precision, recall, and F1-score help more than accuracy in classification?",f6aa440092
When should I prefer AUROC over accuracy for judging a classifier?,f6aa440092
How can I quickly remember what precision and recall mean in classification?,13102dfe14
What’s the easiest way to tell precision apart from recall?,13102dfe14
Is there a simple trick to remember precision = TP / predicted positives and recall = TP / actual positives?,13102dfe14
How do I know whether to look at predicted positives or actual positives for precision and recall?,13102dfe14
Can you explain a short memory trick for precision and recall in evaluation metrics?,13102dfe14
How should I think about precision vs recall in a classification model?,79b2760cc5
What does it mean if my model has high precision but low recall?,79b2760cc5
When is recall more important than precision in real-world problems?,79b2760cc5
Why can boosting precision sometimes hurt recall?,79b2760cc5
"In practice, how do I decide whether to care more about precision or recall?",79b2760cc5
"Why am I getting the warning about F-score being ill-defined when some labels have no predicted samples, and what does it mean?",385807829b
How can I stop the UndefinedMetricWarning in scikit-learn when my classifier predicts nothing for a class?,385807829b
"What does the `zero_division` option do in `f1_score`, and when should I use 0, 1, or 'warn'?",385807829b
"If precision or recall is undefined for some labels, how does scikit-learn handle it by default?",385807829b
"Can I fix this warning in `precision_score`, `recall_score`, and `f1_score` the same way, and what would the code look like?",385807829b
"In the AUC calculation, what does it mean to use a numeric column as the score instead of model predictions?",866f5d58d2
How can I compute AUC from a single feature like balance in sklearn?,866f5d58d2
"Do the values used for AUC have to be between 0 and 1, or can they be any numeric values?",866f5d58d2
What should I do if the AUC is below 0.5 when I use one of my variables as the score?,866f5d58d2
Why does AUC care about ranking the values and not their actual scale or magnitude?,866f5d58d2
Why does predict_log_proba give me negative values instead of probabilities?,6739977244
Should I use predict_log_proba or predict_proba when I want AUC and other classification metrics?,6739977244
How do I get the probability for the positive class from my model in sklearn?,6739977244
My model outputs only negative numbers from predict_log_proba — is that normal?,6739977244
"For threshold-based metrics, which prediction method should I use in sklearn?",6739977244
"I’m getting a couple of different thresholds that all give the same F1 score for Q4 — is that normal, or does it mean my code is wrong?",a64b95ea2c
"When more than one threshold has the top F1, how should I decide which one to submit for the homework?",a64b95ea2c
Should I just take the smallest threshold if several choices produce the same F1 score?,a64b95ea2c
"Is there a recommended way to double-check my precision, recall, and F1 calculations in this module?",a64b95ea2c
Can I use scikit-learn’s classification_report to verify the results from my own implementation?,a64b95ea2c
"I’m doing the Module 4 homework and my result isn’t exact — is that okay, or do I need to keep matching it exactly?",186ed3fc35
What should I do if my homework answer is a bit off from the expected result?,186ed3fc35
"For the Machine Learning Zoomcamp homework, do I have to get the exact value, or can I choose the nearest option?",186ed3fc35
"If my calculation gives a slightly different result in the homework, should I worry or just pick the closest answer?",186ed3fc35
"When the homework output doesn’t match perfectly, what’s the recommended way to answer it?",186ed3fc35
"For Question 3 and the ones after it, should I calculate the metrics on dt_val or on the train set?",7c90af9692
Which dataset am I supposed to use when computing the metrics in Question 3?,7c90af9692
"Do I keep using dt_val for Question 3 onward, like in Question 2?",7c90af9692
Should the metrics in Question 3 be based on the validation dataset or some other split?,7c90af9692
"In the Module 4 homework, what data should I use to evaluate the metrics starting from Question 3?",7c90af9692
Why am I getting different accuracy values from the homework answer choices even though my train/val/test split is still 60/20/20?,8351543816
"Does it matter if I split the dataset in two steps or in one split-then-split approach, if the final percentages are the same?",8351543816
"How can I avoid accuracy changing when I divide data into training, validation, and test sets for this homework?",8351543816
Is there a recommended way to make the data split match the course examples more closely in module 4?,8351543816
Could the way I create the validation and test sets be the reason my model accuracy does not match the listed options?,8351543816
How do I check feature importance for a numerical column using AUC in this homework?,f7f0800d02
Which sklearn function should I use to get the AUC score for a single feature against the target?,f7f0800d02
"When calculating AUC for a feature, do I pass the target or the feature first?",f7f0800d02
Can I use `roc_auc_score` to measure how useful a numerical variable is for predicting `above_average`?,f7f0800d02
What’s the proper way to compute AUC for one feature value vector in Python?,f7f0800d02
"In homework Q1, am I supposed to use ROC curve or AUC to check feature importance for the binary target?",1b89887a15
"If I have several numerical columns, do I need to compute roc_auc_score for each one separately and then compare them?",1b89887a15
Why is my roc_curve plot not showing any model line when I use a feature like age as the input?,1b89887a15
What’s the right way to find which numerical feature is the most predictive in Module 4 Homework Q1?,1b89887a15
"Should I build a small table with feature names and AUC values, then sort it to get the best feature?",1b89887a15
Why does week 5 suddenly feel way harder to run on my usual laptop setup than the first four weeks?,a638d65685
"Do I need to set up some special homework environment before starting module 5, and what should I use?",a638d65685
Is there a walkthrough for creating an AWS EC2 machine for this part of the course?,a638d65685
"Can I use a free cloud instance for the deployment homework, or will I get charged right away?",a638d65685
Are there other environment setup options besides AWS EC2 for week 5?,a638d65685
How do I grab a Kaggle CSV straight from Jupyter Notebook without leaving the notebook?,85fa1b961a
Where exactly should I put the kaggle.json file so the Kaggle API works in Jupyter?,85fa1b961a
Why do I need to run chmod 600 on kaggle.json before downloading a dataset?,85fa1b961a
How do I set KAGGLE_CONFIG_DIR in Python to make Kaggle downloads work?,85fa1b961a
What’s the command to download a Kaggle dataset and unzip it so I can use the CSV right away?,85fa1b961a
How do I go back to the previous folder in Ubuntu from the terminal?,faa864b7f6
What command shows me the files and folders in the current directory?,faa864b7f6
How can I move into a specific folder path using the terminal?,faa864b7f6
Which Ubuntu command prints the current working directory I'm in right now?,faa864b7f6
How do I display the contents of a file from the command line?,faa864b7f6
How can I check which Python version I have installed right now?,dce5e4842c
What's the easiest way to install Python 3.10 or newer on Windows?,dce5e4842c
Do I need to add Python to PATH when installing it on Windows?,dce5e4842c
How do I upgrade my Python installation from the terminal with pip?,dce5e4842c
Where should I download the latest Python version if I want to install it manually?,dce5e4842c
How do I get WSL installed on Windows 10 and what do I need to do after running the install command?,accd08bead
"Is the WSL setup for Windows 11 different from Windows 10, or is it basically the same command?",accd08bead
Do I need to enable anything in Windows Features or BIOS before WSL will work properly?,accd08bead
"How can I install a specific Linux distro like Ubuntu or Debian in WSL, and can I update WSL later?",accd08bead
"Once Ubuntu is open, how do I switch back to my Windows files, set a default start folder, or fix the pipenv CUDA link error?",accd08bead
"Why do I get `Could not open '/lib64/ld-linux-x86-64.so.2'` when building the Docker image on an M1 Mac, and how can I fix it?",9df18c830e
Is there a Dockerfile change I need to make for MacBook M1/M2 so the image builds instead of failing with the x86-64 loader error?,9df18c830e
What should I change in `course-zoomcamp/01-intro/environment/Dockerfile` if Docker build breaks on Apple Silicon?,9df18c830e
How do I force Docker to use the amd64 Ubuntu base image on a Mac with M1 chip?,9df18c830e
My Docker image build on Mac M1 takes forever and then errors out with missing `ld-linux-x86-64.so.2`—what's the workaround?,9df18c830e
How can I check which version of a Python package is installed inside Jupyter Notebook?,7064ef8f01
Is there a quick way to see a library’s version in a notebook without leaving Python?,7064ef8f01
How do I print the version number for an installed module in Jupyter?,7064ef8f01
What’s the notebook syntax to find out the version of a package I imported?,7064ef8f01
"If I want to verify the installed version of any Python library in Jupyter, what should I run?",7064ef8f01
"Why do I get ""Cannot connect to the docker daemon"" when I try to run Docker in this module?",371f4a6519
What’s the quickest way to check if Docker is actually running on Windows or Linux?,371f4a6519
"On Linux, how do I start the Docker service and verify that the daemon is up?",371f4a6519
"Could this error just be a permissions issue on Linux, like my user not being in the docker group?",371f4a6519
"If Docker still won’t connect, what’s a good test command or WSL fix to try next?",371f4a6519
"I get `pipenv install --deploy --system` failing during `docker build` with code 1 and the image never gets created. What usually causes this, and how can I fix my Dockerfile?",a43ed572fa
"When I run `docker build -t churn-prediction .`, Docker stops on `/bin/sh -c pipenv install --deploy --system && rm -rf /root/.cache`. Could this be a Python version mismatch?",a43ed572fa
My ML Zoomcamp Docker image build breaks at the Pipenv install step. How do I check my local Python version and use it in the `FROM python:...-slim` line?,a43ed572fa
"Why does building the container fail right after `pipenv install --deploy --system`, even though my code seems fine? Should I change the Python base image version?",a43ed572fa
"In Module 5, my Docker image won’t build because of a non-zero exit from the Pipenv command. What exact Dockerfile change fixes this error?",a43ed572fa
"Why does `pipenv install sklearn==1.0.2` fail, and what package name should I use instead?",b2781bc5f8
I’m getting errors installing sklearn 1.0.2 with pipenv — is there a different command I should run?,b2781bc5f8
"For Module 5 homework, should I install `sklearn` or `scikit-learn`, and which version is needed?",b2781bc5f8
How can I fix the pipenv install problem when I need scikit-learn 1.3.1 for the assignment?,b2781bc5f8
"Is `sklearn` the wrong package name for version 1.0.2, and what’s the proper install command?",b2781bc5f8
"Why am I getting a Pipfile.lock error when I add numpy, scikit-learn, and flask with pipenv?",af2a35cdf2
Do I need a different scikit-learn version if I'm on Python 3.11 or newer?,af2a35cdf2
What should I do if pipenv can't lock the dependencies and keeps failing on Pipfile.lock?,af2a35cdf2
Is there a way to fix the lock issue without rebuilding my whole pipenv setup?,af2a35cdf2
"If removing Pipfile.lock doesn't help, what's the cleanest way to recreate the environment from scratch?",af2a35cdf2
"Why am I getting a ""No module named flask"" error even though I installed Flask already?",ec6919a46b
"If Flask was installed with pipenv but Python still can't find it, what should I do?",ec6919a46b
Should I reinstall Flask with pip instead of pipenv if the import fails?,ec6919a46b
How can I fix the Flask import error after installing it in my environment?,ec6919a46b
"What worked when the ""No module named 'flask'"" problem happened during setup?",ec6919a46b
Why would I use the `--rm` option when I start a Docker container?,2dc4089953
"Does `--rm` delete the Docker image too, or only the container after it exits?",2dc4089953
Is `--rm` mainly useful for quick testing and development runs?,2dc4089953
Will stopped containers pile up on my machine if I don't use `--rm`?,2dc4089953
"If I rebuild an image after changing something like a Pipfile, does `--rm` help keep Docker cleaner?",2dc4089953
Why does Docker say it failed to read my Dockerfile when I build the image?,9802179265
I created a file named Dockerfile.dockerfile and now the build breaks — is that the problem?,9802179265
What is the correct filename for a Dockerfile so Docker can find it?,9802179265
"Do Dockerfile files need to have an extension, or should it just be named Dockerfile?",9802179265
"How should I name the file to avoid the ""failed to read Dockerfile"" error?",9802179265
How do I install Docker on macOS for this course?,951b79cf6b
What’s the official Docker Desktop install guide for Mac?,951b79cf6b
Do I need a different Docker version on Mac depending on Apple chip vs Intel?,951b79cf6b
Where can I find the instructions for setting up Docker on a MacBook?,951b79cf6b
Is there a specific Docker install page I should follow on macOS?,951b79cf6b
How can I see just the size of one Docker image instead of the full image details?,acdd201a06
Is there a Docker command to print only an image’s size for a specific image name?,acdd201a06
What’s the easiest way to list a single local Docker image and show only its size?,acdd201a06
Can I use `docker image ls` or `docker images` with a format option to get just the size field?,acdd201a06
How do I check the size of one Docker image without getting the rest of the image info?,acdd201a06
"On Linux or macOS, where exactly does Pipenv put the virtualenv, and what does the folder name look like?",768fa21d6b
"If I'm on Windows, where should I expect Pipenv to create the environment folder?",768fa21d6b
How does Pipenv decide the environment name — is it based on the project directory or something else?,768fa21d6b
Why do I see a weird random suffix after my project folder name in the virtualenv path?,768fa21d6b
"After Pipenv creates the env, how do I go back to the project and activate it with `pipenv shell`?",768fa21d6b
How can I get a Docker container to start in bash mode so I can debug it interactively?,2acc8ec64a
What’s the easiest way to open a shell inside a Docker image and inspect what’s going on?,2acc8ec64a
"If my container is already running, how do I enter it and run bash for debugging?",2acc8ec64a
How do I use docker ps and docker exec to connect to a live container and troubleshoot it?,2acc8ec64a
Is there a way to override the entrypoint when running Docker so I can debug the container from the command line?,2acc8ec64a
"Why do I get “the input device is not a TTY” when I run `docker exec -it ... bash` in Git Bash on Windows, and what should I use instead?",10316840ce
How can I fix the TTY error in Docker when using mintty or GitBash on Windows?,10316840ce
Is there a Windows-specific workaround for `docker exec -it` failing with a TTY message?,10316840ce
What does `winpty` do when Docker complains that the input device is not a TTY?,10316840ce
"Do I need to prefix `docker exec -it <container> bash` with `winpty` in Git Bash, and why?",10316840ce
How do I fix the error when it fails to write the dependencies into Pipfile and Pipfile.lock?,26a0558e81
What should I do if my environment won’t save the installed packages to the dependency files?,26a0558e81
Is there a way to get all my installed Python packages into a requirements file instead of Pipfile and Pipfile.lock?,26a0558e81
"When pipenv can’t write the lock files, what’s the recommended workaround for saving dependencies?",26a0558e81
Do I need to create a virtual environment first and then use pip freeze to record the package list?,26a0558e81
"Why does Windows say ""pipenv is not recognized as an internal or external command"" when I try `pipenv --version`?",3e4e288e93
"I installed pipenv, but `pipenv shell` still says it isn't recognized — what am I missing?",3e4e288e93
"On Windows, how do I fix it when pipenv seems installed but the command still won't run?",3e4e288e93
What PATH entries do I need to add so `pipenv` works from the terminal on Windows?,3e4e288e93
"Is this pipenv PATH issue something that happens with normal Python installs, and would Anaconda avoid it?",3e4e288e93
Why do I get `AttributeError: module 'collections' has no attribute 'MutableMapping'` when I run `pipenv install numpy`?,4b501f0a25
"Is this `MutableMapping` error caused by an old Python version, and what version should I use instead?",4b501f0a25
"I followed the week 5.6 pipenv steps, but pipenv crashes right away — how can I fix that `collections` error?",4b501f0a25
Do I need to upgrade Python to 3.10 or higher for pipenv to work in this module?,4b501f0a25
What’s the easiest way to solve the `collections.MutableMapping` issue when installing packages with pipenv?,4b501f0a25
Why do I get `ValueError: Path not found or generated: WindowsPath(...)` after using `pipenv shell` and then `pipenv --rm` on Windows?,f6d64d22b9
How do I properly leave a Pipenv shell before removing the environment so I don’t break my setup?,f6d64d22b9
My PATH got messed up after deleting a Pipenv env on Windows — what should I do to fix `VIRTUAL_ENV`?,f6d64d22b9
"On Windows, how can I tell whether I’m still inside `pipenv shell` if there’s no obvious prompt marker?",f6d64d22b9
"If Pipenv removed my env folder and now stuff is failing, is it okay to recreate `C:\Users\username\.virtualenvs\...` manually?",f6d64d22b9
"How do I fix ConnectionError ('Connection aborted.', RemoteDisconnected('Remote end closed connection without response')) when deploying my Flask model in Docker?",f2f7180201
My app closes the connection without a response — do I need to set Flask host to 0.0.0.0 and use localhost in the URL?,f2f7180201
"I'm getting a RemoteDisconnected error from my containerized Flask app, what should I change in the Dockerfile or app config?",f2f7180201
"Why does my deployed ML model return ConnectionError in Docker, and what host setting should I use?",f2f7180201
"In Module 5 deployment, how can I stop the remote end from closing the connection when calling my Flask service?",f2f7180201
"Why does my Docker build fail at `COPY [Pipfile, Pipfile.lock, ./]` when I try to build the image?",ced071dd97
I’m getting an error on the `COPY` step in Docker — could it be because I used single quotes instead of double quotes?,ced071dd97
How should I write the `COPY` instruction in my Dockerfile for `Pipfile` and `Pipfile.lock` so the build works?,ced071dd97
"My image build stops at copying `q5_predict.py`, `model1.bin`, and `dv.bin`; what’s the usual mistake here?",ced071dd97
"What caused the `COPY` commands in my Docker build to fail, and how do I fix it?",ced071dd97
"Why does my Docker build fail with ""Pipfile.lock is out of date"" when I run pipenv install --system --deploy?",efae76d03c
"I tried updating the lock file with pipenv lock, but the container still errors out. What am I missing?",efae76d03c
What's the difference between running pipenv install --system --deploy and adding --ignore-pipfile in Docker?,efae76d03c
How can I get pipenv to install dependencies in a Docker image without aborting on the Pipfile.lock mismatch?,efae76d03c
Is there a recommended Dockerfile change for this Pipenv deploy error during image build?,efae76d03c
"Why do I get `Bind for 0.0.0.0:9696 failed: port is already allocated` after rebuilding my Docker image, even when nothing seems to be using that port?",ed90e0f589
How can I fix the Docker error saying the external connectivity bind on `0.0.0.0:9696` failed because the port is already allocated?,ed90e0f589
Is there a quick command to stop all running Docker containers when I keep seeing the port 9696 allocation error?,ed90e0f589
I rebuilt my container and got `driver failed programming external connectivity` on `beautiful_tharp` — what should I do to clear it?,ed90e0f589
Does anyone know why Docker on Windows can report port 9696 as busy and how to resolve it?,ed90e0f589
Why do I get requests.exceptions.ConnectionError with 'Connection aborted' when I try to use --bind 127.0.0.1:5000?,84301e35dd
My client shows RemoteDisconnected and the server seems fine with waitress — what am I missing here?,84301e35dd
"Should I avoid binding to 127.0.0.1:5000 when deploying my ML model, and what address should I use instead?",84301e35dd
Gunicorn throws an error on my side but waitress runs — is this a port/bind issue?,84301e35dd
What host and port usually work for serving the model so the client stops failing with connection errors?,84301e35dd
How do I get md5sum working on macOS if it isn't installed by default?,f884543e2c
What Homebrew package should I install to use md5sum on a Mac?,f884543e2c
"After installing the hash tool on macOS, how do I check whether a file matches a given MD5 hash?",f884543e2c
Is there a simple command to compare model1.bin and dv.bin hashes on macOS?,f884543e2c
What do I need to run on a Mac so I can use md5sum from the terminal?,f884543e2c
How can I run a Python script that sends a request to my web server if the server is already running in one terminal?,de0726d5ea
Do I need to stop the web server first before running another script that calls it?,de0726d5ea
What’s the easiest way to test a server with a separate Python script while it’s still active?,de0726d5ea
Can I use a second terminal to run a client script against a server that’s already open in the first one?,de0726d5ea
"If my server is running in Command Prompt or PowerShell, how do I execute another script to make requests to it?",de0726d5ea
Why do I get a warning about unpickling DictVectorizer from scikit-learn 1.1.1 while my env is using 0.24.2 when I start gunicorn?,e8e58afd7b
How can I fix the version mismatch error when loading a saved model and DictVectorizer in my pipenv app?,e8e58afd7b
Do I need to use the exact same scikit-learn version that was used to train the model before running predict:app?,e8e58afd7b
What should I check if my trained model loads but I see a warning about incompatible scikit-learn versions?,e8e58afd7b
Is there a way to avoid breaking results when unpickling a model trained with a different scikit-learn release?,e8e58afd7b
"Why am I getting a Pipenv ValidationError that mentions both python_version and python_full_version after pipenv install, and how do I fix it?",8a8f00802a
"In my Pipfile I see both python_version and python_full_version set, but pipenv install fails — which one should I remove?",8a8f00802a
What should I do if pipenv says python_full_version must not be present with python_version?,8a8f00802a
"After editing the Pipfile to solve the version conflict, do I need to run something to regenerate the lock file?",8a8f00802a
"Can I keep both python_version and python_full_version in Pipfile, or is that what causes the install error?",8a8f00802a
Why does Docker say my Pipfile.lock is out of date when I build the image?,554fac782d
"How can I fix the ""Expected ... out of date"" error from pipenv during docker build?",554fac782d
Do I need to delete Pipfile.lock and run pipenv lock again before rebuilding the container?,554fac782d
What should I do if pipenv aborts deploy because the lock file version doesn't match?,554fac782d
Is removing the pipenv environment and recreating Pipfile/Pipfile.lock a good way to solve Docker build failures?,554fac782d
Why can’t I see the Elastic Beanstalk environment I created locally when I log into AWS?,03331f413e
Could this just be an AWS region issue if my environment is missing?,03331f413e
Which AWS region should I check for the Beanstalk environment in this module?,03331f413e
"I finished setting up the environment, but it doesn’t show up in AWS—what am I missing?",03331f413e
Do I need to switch to eu-west-1 to find my deployment in the AWS console?,03331f413e
"I installed waitress on Windows, but Git Bash says `waitress-serve: command not found`. What am I missing?",f580e98fdc
How do I make `waitress-serve` work in Git Bash after `pip install waitress` on Windows?,f580e98fdc
"Pip says `waitress-serve.exe` was installed, but Git Bash still can't find it. How do I add it to PATH permanently?",f580e98fdc
"Do I need to edit `.bashrc` to use `waitress-serve` from Git Bash on Windows, and what path should I add?",f580e98fdc
"If I'm using `uv`, do I still need to add the Python Scripts folder to PATH for `waitress-serve`?",f580e98fdc
Why do I get the warning that LANG is not set when I install scikit-learn with Pipenv in the ml-zoomcamp conda env?,8b15cafd96
"Is the LANG environment variable issue a real problem, or can I just ignore it and keep going?",8b15cafd96
What should I change in my bash profile if I want to get rid of the LANG not set warning?,8b15cafd96
I saw a warning about LANG while using Pipenv in the course setup — does it break the install of scikit-learn 1.3.1?,8b15cafd96
How can I fix the LANG-related warning that appears during package install in the machine learning zoomcamp environment?,8b15cafd96
What terminal app was used in the Week 5 videos for Module 5?,0e2b70a390
Which Windows Terminal download link should I use for the Week 5 course videos?,0e2b70a390
Is there a specific terminal recommended for the deploying machine learning models section?,0e2b70a390
Where can I get the terminal shown in the Week 5 lessons?,0e2b70a390
Can you share the app link for the terminal used in Week 5?,0e2b70a390
"Why does waitress-serve say ""Malformed application 'q4-predict:app'"" when I try to run my Flask app?",748ffe7992
I get a ValueError importing the module with waitress-serve and it complains about the app name format — what am I doing wrong?,748ffe7992
"Can waitress load a Python file named with a dash, like q4-predict.py, or do I need to rename it?",748ffe7992
How should I name my Python module if I want to use waitress-serve with an app object inside it?,748ffe7992
What’s the fix for the malformed application error when the command uses q4-predict:app?,748ffe7992
How can I quickly test an HTTP POST request from the command line without writing a script?,cde1c48afc
What’s the easiest way to send JSON data to my local API endpoint using curl?,cde1c48afc
Can I pipe a JSON file or echo output directly into a curl POST request?,cde1c48afc
What does the curl command look like if I want to hit /predict with a JSON payload from the terminal?,cde1c48afc
"Does curl have a built-in option for posting JSON, and how would I use it on Linux, Mac, or WSL2?",cde1c48afc
Why do I get the NotSupportedError when I run `eb local run --port 9696` with Elastic Beanstalk Docker?,5ba1e7ba64
What should I change in `.elasticbeanstalk/config.yml` so `eb local` works again?,5ba1e7ba64
"Do I need to re-run `eb init` to fix the `eb local` platform error, and which option should I pick?",5ba1e7ba64
"Can I fix the `eb local` problem by changing the `-p` value in `eb init`, and what should it be?",5ba1e7ba64
"What is the quickest way to get rid of the error that says `eb local` only works with preconfigured, generic, or multicontainer Docker platforms?",5ba1e7ba64
Why do I get No connection adapters were found for 'localhost:9696/predict' in requests?,4d94846cbe
How should I write the URL for my predict endpoint so requests can connect to it?,4d94846cbe
Does requests need http:// in front of localhost:9696/predict?,4d94846cbe
Why is localhost:9696/predict failing unless I add the protocol scheme?,4d94846cbe
"Can I use HTTP://localhost:9696/predict, or does the scheme have to be lowercase?",4d94846cbe
Why do I keep getting the same prediction result when I run the Docker image?,cee7450404
"If my output never changes, could I be using the wrong model in my file?",cee7450404
"When testing predictions in Docker, what should I check if the result stays identical?",cee7450404
Do I need to change the model used in the code after downloading it and the Python version?,cee7450404
What’s the first thing to verify if my Docker model test always gives the same answer?,cee7450404
"My Docker image builds fine, but when I try to start the container it fails with unable to start the container process. What should I check first?",6d91bd8f56
"Could this error be caused by missing Python packages in my image, and do I need to install gunicorn with pipenv?",6d91bd8f56
"Do I need to enter the pipenv shell before building and running the Docker image, or can I skip that step?",6d91bd8f56
What is the right way to make sure all the dependencies are available when I run my container?,6d91bd8f56
"If my container won’t launch after I built the image, how do I verify that the Pipfile has everything needed for Docker?",6d91bd8f56
How can I copy a file from my laptop into a running Docker container?,f5b6e3f04b
What's the command to move a local directory into a Docker container path?,f5b6e3f04b
Is there a way to transfer files from my machine to a container without rebuilding the image?,f5b6e3f04b
How do I use docker cp to send local files into a container?,f5b6e3f04b
"Can I copy a folder from my computer into a Docker container, and what does the syntax look like?",f5b6e3f04b
How can I bring files from my laptop into a Docker container without mounting a volume?,993a359b90
What’s the right Dockerfile syntax to copy a Python file and a saved model into the container?,993a359b90
Can I use Docker to move files from a source folder into the container’s current working directory?,993a359b90
What command should I use if I want to copy local files into an existing Docker container?,993a359b90
How do I add `predict.py` and `xgb_model.bin` from a folder into `./` inside the container?,993a359b90
Why does `eb local run` fail with `NotSupportedError` after using `eb init -p docker ...`?,9e5f381432
What should I use instead of `eb init -p docker tumor-diagnosis-serving -r eu-west-1` so Elastic Beanstalk detects my Dockerfile?,9e5f381432
Is there a different Elastic Beanstalk platform option for Docker on Amazon Linux 2 that works with this setup?,9e5f381432
How can I fix the environment creation issue when the command from the video doesn't recognize my Docker container?,9e5f381432
Why does switching the platform to `Docker running on 64bit Amazon Linux 2` make `eb local run --port 9696` work?,9e5f381432
Why does Elastic Beanstalk say both Dockerfile and Dockerrun.aws.json are missing when I run eb create for my app?,01514d66d5
What should I check if AWS Elastic Beanstalk deployment fails with a missing Dockerfile error from the source bundle?,01514d66d5
Do I need to commit my Dockerfile before creating an Elastic Beanstalk environment with eb create?,01514d66d5
How can I fix the Elastic Beanstalk error about no Dockerfile or Dockerrun.aws.json being found in my project?,01514d66d5
"I added my Dockerfile locally, but eb create still fails on AWS — what am I missing in Git?",01514d66d5
"Why does `eb create` say Git can’t find the HEAD, and how do I fix it?",d66d501514
Do I need at least one commit before launching an Elastic Beanstalk environment?,d66d501514
What should I do if my project folder isn’t a Git repo when I run `eb create`?,d66d501514
How can I get out of a detached HEAD state before deploying with EB?,d66d501514
"If `eb create` fails with the HEAD error, do I need to run `eb init` again after making a Git commit?",d66d501514
Why is `eb create` ignoring my Dockerfile edits when I haven’t committed yet?,57ec9fbb5d
Do I really need to make a git commit before Elastic Beanstalk picks up my latest Docker changes?,57ec9fbb5d
Is there a way to deploy staged changes with EB instead of only the last commit?,57ec9fbb5d
What should I do if the Docker image build fails during `eb create` but I still want to deploy it?,57ec9fbb5d
How can I push local Dockerfile changes to EB without committing them first?,57ec9fbb5d
How do I fix the `eb create` error about Auto Scaling launch configuration not being available in my account?,6ae0381ba8
Is there a way to make Elastic Beanstalk use launch templates instead of launch configurations when creating an environment?,6ae0381ba8
What should I run in Elastic Beanstalk if `eb create` fails with the message saying to use launch templates?,6ae0381ba8
Do I need to turn on Spot when creating my Beanstalk app to avoid the launch configuration issue?,6ae0381ba8
"When the `eb create` wizard asks about load balancer and Spot Fleet, what options should I pick to get past this error?",6ae0381ba8
Why am I suddenly getting an error about using launch templates instead of launch configurations when I try to set up an Auto Scaling group on AWS?,a6755bdf4d
"Did AWS stop supporting launch configurations for new EC2 Auto Scaling accounts starting October 1, 2024?",a6755bdf4d
What's the reason AWS is replacing launch configurations with launch templates for Auto Scaling?,a6755bdf4d
How do launch configurations and launch templates differ in the context of EC2 Auto Scaling on AWS?,a6755bdf4d
Is the fix for that Auto Scaling error just to switch my setup from a launch configuration to a launch template?,a6755bdf4d
Why do I get a VPC configuration error after running `eb create churn-prediction-env` on Elastic Beanstalk?,cc8c2d4b32
How can I fix the AWS Elastic Beanstalk deployment issue when the selected region doesn’t have a default VPC?,cc8c2d4b32
Where in the AWS Console do I check whether a default VPC exists for my region?,cc8c2d4b32
What should I do if I open VPC in AWS and see that there are no VPCs at all?,cc8c2d4b32
"After creating the default VPC, do I need to run the Elastic Beanstalk create command again?",cc8c2d4b32
Why do people use Gunicorn instead of the default Flask server when running a model in Docker?,11f27e4673
What makes Gunicorn a better choice for production than Flask’s built-in development server?,11f27e4673
How does Gunicorn help if my Flask app has to deal with several requests at the same time?,11f27e4673
What should I put in the Dockerfile CMD to start a Flask app with Gunicorn on port 9696?,11f27e4673
"Is Gunicorn mainly about speed, or does it also make a Flask app more stable in production?",11f27e4673
Why am I getting the warning that Python 3.12 was not found and it can’t use pyenv or asdf to install it?,c8d2668615
"My Pipfile says Python 3.12, but Docker seems to be using an older Python version — how do I fix that mismatch?",c8d2668615
What should I change in my Dockerfile if the container is still on something like python:3.8.12-slim but the project expects 3.12?,c8d2668615
Do I need the Python version in the Pipfile and the one in the Docker image to be exactly the same?,c8d2668615
What’s the right base image to use in Docker when the project requires Python 3.12?,c8d2668615
How can I make Pipenv use Python 3.11 instead of my default Python version?,a173b94288
Is there a way to point Pipenv to a specific Python interpreter that I installed separately?,a173b94288
"Do I need to install Python 3.11 first before using it with Pipenv, and if so, how should I do that?",a173b94288
"If my system already has Python 3.11 from apt or brew, how do I make Pipenv use that exact path?",a173b94288
Why does Pipenv seem to ignore my chosen Python version when I run it from another virtual environment?,a173b94288
"If Pipenv keeps hanging while locking, would doing the homework in GitHub Codespaces help?",a75f85c9da
Is there a faster way to work on Homework 5 if my local machine is super slow with Pipenv?,a75f85c9da
Has anyone tried GitHub Codespaces for Module 5 assignments instead of running everything locally?,a75f85c9da
"Could the issue be my computer resources, and would Codespaces be enough for this homework?",a75f85c9da
What’s a good workaround when Pipenv takes forever to create the lock file for this course?,a75f85c9da
How can I turn a Jupyter notebook into a .py file from the terminal?,9db5014252
Is there a quick way to export a notebook as a Python script in Jupyter itself?,9db5014252
What command do I run to convert notebook.ipynb into a Python script?,9db5014252
Where do I find the option to save a notebook as an executable script?,9db5014252
"After exporting a notebook to a script, where does the downloaded file usually go?",9db5014252
Is there any real difference between starting the app from the Python script and launching gunicorn yourself?,e842ae080e
"If I use the Python file to spin up the server, am I getting a different setup than when I run gunicorn directly?",e842ae080e
"Do both ways of running the service actually do the same thing, or is one better for deployment?",e842ae080e
Why would I bother using the script if gunicorn can start the server on its own?,e842ae080e
"When I start the server through the Python file, is it just saving me some typing compared with calling gunicorn directly?",e842ae080e
"How do I fix the ""No module named ping"" error in Python?",1b08427cd4
Why am I getting an error that says there is no module called ping?,1b08427cd4
"If Python can't find ping, do I need to import it from the file where it's defined?",1b08427cd4
What's the right way to use ping when the module isn't recognized in my environment?,1b08427cd4
Should I do `from some_file import ping` instead of importing ping as a module?,1b08427cd4
"Why am I getting `exec: ""gunicorn"": executable file not found in $PATH` when I run my Docker container?",80a2e18431
What should I add to my `Pipfile` if Docker says it can't find `gunicorn` inside the container?,80a2e18431
Do I need to install `flask` too when fixing the `gunicorn` not found error in Docker?,80a2e18431
"After updating dependencies in the `Pipfile`, what are the next steps before rebuilding the Docker image?",80a2e18431
How do I rebuild and run the container once I’ve added `gunicorn` and `flask` and updated the lock file?,80a2e18431
Can I rely on a pre-trained model and mostly work on deployment for the project?,fca4671a69
Is it okay if I don’t train a model from scratch and just fine-tune an existing one?,fca4671a69
"If I only use an off-the-shelf model with no retraining, will I lose points?",fca4671a69
Do I need to include some kind of training step even if my focus is deployment?,fca4671a69
"Can I still pass if my project uses a pre-trained model, as long as the rest is solid?",fca4671a69
How do I start my FastAPI app with uvicorn if my model is saved in a pickle file and I want it to listen on a local port like 9696?,69e5f9cbf8
I keep getting startup errors when running FastAPI for my Python pickle model — what’s the right uvicorn command and app syntax?,69e5f9cbf8
What should the uvicorn command look like when my FastAPI script is named something like `your_script_fastapi_app.py` and I want to serve it locally?,69e5f9cbf8
"Why does `uvicorn` fail to launch my FastAPI server, even though the app object is defined in my script?",69e5f9cbf8
"How can I check whether my FastAPI deployment is working on `localhost:9696`, and what should I do if the port is already taken?",69e5f9cbf8
"Why do I get a warning about unpickling an estimator made with a different scikit-learn version, and is it actually safe to use the model?",2d5c32331e
My model loads with a version mismatch warning in sklearn — should I just ignore it or can it break later?,2d5c32331e
How do I fix the 'Trying to unpickle estimator from version X.Y.Z when using version A.B.C' warning in deployment?,2d5c32331e
What version of scikit-learn should I install in my app if the saved model was pickled with another one?,2d5c32331e
"If I don’t know which sklearn version was used to pickle the model, what’s the best way to make it work in production?",2d5c32331e
"Why does pipenv keep failing with ""Failed to lock Pipfile.lock"" or saying my Python version wasn’t found?",91b5235316
What should I do if the Pipfile is set to a Python version I don’t have installed on my machine?,91b5235316
"Do I need to install the exact Python version from the Pipfile, or can I change the `[requires]` section to match what I already have?",91b5235316
"If `pipenv install` is hanging forever or taking too long to resolve, what’s the quickest way to reset everything and try again?",91b5235316
"Is there a better place to run this setup, like Codespaces, if pipenv is too slow or keeps breaking locally?",91b5235316
Why am I getting `ModuleNotFoundError: No module named 'numpy._core'` when I start my app with gunicorn or waitress?,fe5fb33959
Could this error be caused by a mismatch between the NumPy version used to train the model and the one in my deployment environment?,fe5fb33959
What should I do if the model was saved with NumPy 2.x but my server only has an older NumPy version installed?,fe5fb33959
Is it better to upgrade NumPy or downgrade to something like `numpy==1.24.3` and pickle the model again?,fe5fb33959
"When deploying with Docker and `pipenv install --system --deploy`, do I need to make sure the lockfile pins the same NumPy and sklearn versions as the training environment?",fe5fb33959
"Why do I get ""gunicorn: executable file not found in $PATH"" when I run my Docker container?",bbabf5b235
How can I fix the missing gunicorn error inside the image?,bbabf5b235
Do I need to add gunicorn to Pipfile before rebuilding the container?,bbabf5b235
Why is gunicorn not installed even though the app works locally?,bbabf5b235
"If I'm on Windows, do I need to do anything different for waitress or gunicorn?",bbabf5b235
How do I fix the Docker platform mismatch on an M1/M2/M3 Mac when it says the image is linux/amd64 but my machine is arm64?,15daf894c7
"Why does my container on Apple Silicon start with an 'executable not found' error, even though the image builds fine?",15daf894c7
Do I need to specify linux/amd64 for both docker build and docker run on a Mac with Apple Silicon?,15daf894c7
Can I make a Dockerfile always use amd64 instead of adding --platform every time I build or run it?,15daf894c7
"If Docker still won’t run properly on my Apple Silicon laptop, what’s the easiest workaround?",15daf894c7
Why is the Docker image size I see locally different from the homework choices for this module?,7fd7378773
My `docker images` size doesn't match any answer option — is that expected?,7fd7378773
Does Docker Hub show the same image size as `docker images` on my machine?,7fd7378773
"In the homework, if two image size options look equally close, which one should I choose?",7fd7378773
Why can Docker image sizes vary between different computers or Docker versions?,7fd7378773
Why does my `eb create` keep failing with “Creating Auto Scaling launch configuration failed” and telling me to use launch templates now?,f6dbc97ce3
What should I do in Elastic Beanstalk if launch configurations are no longer supported and my environment won’t get created?,f6dbc97ce3
Is there a quick fix for EB create errors caused by AWS deprecating launch configurations in October 2024?,f6dbc97ce3
Do I need to change my `eb create` command to make Elastic Beanstalk use launch templates instead of launch configurations?,f6dbc97ce3
"In the `eb create` wizard, what option do I need to say yes to so it creates the environment successfully?",f6dbc97ce3
"Why am I getting ""NotSupportedError"" when I try to use `eb local` with the default Docker platform?",55c1151596
How can I make `eb local` work again in Elastic Beanstalk without switching away from Docker?,55c1151596
Do I need to re-run `eb init` or edit the Elastic Beanstalk config to use `eb local` locally?,55c1151596
Which `awsebcli` version should I install if the latest one breaks `eb local`?,55c1151596
Is there a good replacement for `eb local` if I just want to test my app in Docker on my machine?,55c1151596
Why does Elastic Beanstalk ignore my AWS profile after `eb init`?,675f59049a
How do I make `eb init` use the right AWS region?,675f59049a
Is there a way to force `eb init` to use a specific profile and region?,675f59049a
"`eb init` keeps picking the wrong region, what should I pass in the command?",675f59049a
What is the correct `eb init` syntax if I want to set both profile and region explicitly?,675f59049a
"Can I build the project with FastAPI instead of Flask, or do I have to stick to Flask?",2aa1a84ee3
"The course uses Flask for deployment, but would it be okay if I use FastAPI for my project instead?",2aa1a84ee3
"If I choose FastAPI for the final project, is that accepted, and should I mention it somewhere for reviewers?",2aa1a84ee3
"Is FastAPI a valid alternative to Flask in Module 5, or is Flask required for grading?",2aa1a84ee3
"For the deployment project, can I go with FastAPI as long as I explain the choice in the README?",2aa1a84ee3
"Why do I get `ConnectionRefusedError` when `predict-test.py` tries to call my Flask app, and what should I check first?",07c4486da9
"My Flask server seems fine, but the test script still can’t connect on port 9696 — could this be a host or port mismatch?",07c4486da9
Should I use `localhost` or `127.0.0.1` for the Flask URL in `predict-test.py` if I keep getting connection refused?,07c4486da9
How can I tell if my Flask process is actually running and reachable before debugging the Python test script?,07c4486da9
"On Windows, what can I do if Flask on `:9696` gives connection refused or looks blocked?",07c4486da9
Should I use the Pipenv + Flask lectures or the uv + FastAPI workshop for Module 5 in the current cohort?,29ada2d598
Which deployment path is the one the homework is based on: the old Flask/Pipenv version or the new uv/FastAPI workshop?,29ada2d598
"Why are there two different setups in Module 5, and which one should I actually follow now?",29ada2d598
"Is the Flask + Pipenv material still useful, or is the uv + FastAPI workshop the official version for deployment?",29ada2d598
"For Module 5 deployment, do I need to study both versions, or can I just stick with the workshop in 05-deployment/workshop/?",29ada2d598
"Why does pyproject.toml still show dependencies = [] after I run uv add, even though uv.lock has the package?",65cbd9be62
Do I need to edit pyproject.toml by hand if uv.lock already contains the dependency from uv add?,65cbd9be62
What command should I run to make pyproject.toml and uv.lock match again after adding a package with uv?,65cbd9be62
"Can this happen if I run uv add from the wrong folder, and how do I fix it?",65cbd9be62
Is uv sync the right step after uv add when the dependency appears only in uv.lock?,65cbd9be62
Why do I get `ModuleNotFoundError: No module named 'sklearn'` when I run Homework 5 in Docker?,0767b0bd38
What should I add to my Dockerfile so the dependencies get installed for the Python that starts in the container?,0767b0bd38
Do I need to set `WORKDIR /code` before running `uv sync` in the Zoomcamp model image?,0767b0bd38
"Should I copy `pipeline_v2.bin` into my image, or is it already there in the base container?",0767b0bd38
My container builds fine but sklearn is still missing at runtime — what am I doing wrong with `uv` and the base image?,0767b0bd38
How do I get my Dockerized ML API onto Render’s free tier without using a credit card?,aa92a4f1b1
What should I do first before deploying my image to Render from Docker Hub?,aa92a4f1b1
"When I create a Render Web Service from an existing image, what start command should I use and how do I handle the port?",aa92a4f1b1
Why does my Render app take so long to respond after it hasn’t been used for a while?,aa92a4f1b1
"Can I just use Docker Hub as the deployment, or do I still need Render or another runtime?",aa92a4f1b1
"Why does `docker pull svizor/zoomcamp-model` fail with a manifest unknown error, and how do I fix it?",a5ee2dc890
"When I run `docker pull` for `svizor/zoomcamp-model`, it says `latest` is not found — what tag should I use?",a5ee2dc890
Docker keeps trying to pull `svizor/zoomcamp-model:latest` and fails. Is there a specific version tag I should specify?,a5ee2dc890
I’m getting `manifest for svizor/zoomcamp-model:latest not found` on pull. What command should I use instead?,a5ee2dc890
What’s the correct way to pull the Zoomcamp model image if the default tag doesn’t exist?,a5ee2dc890
Why do I get `failed to compute cache key` with `/model2.bin` not found when building the Docker image?,32c95df124
"I only copied `model1.bin` and `dv.bin`, but `COPY [""model2.bin"", ""dv.bin"", ""./""]` breaks in Git Bash on Windows — what’s going on?",32c95df124
"Is `model2.bin` supposed to exist in this homework, or did I miss a step before using it in the Dockerfile?",32c95df124
"What’s the workaround for the `COPY [""model2.bin"", ""dv.bin"", ""./""]` error in MINGW64 on Windows?",32c95df124
"Does using `COPY [""*"", ""./""]` make sense here, and why does it fix the missing file problem?",32c95df124
"For module 5 homework Q6, which files should I use for the model and the DictVectorizer?",3ab0a03ad2
"In the provided image, what are the names of the model and dv files I need for question 6?",3ab0a03ad2
Which model and DictVectorizer come with the `svizor/zoomcamp-model:3.10.12-slim` image for homework Q6?,3ab0a03ad2
"For Q6, do I need `model2.bin` and `dv.bin`, or some other files?",3ab0a03ad2
What are the correct model and vectorizer to load for homework question 6?,3ab0a03ad2
"Do I need to change my code for the new Docker pipeline in the homework, or can I keep using the old one?",0b60cbb594
What file should I load now for the homework pipeline instead of the old pipeline_v1.bin?,0b60cbb594
How should I update the pickle loading code for the new pipeline file in Module 5 homework?,0b60cbb594
"Since the instructions mention a new pipeline, is pipeline_v2.bin the one I should use in my script?",0b60cbb594
Can you show the code change needed to load the updated pipeline file for the homework?,0b60cbb594
How can I run the homework on an M1 Mac if I’m not using Docker Desktop and switched to lima instead?,fa4068ee43
What do I need to do in lima so Docker uses the new instance for this module?,fa4068ee43
"Which base image should I use for the model, and is there anything special about the platform setting?",fa4068ee43
"If my built image won’t run on M1, what’s the easiest workaround to make it work?",fa4068ee43
Do I need to change Docker context or just add a platform flag when starting the container on Apple Silicon?,fa4068ee43
Why am I getting TypeError in XGBoost when I pass `dv.get_feature_names_out()` into `xgb.DMatrix`?,091cf6f73e
Do I need to convert the feature names to a Python list before creating a DMatrix?,091cf6f73e
What changed in newer XGBoost versions that makes `feature_names` fail with a NumPy array?,091cf6f73e
How can I fix the error about expecting a sequence of strings for feature names in my notebook?,091cf6f73e
Is there a simple replacement for `feature_names=dv.get_feature_names_out()` that works now?,091cf6f73e
"How can I read a CSV in pandas so that the string ""None"" stays as a normal value and doesn't turn into NaN?",dc86b83814
"Is there a way to stop pandas from treating ""None"" as missing when I load a CSV file?",dc86b83814
"What `read_csv` settings should I use if I want pandas to keep ""None"" as a string instead of converting it to NaN?",dc86b83814
"How do I tell pandas which values are missing while making sure ""None"" is not included in that list?",dc86b83814
"When importing a CSV with pandas, how can I disable the default NaN detection and only mark specific strings like empty cells, `NaN`, or `null` as missing?",dc86b83814
"Why doesn’t %%capture output seem to work in Google Colab for HW 06 Q6, and what can I use instead?",c6f2a2afe5
How do I redirect stdout with io.StringIO so I can save the xgboost training output in Colab?,c6f2a2afe5
"In Alexey’s parser, do I need to change output.stdout.strip().split('\n') to something else when passing captured text?",c6f2a2afe5
What’s the full workaround for getting the eta=0.3 xgboost logs and then parsing them into a dataframe?,c6f2a2afe5
"After training the model in Colab, how do I read the captured output and run parse_xgb_output on it?",c6f2a2afe5
How can I get the train and validation AUC from XGBoost without parsing the console output?,7ec4b76943
Is there a built-in way in XGBoost to save training and validation metrics during boosting?,7ec4b76943
"What does the `evals_result` argument do in XGBoost, and how do I use it?",7ec4b76943
How can I keep XGBoost metric values in a dataframe so I can plot them later?,7ec4b76943
"In the XGBoost lesson, what’s the simplest way to track training and validation performance across trees?",7ec4b76943
How do I use random forest for a regression task in scikit-learn?,049c4cee4e
What estimator should I create if I want a random forest model for predicting numeric values?,049c4cee4e
Is there a regressor version of RandomForestClassifier in scikit-learn?,049c4cee4e
Which scikit-learn class should I use for random forest regression instead of classification?,049c4cee4e
How can I build a random forest model for a continuous target in scikit-learn?,049c4cee4e
"Why do I get `ValueError: feature_names must be string, and may not contain [, ] or <` when I create a DMatrix for train/validation?",b78f247dc5
How can I fix the DMatrix error caused by weird feature names like `=` or `<`?,b78f247dc5
"Do I need to rename my feature list before passing it to XGBoost, and what replacement works?",b78f247dc5
What should I change in `dv.feature_names_` if the names include `=<` and XGBoost complains?,b78f247dc5
Is there a simple way to clean feature names so `DMatrix` stops throwing that feature_names error?,b78f247dc5
Why am I getting a TypeError when I pass `dv.get_feature_names_out()` into `xgb.DMatrix(feature_names=...)`?,23f66acd0a
"I used `list(dv.get_feature_names_out())`, but XGBoost still complains — what am I missing?",23f66acd0a
What does the ValueError about `feature_names` not allowing `[` `]` or `<` mean in XGBoost?,23f66acd0a
How do I fix XGBoost if my DictVectorizer feature names contain things like `ocean_proximity=<1H OCEAN`?,23f66acd0a
"Do I really need to set `feature_names` on `xgb.DMatrix`, or can I skip it?",23f66acd0a
How do I install XGBoost in a Jupyter notebook for this course?,bc2d83ddc7
What’s the pip command to get xgboost installed quickly?,bc2d83ddc7
Do I need a newer version of pip before installing XGBoost?,bc2d83ddc7
How can I upgrade pip if xgboost won’t install because of the version?,bc2d83ddc7
Where can I find the official XGBoost installation instructions?,bc2d83ddc7
"In XGBoost, what does eta actually mean?",c33a1ac422
"Is eta just the learning rate in XGBoost, or does it do something else too?",c33a1ac422
How does changing eta affect the way XGBoost learns during training?,c33a1ac422
Why do people tune eta when training an XGBoost model?,c33a1ac422
What role does eta play in gradient descent inside XGBoost?,c33a1ac422
How does bagging work in Random Forest compared to boosting in XGBoost?,11783b6524
"Why are Random Forest models trained in parallel, while XGBoost models are trained one after another?",11783b6524
"In ensemble learning, what’s the practical difference between averaging/voting and learning from previous errors?",11783b6524
"Does boosting always beat bagging, or can bagging still be the better choice sometimes?",11783b6524
What’s the main idea behind bootstrap aggregation versus the sequential weighting used in boosting?,11783b6524
How can I capture stdout for each loop iteration separately instead of grabbing the whole loop output at once?,609792b49e
Is there a way to store each print output from a for-loop into a dictionary in Python?,609792b49e
Why does %%capture only save the full output of my loop and not each iteration on its own?,609792b49e
How do I save XGBoost training logs for different eta values without rerunning the cell or changing the code manually every time?,609792b49e
What’s the easiest way to capture output from inside a loop using IPython or Jupyter?,609792b49e
"Why am I getting ""ValueError: continuous format is not supported"" when I call roc_auc_score in this module?",3a1f2deaa8
How should I pass the true labels and predictions to roc_auc_score so AUC works correctly?,3a1f2deaa8
I tried to compute AUC with roc_auc_score and got an error about continuous format — what is the fix?,3a1f2deaa8
"When calculating ROC AUC in the decision trees/ensembles section, what order should the actuals and predictions go in?",3a1f2deaa8
"My roc_auc_score call breaks with that ValueError. Do I need to swap the arguments, and what does the correct code look like?",3a1f2deaa8
How can I visualize a decision tree in scikit-learn?,04109cf821
Is there a simple way to plot a tree model with sklearn instead of reading the text output?,04109cf821
What do I use with Graphviz to draw a decision tree from scikit-learn?,04109cf821
"Can I use sklearn's plot_tree to see the tree structure, and how does it work?",04109cf821
What are the common ways to generate a visual of a decision tree model?,04109cf821
"Why am I getting ""ValueError: Unknown label type: 'continuous'"" when I fit my decision tree model?",2ab69926dc
Is this error caused by using a classifier on a regression target in scikit-learn?,2ab69926dc
Should I switch to DecisionTreeRegressor if my y values are continuous?,2ab69926dc
How do I decide between DecisionTreeClassifier and DecisionTreeRegressor for this case?,2ab69926dc
"What is the simplest fix for the ""Unknown label type: 'continuous'"" error in a tree model?",2ab69926dc
Why do I get a different AUC every time I rerun `DecisionTreeClassifier()` in Jupyter?,744f73a640
Is it normal that the AUC changes after restarting the kernel when using a decision tree?,744f73a640
How can I make my decision tree results reproducible so the AUC stays the same?,744f73a640
"I keep seeing values like 0.674, 0.652, and 0.642 for AUC on the same code — what causes that?",744f73a640
What should I change in `DecisionTreeClassifier` to stop the random variation in my evaluation?,744f73a640
How do I get the column names back from DictVectorizer after one-hot encoding a dictionary dataset?,e80cb08772
Is there a way to inspect the features created by DictVectorizer when I'm trying to understand feature importance?,e80cb08772
What method should I call on a fitted DictVectorizer to see the names of all encoded features?,e80cb08772
"Why does DictVectorizer give me a NumPy array of feature names instead of a normal Python list, and how do I turn it into a list?",e80cb08772
Do I need to fit DictVectorizer first before I can access the feature names with get_feature_names_out()?,e80cb08772
How can I plot feature importance from my model as a horizontal bar chart in Python?,fee2e5fbda
What’s the easiest way to sort feature importances and show the most important features at the top?,fee2e5fbda
How do I get the feature importance values out of my trained model and put them into a DataFrame?,fee2e5fbda
Can I use seaborn to make a horizontal bar plot for feature importance instead of a vertical one?,fee2e5fbda
What steps do I need to visualize and rank model features by importance with pandas and matplotlib?,fee2e5fbda
How do I get RMSE directly from `mean_squared_error` without doing `np.sqrt()` afterward?,7fa434b922
Is there a built-in way to return root mean squared error when using `metrics.root_meas_square()`?,7fa434b922
What should I pass to `mean_squared_error` if I want RMSE instead of MSE?,7fa434b922
Can I avoid calculating the square root separately and have the metric give me RMSE in one line?,7fa434b922
What's the simplest way to compute RMSE for `y_val` and `y_predict_val` in this module?,7fa434b922
Is there a good scikit-learn example for plotting feature importance with error bars or standard errors?,9b9e23bca0
How can I visualize feature importance in a way that also shows how stable each feature is across different model settings?,9b9e23bca0
Does sklearn have a built-in example for forest feature importances that includes uncertainty estimates?,9b9e23bca0
What’s a nice way to make feature importance plots more useful for explainability and not just ranking features?,9b9e23bca0
Can I find a feature importance graph in scikit-learn that helps compare importance variance across parameters?,9b9e23bca0
"Why am I getting an XGBoost error saying the original message is redacted when I run my app, and how do I fix it?",a51d605063
What does it mean if xgboost throws an error about sklearn needing to be installed for this module?,a51d605063
I see an xgboost.core.XGBoostError in my app instead of the real message — is this usually caused by missing sklearn?,a51d605063
How can I solve the XGBoost/sklearn error in Module 6 when the app only shows a redacted message?,a51d605063
Do I need to add sklearn to my requirements if XGBoost says it needs sklearn to use this module?,a51d605063
How do you define information gain between two variables in decision trees?,c0dcde5293
What does mutual information I(Y;X) actually mean in terms of entropy?,c0dcde5293
"If a feature gives no info about the target, what happens to information gain?",c0dcde5293
What’s the maximum possible information gain when X perfectly predicts Y?,c0dcde5293
Can you explain the formula H(Y) - H(Y|X) in simple terms?,c0dcde5293
"Why is it a problem to fill missing values on the whole dataset before splitting into train, validation, and test?",025c1ba06b
"Does imputing missing data before the split count as data leakage, and why?",025c1ba06b
What’s wrong with using the full dataset to handle missing values before training a model?,025c1ba06b
"If I replace missing values using all available rows first, am I leaking information from the test set?",025c1ba06b
"Should I split the data first and then deal with missing values, or can I do it earlier?",025c1ba06b
How can I save an XGBoost model if pickling it is giving me trouble?,8a5d89cbae
What's the easiest way to load an XGBoost model back after saving it to a file?,8a5d89cbae
Is there a different method to persist an XGBoost model instead of using pickle?,8a5d89cbae
"Can I use save_model and load_model with XGBoost, and how does that work?",8a5d89cbae
What code should I use to write an XGBoost model to disk and then restore it later?,8a5d89cbae
Why doesn’t DecisionTreeClassifier crash when my training data has NaN values in it?,c0444b72ca
"I saw an error about missing values in lesson 6.3, but now the tree model seems to accept them — what changed?",c0444b72ca
"Do DecisionTreeRegressor and DecisionTreeClassifier support missing features now, or do I still need to use fillna?",c0444b72ca
Why was .fillna(0) needed in the lesson if sklearn tree models can handle NaNs in newer versions?,c0444b72ca
"Since scikit-learn 1.3, how are missing values handled by decision tree models?",c0444b72ca
How do I match the names from my DictVectorizer with the feature importance values from a RandomForest model?,0655982228
What’s the easiest way to get a list of feature names and their importance scores so I can print them together?,0655982228
"In Python, how can I combine `dv.get_feature_names_out()` with `rf.feature_importances_` and then sort the results?",0655982228
"I have importances from a tree model, but they’re just numbers — how do I map them back to the original feature names?",0655982228
Is there a quick way to create a dictionary of feature name → importance and then display the most important features first?,0655982228
"When I start tuning XGBoost, which few parameters should I focus on first?",257c14ccec
Which XGBoost settings matter most at the beginning before I try the more advanced ones?,257c14ccec
"For a first pass with XGBoost, what are the main hyperparameters to adjust?",257c14ccec
What are the key XGBoost parameters I should tune first to avoid overfitting and get good performance?,257c14ccec
Which XGBoost params should I start with before looking at things like gamma or min_child_weight?,257c14ccec
How can I check feature importance when I trained XGBoost with xgb.train?,c2f713127c
Why do I get AttributeError: 'Booster' object has no attribute 'feature_importances_' in XGBoost?,c2f713127c
Is feature_importances_ supposed to work on an XGBoost Booster object?,c2f713127c
What should I use instead of model.feature_importances_ for xgb.train models?,c2f713127c
How do I get importance scores from an XGBoost model trained with xgb.train?,c2f713127c
Why does pandas turn the string 'None' into NaN when I load the homework CSV?,c04cf606ed
How can I read the CSV without pandas treating 'None' as missing data?,c04cf606ed
Is there a way to keep 'None' as an actual category in a column like Parent_Education_Level?,c04cf606ed
"What should I pass to read_csv if I only want '', 'NaN', and 'null' to count as missing values?",c04cf606ed
"My CSV has a real 'None' value in a categorical field, how do I stop pandas from converting it to NaN?",c04cf606ed
Why do I keep getting the same RMSE no matter what `n_estimators` I try in my Random Forest regression loop?,a9dddac58b
"Could it be that I’m not fitting the model inside the loop, so every run is scoring the same thing?",a9dddac58b
Is using `predict_proba` by mistake in a regression problem the reason my RMSE never changes?,a9dddac58b
Why does setting `max_depth=1` make every RandomForestRegressor behave like a stump and give identical results?,a9dddac58b
"What’s the correct way to rebuild, fit, predict, and compute RMSE for each `n_estimators` value?",a9dddac58b
"In homework 6 Q3, if the RMSE goes up at some value of n_estimators and then later drops lower again, which n_estimators should I choose?",66c3aaa71f
"For the RMSE question in module 6, do we use the point where RMSE first starts going up, or the one where it reaches the best overall value?",66c3aaa71f
What does it actually mean when RMSE stops improving in the tree-based model homework?,66c3aaa71f
"If RMSE levels off in Q3 of homework 6, should I take that as not decreasing anymore or just barely changing?",66c3aaa71f
How can I tell in the homework when RMSE has stopped improving with more n_estimators?,66c3aaa71f
"Can we work on the midterm or final project together, or does each person have to do their own?",04b9f695e8
"Is teaming up allowed for the course projects, or are they supposed to be individual work?",04b9f695e8
"For the mid and capstone projects, do I need to submit separately, or can I do them with a partner?",04b9f695e8
"Am I allowed to collaborate on the project itself, or only on lecture discussions and brainstorming?",04b9f695e8
"Can two students share one project submission, or must projects be completed solo?",04b9f695e8
"For the midterm and capstone in this course, are we supposed to do them alone or can we work in a group?",6e943f57bc
"Do the project assignments require solo work, or is it okay to team up with someone?",6e943f57bc
"Are midterm and capstone projects individual only, or can they be collaborative?",6e943f57bc
"Can I do the capstone with a partner, or does it have to be a solo project?",6e943f57bc
"Just to confirm, are both the midterm and capstone meant to be done by one person only?",6e943f57bc
"For the midterm project, do I need to stay within module 6 only, or can I go beyond that too?",d8f72f3007
"When it comes to the capstone, does it have to include every module from the whole cohort syllabus?",d8f72f3007
"If I want to add extra topics that weren’t taught in class, is that okay for the project?",d8f72f3007
What should I do if my project uses something that wasn’t covered during the course lectures or problem sets?,d8f72f3007
"Where can I find past office hours for older ML Zoomcamp cohorts, and how do I look them up on YouTube?",d8f72f3007
Where can I find the instructions for doing project peer reviews?,2c1cb358cb
Is there a page from earlier cohorts that explains how to review midterm projects?,2c1cb358cb
How will the project review process work for the midterm and capstone submissions?,2c1cb358cb
"Will there be a list or sheet of student projects to review, and how do I access it?",2c1cb358cb
Do I need to use a Google Sheet or some GitHub page to check which projects I should review?,2c1cb358cb
"For the learning in public part of the midterm project, do we need to do 14 separate posts, or is it enough to have 7 posts worth 2 points each?",6834d136c1
"When the total value says 14, does that mean 14 different learning-in-public posts, or just a single post totaling 14?",6834d136c1
Do I need to post every day for the midterm project and also add two extra posts for evaluating other participants’ projects?,6834d136c1
"Is the learning in public requirement for this project a total of 14 posts, including the evaluation posts, or am I misunderstanding the scoring?",6834d136c1
"For the midterm capstone-style project, how many learning in public updates are expected: 14 posts in total or 7 regular posts plus 2 more for project reviews?",6834d136c1
How can I upload a dataset that's too big for normal GitHub storage?,307139bab1
Is there a way to keep large project files in a GitHub repo without breaking upload limits?,307139bab1
What should I use if my data file is too large to push to GitHub?,307139bab1
Does GitHub have any option for storing big datasets for a machine learning project?,307139bab1
What’s the easiest solution for adding huge files to a GitHub repository?,307139bab1
How many of the midterm/capstone projects do I actually need to pass to get the course certificate?,8ea1e7e31f
"Is it enough to complete just two projects for the certificate, or do I need all three?",8ea1e7e31f
"Do I need a certain percentage or class rank to receive the certificate, or is it just pass/fail?",8ea1e7e31f
Can I earn the certificate by submitting two projects and doing the required peer reviews for each one?,8ea1e7e31f
"Are the midterm and capstone projects done alone, and how is the final decision on passing made?",8ea1e7e31f
"What kind of dataset can I use for the project, and does it need to be non-toy?",9f4011849d
"Is there a minimum size for the project dataset, like a number of rows?",9f4011849d
Do I need a dataset that lets me show the full ML workflow from prep to deployment?,9f4011849d
Can I collect my own data for the midterm or capstone project?,9f4011849d
What counts as an acceptable dataset for the project if I want to demonstrate modeling and evaluation too?,9f4011849d
"If I completed the first two projects and skipped the last one, does that mean I won't have to do two peer reviews for the second capstone?",0291007215
Do peer reviews only apply when I actually submit a project in this course?,0291007215
"If I don't submit the last project, am I still required to review other students' work?",0291007215
"For the second capstone, is it true that I only need to review peers when I turn in my own project?",0291007215
I finished the first two projects but not the third one — does that avoid the extra peer review requirement?,0291007215
"For the midterm project, what does “train multiple models” actually mean — do I need a lot of different models or just more than one?",9a458a7035
How many models am I supposed to train for Point 4 in the midterm deliverables?,9a458a7035
"Is it enough to train two models for the project, or should I keep trying more?",9a458a7035
"When the instructions say to tune and compare multiple models, is there a minimum number I should hit?",9a458a7035
"Do I need to train as many models as possible, or does the project just require that I have more than one model?",9a458a7035
"For the project grade, is passing based on the average score of the whole class, or on the points I get myself?",1480ed67d4
"Do you decide if someone passes the project from everyone’s scores combined, or just by the total I earned?",1480ed67d4
"When grading the project, is the cutoff calculated from all the scores so most students pass?",1480ed67d4
"Is the project pass/fail rule using the class-wide scores, or only my own total?",1480ed67d4
"For the midterm/capstone project, do you use everybody’s scores together to make the pass rate higher?",1480ed67d4
Do I actually need to use a neural network in the midterm project to get full points?,2a71bf594b
"Is a neural net required for the midterm, or is it just one option among others?",2a71bf594b
The rubric mentions neural networks — do I have to include one for the top score?,2a71bf594b
Can I still get maximum marks on the midterm without using any neural network?,2a71bf594b
"Is using a neural network mandatory for the project grading, or not really?",2a71bf594b
"How long does each project usually take, and what part is for building vs peer review?",e06817165e
Do I really have to do peer reviews to pass the project? How many are required?,e06817165e
What’s the grading based on for these projects—what do reviewers look at?,e06817165e
"Is the project timeline split into development time and review time, or is it all done at once?",e06817165e
What do I need to complete in the project phase to actually pass the course?,e06817165e
"Can I still do a medical final project even if I can't deploy it, and does that hurt the grade?",a71cea59c0
Is it allowed to submit a medical project for the final if deployment isn't possible?,a71cea59c0
"If I pick a medical topic for the capstone but skip deployment, will I lose points?",a71cea59c0
"For the final project, can I use a medical use case when deploying the model is not feasible?",a71cea59c0
Will my final project score be reduced if I submit a medical project without deployment?,a71cea59c0
"Can I submit a project that only uses Streamlit for deployment, or do I still need an actual service?",27b149393b
"If I build the UI in Streamlit, does that count as deployment for the project?",27b149393b
Is Streamlit enough on its own for the midterm or capstone deployment requirement?,27b149393b
Do I need Flask or FastAPI in Docker even if I already made the app with Streamlit?,27b149393b
"Can Streamlit be used for the project deployment, or is it only allowed as an extra frontend layer?",27b149393b
Can I build my project with FastAPI or PyTorch instead of the tools covered in class?,066863566f
"Is it okay to use LightGBM, CatBoost, or Hugging Face for the midterm or capstone project?",066863566f
Will my project be graded differently if I choose a framework that wasn't taught in the course?,066863566f
Do I need to explain my chosen tech stack somewhere in the project submission?,066863566f
"Is PyTorch allowed for the project now, or is it still outside the syllabus?",066863566f
"For the midterm project, is it enough to train just one model, or do I need to try a few different ones?",96e6c5ea38
How does the grading work if I only use a single model with no tuning in the midterm?,96e6c5ea38
"If I compare, say, a linear model and a tree-based model but don't do much tuning, what score does that count for?",96e6c5ea38
"Do I need to deploy every model I test, or only the final one I choose for the midterm?",96e6c5ea38
"If I tune hyperparameters for multiple models, does that change the rubric score for the midterm?",96e6c5ea38
How can I get TensorFlow working on Ubuntu WSL2 with GPU support?,89f4d77539
What steps did you use to install TensorFlow on WSL2 so it can use CUDA?,89f4d77539
Do you have any links or guides for setting up TensorFlow and CUDA on Ubuntu WSL2?,89f4d77539
"Can I also install PyTorch on the same WSL2 setup, and what CUDA version should I pick?",89f4d77539
"If I want to run CNNs faster on my local machine instead of the CPU, what should I install on WSL2?",89f4d77539
How do I set up a Kaggle notebook for deep learning with a GPU?,7ab955e247
What’s the quickest way to turn on GPU acceleration in Kaggle notebooks?,7ab955e247
How can I use a T4 GPU in Kaggle for my neural network notebook?,7ab955e247
Where do I find the accelerator option in Kaggle and how do I enable it?,7ab955e247
What steps do I need to follow to run my deep learning notebook on Kaggle with GPU support?,7ab955e247
How do I get my notebook into Google Colab for deep learning work?,76134388e5
What should I click in Colab to change the runtime and use a GPU?,76134388e5
How can I switch Colab to a T4 GPU for my notebook?,76134388e5
Where is the option for changing runtime type in Google Colab?,76134388e5
Do I need to do anything special in Colab before training a deep learning model on GPU?,76134388e5
How do I set up CUDA and cuDNN on Ubuntu 22.04 for TensorFlow GPU support?,f3254c8c94
Is there a simple guide for installing CUDA and cuDNN on Ubuntu 22.04?,f3254c8c94
What do I need to run TensorFlow with GPU locally on Ubuntu 22.04?,f3254c8c94
The CUDA/cuDNN install feels overwhelming — is there an easier step-by-step guide?,f3254c8c94
Where can I find help installing CUDA and cuDNN for TensorFlow GPU on my machine?,f3254c8c94
Why do I get `Unable to load weights saved in HDF5 format into a subclassed Model` when restoring my TensorFlow model?,7915e5968b
How can I fix the error saying the subclassed model has not created its variables yet before loading weights?,7915e5968b
Do I need to run something on the training dataset before calling `load_weights` for a saved Keras model?,7915e5968b
What does TensorFlow mean when it says my model should be called first before loading HDF5 weights?,7915e5968b
Is `model.evaluate(train_ds)` necessary before loading a subclassed model from an HDF5 file?,7915e5968b
"I’m trying to clone the clothing-dataset-small repo and I get ""Host key verification failed"" — what’s going on with the SSH clone command?",4538b68902
"Why does git clone git@github.com:alexeygrigorev/clothing-dataset-small.git fail with ""Could not read from remote repository"" on my machine?",4538b68902
Do I need to set up an SSH key before cloning the clothing-dataset-small dataset from GitHub?,4538b68902
Is there a simple workaround if the SSH version of cloning clothing-dataset-small keeps giving host key verification errors?,4538b68902
What command should I use instead of the git@github.com link to download alexeygrigorev/clothing-dataset-small without SSH issues?,4538b68902
Why do my training accuracy and loss stay almost the same across epochs?,cd934427d8
"In the homework, do I need to set class_mode to binary when loading the data?",cd934427d8
Could the issue with flat accuracy be caused by using the wrong optimizer or learning rate?,cd934427d8
Why is my model not improving much during training even after several epochs?,cd934427d8
What should I check if accuracy and loss barely change while training a neural network?,cd934427d8
Why does my model’s loss jump to 1000+ and accuracy go to about 0.5 after I add augmentation and keep training?,57e17a3e5f
"After resuming training with an ImageDataGenerator, why does my model suddenly behave like a coin flip?",57e17a3e5f
Could missing rescaling in the augmented data pipeline make training break and the loss explode?,57e17a3e5f
I added image augmentation and now the model is training terribly — what should I check first?,57e17a3e5f
"If accuracy drops to random after augmentation, is it possible I forgot the rescale step in ImageDataGenerator?",57e17a3e5f
"Why do I get ""The channel dimension of the inputs should be defined"" when I reload my TensorFlow model?",2ab8be1a97
How do I fix the None channel shape error in Keras after saving and loading a model?,2ab8be1a97
Is it necessary to set the number of channels in the Input layer for model reloading to work?,2ab8be1a97
What should the Input shape look like in TensorFlow if my images have 3 channels?,2ab8be1a97
"My model loads with shape (None, None, None, None) and then crashes — what am I missing?",2ab8be1a97
How can I unzip an image dataset in a Jupyter notebook without getting tons of output for every file?,0e58ef1736
Is there a way to hide the unzip messages when I use `! unzip` in notebook cells?,0e58ef1736
What’s the cleanest way to extract a zipped dataset in Jupyter and not spam the output area?,0e58ef1736
Can I use a magic command to unzip a dataset quietly in a notebook?,0e58ef1736
"If I have a `data.zip` file, how do I extract it in Python instead of using `! unzip`?",0e58ef1736
"In Keras, how does flow_from_directory figure out the label names for my images?",6c51e7d7bb
"If I put images into separate folders, does flow_from_directory treat each folder name as a class automatically?",6c51e7d7bb
"Do I need to create a class list manually when using flow_from_directory, or does it read the directory names itself?",6c51e7d7bb
Why does Keras know which class an image belongs to when I use flow_from_directory on a dataset organized in folders?,6c51e7d7bb
"What exactly does flow_from_directory use as class labels: the filenames, the parent folder names, or something else?",6c51e7d7bb
"In flow_from_directory with binary class mode, how does Keras decide which folder gets label 0 and which gets label 1?",98f2d2b078
"If I have two folders like dino and dragon, why does one end up as class 0 and the other as class 1?",98f2d2b078
What does a binary Keras model actually output with sigmoid at the end — is it one number or two?,98f2d2b078
"When my model gives something like 0.8 for a binary prediction, does that mean class 1 or class 0?",98f2d2b078
"What changes when using from_logits for binary classification, and why would I get two values instead of one?",98f2d2b078
Why do my accuracy and training loss numbers not match the homework exactly when I run the wasp/bee model on my Mac?,55a29a88a1
"Could the difference in my results be caused by the SGD optimizer version, and what should I check for?",55a29a88a1
I’m seeing higher accuracy and lower std than the HW answers on my laptop — is that normal for this model?,55a29a88a1
Should I try Google Colab if my wasp/bee experiment gives different metrics than the course solution?,55a29a88a1
"Would switching the runtime to a T4 GPU help me get results closer to the homework, or is this just for speed?",55a29a88a1
How can I speed up data loading when using `model.fit()` with a generator?,c0ceddd1a3
"Does `model.fit()` support multi-threading for generating training data, and which parameter controls it?",c0ceddd1a3
What is the default number of workers in `model.fit()` if I don't set anything?,c0ceddd1a3
"Should I try `workers=1` only, or can I increase it up to my CPU core count to see what runs faster?",c0ceddd1a3
Where in TensorFlow docs can I read about the `workers` option for `model.fit()`?,c0ceddd1a3
How can I make TensorFlow training results repeatable when I run the same script again?,ee14ae778d
What’s the easiest way to set a seed in TensorFlow so my model gives the same output each time?,ee14ae778d
Do I need anything besides a random seed to get deterministic training in TensorFlow?,ee14ae778d
"Why do I still get different results after setting a seed in TensorFlow, and how can I fix that?",ee14ae778d
Is there a TensorFlow setting for deterministic ops that helps with reproducible runs?,ee14ae778d
"Can I use PyTorch instead of Keras for the lesson and homework, or do I have to stick to Keras?",05c264fddf
Is PyTorch acceptable if I want to solve the homework with the same kind of model but different syntax?,05c264fddf
Do you have a PyTorch example for building a CNN from scratch like the one we use in class?,05c264fddf
"Are the Keras functions and the PyTorch ones basically doing the same thing, just with different syntax?",05c264fddf
"If I do the assignments in PyTorch, can I submit a pull request with that version?",05c264fddf
"Why does Keras throw ""Failed to find data adapter"" when I start training with an ImageDataGenerator?",ace84c3970
"In my model.fit call, should I pass the ImageDataGenerator object or the dataset returned by flow_from_directory?",ace84c3970
I keep getting an error that Keras can't handle ImageDataGenerator and NoneType — what am I passing wrong?,ace84c3970
What's the correct way to use train_ds and val_ds with model.fit after calling flow_from_directory?,ace84c3970
Can someone explain why validation_data should be val_ds instead of the generator object in Keras training?,ace84c3970
How can I make `nvidia-smi` keep refreshing by itself instead of using `watch`?,e3c5c81223
Is there a built-in way to run `nvidia-smi` in a loop every few seconds?,e3c5c81223
What command should I use if I want `nvidia-smi` to update every 2 seconds until I stop it?,e3c5c81223
Can `nvidia-smi` repeat automatically without wrapping it in another shell command?,e3c5c81223
How do I set the interval for `nvidia-smi` so it keeps printing GPU stats repeatedly?,e3c5c81223
"What’s a good way to check GPU usage from Python, kind of like htop but for the GPU?",38c419b57c
Is there a tool I can install to watch GPU processes and CPU-style utilization in real time?,38c419b57c
How do I monitor which Python jobs are using my GPU during deep learning training?,38c419b57c
What package can I use if I want an interactive viewer for GPU activity on my machine?,38c419b57c
"Is there an nvitop alternative for seeing GPU process usage live, similar to htop?",38c419b57c
"How do I figure out the input size for the first Linear layer after a CNN and Flatten, without guessing the shape by hand?",52fbe7351e
Is there an easy way to see the flattened feature count in PyTorch so I know what in_features should be?,52fbe7351e
Can I avoid calculating the post-conv dimensions myself and let PyTorch infer the Linear layer size automatically?,52fbe7351e
What does the feature number passed into nn.Linear actually come from after the conv/pool stack?,52fbe7351e
"If my CNN ends with something like [N, 16, 25, 25], what should the next fully connected layer’s input be?",52fbe7351e
What’s the difference between Keras Sequential and Functional API in TF2?,ddc7d09c3d
Why do some course examples use chained inputs/base/vectors/outputs instead of just adding layers one by one?,ddc7d09c3d
When would it make sense to use the Functional model API rather than a plain Sequential stack?,ddc7d09c3d
"For the homework, do I need to rebuild the whole network from scratch, or can I keep the base model separate?",ddc7d09c3d
Is there an easy Sequential model example I can look at to understand this better?,ddc7d09c3d
How do I stop TensorFlow from throwing out-of-memory errors when I run it on an Nvidia GPU?,92eac8d507
Is there a way to make TensorFlow use GPU memory more carefully so it doesn't grab everything at once?,92eac8d507
What code do I need to add in TensorFlow to reduce OOM errors on my Nvidia card?,92eac8d507
"If TensorFlow keeps running out of memory on GPU, is there some memory growth setting I should enable?",92eac8d507
"Does this TensorFlow memory growth trick also help with CPU out-of-memory issues, or is it only for GPU?",92eac8d507
"Why is my GPU suddenly out of memory when I train the model, and how did I fix it?",bc8bd71f9c
How can I check what process is using up GPU memory before training in TensorFlow?,bc8bd71f9c
What should I do if a Python job is hogging most of the GPU RAM and stopping my notebook?,bc8bd71f9c
Is `nvidia-smi` enough to find the memory leak or do I need to kill a PID too?,bc8bd71f9c
"After killing the process, how do I make sure the GPU memory is actually freed up?",bc8bd71f9c
"Why is model training so slow in Google Colab with a T4 GPU, and what can I do to speed it up?",39112d0ede
"In the `fit` function, should I change the number of workers or threads when Colab training feels extremely slow?",39112d0ede
What `workers` value should I try in Google Colab to make GPU training faster?,39112d0ede
Does increasing threads help even when I'm already using a GPU like T4 in Colab?,39112d0ede
"Is the default worker setting in Colab too low for deep learning training, and how do I fix that?",39112d0ede
"Should I still use ImageDataGenerator for loading my image data, or is there a better option now?",2584892a72
What’s the recommended way to load images in Keras instead of using ImageDataGenerator?,2584892a72
Is image_dataset_from_directory the preferred replacement for ImageDataGenerator in new TensorFlow code?,2584892a72
"After loading images with image_dataset_from_directory, how should I do preprocessing and augmentation?",2584892a72
Where can I read more about loading images and applying data augmentation with tf.data and preprocessing layers?,2584892a72
How does data augmentation help a model perform better during training?,56e523f708
What kinds of image transformations are usually used for data augmentation?,56e523f708
Why does adding flipped or cropped images make overfitting less likely?,56e523f708
"Can adjusting brightness or contrast count as data augmentation, and does it actually help?",56e523f708
How does artificially expanding the training set improve model robustness?,56e523f708
"How do I figure out the output shape of a PyTorch Conv2d layer, especially the height and width?",ad7e934f1c
"Does a Conv2d layer create one feature map per input channel, or is it based on out_channels?",ad7e934f1c
What is the formula for Conv2d output size when I use stride and padding in PyTorch?,ad7e934f1c
"If I add dilation to a conv layer, how does that change the output dimension calculation?",ad7e934f1c
Can you show a quick example of a Conv2d layer and the resulting tensor shape in PyTorch?,ad7e934f1c
Why am I getting ImportError when I try to import load_img from tensorflow.keras.preprocessing.image?,f5e5120ecb
What is the correct import for load_img in newer TensorFlow/Keras versions?,f5e5120ecb
Did the load_img function move to a different Keras module now?,f5e5120ecb
How should I update old code that uses load_img from tensorflow.keras.preprocessing.image?,f5e5120ecb
"The course video shows load_img under preprocessing.image, but my setup fails — what import should I use instead?",f5e5120ecb
"Why does `model.save_weights(...)` break in newer Keras, and what filename should I use now?",2d0e38492f
I’m getting an error when saving only weights in Keras 3 — do I need a `.weights.h5` file name?,2d0e38492f
What changed with `ModelCheckpoint` in Keras 3 for saving just weights during training?,2d0e38492f
How can I fix my checkpoint callback so it works with the new Keras version and still saves only weights?,2d0e38492f
"If I want to save the full model instead of only the weights, what format should I use now in Keras 3?",2d0e38492f
"Do I really need the CUDA version of PyTorch for this module, or is the CPU-only install enough for the homework?",f7bef3f0f8
"If I'm just following along and doing the assignments, can I stick with the smaller CPU build of torch and torchvision?",f7bef3f0f8
When should I install the CUDA build of PyTorch instead of the CPU-only one?,f7bef3f0f8
Is it okay to keep PyTorch CPU-only on my laptop and use Google Colab when I need a GPU?,f7bef3f0f8
What's the recommended PyTorch install for this course if I don't have an NVIDIA GPU on my machine?,f7bef3f0f8
Why do I get `TypeError: Unable to convert function return value to a Python type! The signature was () -> handle` when I import TensorFlow?,b14f3a1086
"Is this TensorFlow import error caused by NumPy 2.x, and what version mismatch should I look for?",b14f3a1086
What should I do if TensorFlow breaks after upgrading NumPy to 2.x in my notebook?,b14f3a1086
How can I fix the `import tensorflow` error without changing my whole setup?,b14f3a1086
"Should I upgrade TensorFlow or downgrade NumPy to solve this handle conversion error, and do I need to restart the kernel afterward?",b14f3a1086
Where can I find the model for week 9 in the Serverless Deep Learning module?,07cc362868
The original week 9 model link moved — where is it now?,07cc362868
How do I get the model files used in week 9?,07cc362868
Is there a GitHub release page for the week 9 models?,07cc362868
Which link should I use to download the models for module 9?,07cc362868
Why would I use ONNX Runtime instead of TensorFlow Serving or TorchServe for deployment?,5f69e4c975
"If I train a model in PyTorch or TensorFlow, can I export it to ONNX and serve it the same way?",5f69e4c975
What makes ONNX Runtime a good option for inference across different environments?,5f69e4c975
Does using ONNX help simplify Lambda or Kubernetes model serving setups?,5f69e4c975
What are the benefits of having one deployment path for models from different deep learning frameworks?,5f69e4c975
"Why does `echo ${REMOTE_URI}` print nothing in the serverless deep learning lab, and how do I fix it?",b634303091
"Do I need to use curly braces when checking the remote URI, or is `echo $REMOTE_URI` enough?",b634303091
How do I set the `REMOTE_URI` variable so I can log in to the registry from my terminal?,b634303091
I ran the command to show the URI but nothing came back — did I miss exporting the variable first?,b634303091
"Is `REMOTE_URI` supposed to stay saved after I close the terminal session, or do I need to set it again?",b634303091
Why does `aws ecr get-login --no-include-email` give me an invalid choice error when I try to log in to ECR?,ac62d9ccf0
What’s the right aws-cli command to get the ECR password now that `get-login` doesn’t work?,ac62d9ccf0
How do I use `aws ecr get-login-password` together with `docker login` for my ECR repo?,ac62d9ccf0
Can I replace the old `aws ecr get-login --no-include-email` command with something simpler for Docker authentication?,ac62d9ccf0
What should the login command look like if I need to set the password from aws-cli and then connect to `<ACCOUNT_NUMBER>.dkr.ecr.<REGION>.amazonaws.com/clothing-tflite-images`?,ac62d9ccf0
How can I pass a bunch of CNN parameters at once in Keras?,b1ecde8177
Is there a way to define many model parameters together instead of one by one in a CNN?,b1ecde8177
What function should I use in Keras if I want to set multiple CNN settings in one go?,b1ecde8177
How do I build a CNN with several parameters passed together using Keras?,b1ecde8177
Can Sequential in Keras be used to pass many model parameters at once?,b1ecde8177
"Why am I getting the ""load metadata for public.ecr.aws/lambda/python:3.8"" error when building my Docker image?",f14bb9c2ba
What should I do if Docker Desktop is up to date but the Amazon Python base image still fails to build?,f14bb9c2ba
Does restarting Docker Desktop and my terminal help with this metadata error?,f14bb9c2ba
How can I turn off BuildKit to fix the Docker build problem?,f14bb9c2ba
Is there a workaround for the public.ecr.aws/lambda/python:3.8 image error in serverless deep learning?,f14bb9c2ba
Why do I get the error that `'ls' is not recognized as an internal or external command` when I run `!ls -lh` in Jupyter on Windows?,c336d11260
What should I use instead of `!ls -lh` in a Windows notebook to list files?,c336d11260
Is there a Windows equivalent for the `ls` command inside Jupyter notebooks?,c336d11260
How can I check the contents of a folder in Jupyter if `!ls` fails on my Windows machine?,c336d11260
I’m on Windows and `!ls -lh` throws a batch file error — what’s the quick fix?,c336d11260
"Why do I get `ImportError: generic_type: type ""InterpreterWrapper"" is already registered!` when I import `tflite_runtime.interpreter`?",ae3626c120
"Can `tensorflow` and `tflite_runtime.interpreter` be used together in the same environment, or does that trigger the `InterpreterWrapper` error?",ae3626c120
What’s the fix for the `InterpreterWrapper is already registered` error in TensorFlow Lite Runtime?,ae3626c120
Do I need to restart the kernel before importing only `tflite_runtime.interpreter` to avoid this import error?,ae3626c120
How should I import TFLite so I don’t hit the `generic_type` / `InterpreterWrapper` registration problem?,ae3626c120
"I keep getting the pip warning during `docker build -t dino-dragon-model` — is that something I need to worry about, or can I ignore it?",1c62848f3d
"The wheel file in the video doesn’t seem to work for me. Is it because of the Python version, and how do I know which one I should use?",1c62848f3d
I copied the wheel link from GitHub but the build fails. Do I need the raw download link instead of the normal page URL?,1c62848f3d
What’s the correct `tflite_runtime` wheel for Python 3.9 in this serverless deep learning module?,1c62848f3d
"Should I upgrade pip first before building the image, and what’s the exact command for that?",1c62848f3d
"After installing awscli for the serverless deep learning module, what do I enter when I run aws configure, especially for the default output format?",52d7a5d6b2
"When AWS CLI asks for Access Key ID, Secret Access Key, region, and output format, which ones do I actually need to change?",52d7a5d6b2
"Do I need to set a default output format in aws configure, or is it fine to leave it as None?",52d7a5d6b2
"In the Zoomcamp serverless deep learning lesson, what should I put during aws configure after installing awscli?",52d7a5d6b2
"Should I accept the defaults in aws configure, and only fill in the AWS access and secret keys?",52d7a5d6b2
"Why do I get ""Object of type float32 is not JSON serializable"" only when I run my lambda in Docker, even though local tests pass?",320a5c1b9a
How can I fix the marshal response error when my model output contains NumPy float32 values?,320a5c1b9a
"In my lambda function, do I need to convert prediction probabilities to regular Python floats before returning them?",320a5c1b9a
What's the right way to make the `preds` list JSON serializable in `lambda_function.py`?,320a5c1b9a
Why does AWS Lambda complain about `Runtime.MarshalError` for a model output that looks like a normal number?,320a5c1b9a
"Why do I get ""Cannot set tensor: Got value of type UINT8 but expected type FLOAT32"" when I call `interpreter.set_tensor(input_index, X)`?",29f149ff07
What should I change if `set_tensor` complains that the input is `UINT8` but the model wants `FLOAT32`?,29f149ff07
"In module 9, why does `interpreter.set_tensor(input_index, x)` fail with a type mismatch error?",29f149ff07
"Do I need to convert `X` before passing it into TensorFlow Lite's `set_tensor`? If so, how?",29f149ff07
I’m following the serverless deep learning video and `interpreter.set_tensor` breaks on my input array — what’s the fix?,29f149ff07
How can I check a file’s size in PowerShell without opening the file properties?,8637328bbb
What’s the easiest PowerShell command to get the size of a file path?,8637328bbb
How do I print a file size in MB in the PowerShell terminal?,8637328bbb
Is there a quick way to store a file’s length in a variable using PowerShell?,8637328bbb
What command can I use in PowerShell to see how big a file is?,8637328bbb
How do Lambda container images work in practice?,5484fc22f7
Where can I learn how Lambda container images are created and used?,5484fc22f7
What docs explain Lambda function initialization with container images?,5484fc22f7
Is there a guide for the Lambda runtimes API and image setup?,5484fc22f7
Can you point me to the AWS docs for Lambda images and how they start up?,5484fc22f7
How can I deploy a Docker-based Flask app to AWS Lambda with Serverless Framework and make it available as a REST API?,6bdfe65552
What’s the easiest way to push a Lambda container image to ECR and expose it through API Gateway?,6bdfe65552
Is there a guide for running a containerized Flask service on AWS Lambda behind a REST endpoint using Serverless Framework?,6bdfe65552
How do I set up AWS Serverless Framework so my Docker image on ECR can be served via API Gateway?,6bdfe65552
Can you point me to a walkthrough for deploying a containerized Flask app to Lambda and connecting it to API Gateway?,6bdfe65552
Why does my Docker build fail on an M1 Mac when it gets to the tflite_runtime .whl install?,98e0d0b961
Is there a working direct download link for the tflite_runtime-2.14.0 wheel I should use instead of the GitHub blob URL?,98e0d0b961
Do I need to run this serverless deep learning example on an x86 machine because of the ARM issue on Apple Silicon?,98e0d0b961
How can I force docker build to use linux/amd64 so the image builds on my M1 Mac?,98e0d0b961
What exact docker run command should I use after building the image with the amd64 platform flag?,98e0d0b961
"Why do I get ""Missing Authentication Token"" when I run `python test.py` against my API Gateway endpoint?",1a166fc048
"I deployed the Lambda and API Gateway, but my local test call keeps failing with a missing token error — what am I doing wrong?",1a166fc048
How can I tell if I'm using the right API Gateway URL path for the `/predict` endpoint?,1a166fc048
What should the deployed API URL look like when testing the serverless deep learning API from my machine?,1a166fc048
"I followed the lesson on exposing the Lambda function, but the gateway request still errors out — is the issue with the endpoint URL format?",1a166fc048
"Why do I get ""Could not find a version that satisfies the requirement tflite_runtime"" when I run pip install?",8b5cf23fcf
"Is tflite_runtime not available for my OS or Python version, and how can I check which combos are supported?",8b5cf23fcf
What should I install instead if the normal tflite_runtime pip command fails in this module?,8b5cf23fcf
"Do I need to use a specific wheel file from the course repo for tflite_runtime, and where is it?",8b5cf23fcf
Can I avoid this install issue by using a Linux VM or cloud notebook like Vertex AI Workbench?,8b5cf23fcf
Why am I getting this NumPy 1.x vs 2.2.0 ImportError after installing tflite runtime for Homework 9?,2fc75f3eed
Is the tflite-runtime wheel changing my NumPy version and causing the lambda handler to crash?,2fc75f3eed
How can I stop pip from pulling in deps when I install the tflite wheel in the Dockerfile?,2fc75f3eed
What should I use instead of a normal pip install so the module won't break with NumPy 2.x?,2fc75f3eed
Do I need to install the Homework 9 tflite wheel with --no-deps to avoid this runtime error?,2fc75f3eed
"Why am I getting a Docker error like ""read-only file system"" when I run a container in this module?",fdcf991009
My Docker run command fails with an overlay2 mkdir error — how can I fix it?,fdcf991009
What should I do if Docker says it can't create an init folder under /var/lib/docker because the file system is read-only?,fdcf991009
Is restarting the Docker service the right way to solve this daemon error in serverless deep learning?,fdcf991009
How do I recover from a Docker daemon error about /var/lib/docker/overlay2 being read-only?,fdcf991009
How do I save a Docker image from my local machine into a tar file?,5d9aed1fd0
Is there a command to export a Docker image as a .tar archive?,5d9aed1fd0
"After I save a Docker image to tar, how can I inspect what files are inside it?",5d9aed1fd0
Can I view the filesystem layers of a Docker image after exporting it to tar?,5d9aed1fd0
What’s the easiest way to dump a Docker image locally and look at its layer.tar contents?,5d9aed1fd0
"My 30 GB AWS instance is full after a lot of experiments. I deleted Docker images, but the disk still seems full. What else should I run to free space?",814a8657e2
Why doesn’t removing Docker images actually give me the storage back on my AWS machine?,814a8657e2
I’m running out of space on my AWS instance during the serverless deep learning module. Is there a Docker cleanup command I should use besides deleting images?,814a8657e2
What command should I run after deleting Docker images if my AWS disk usage doesn’t drop?,814a8657e2
I’ve been experimenting a lot and my AWS instance is almost out of space. How do I properly clean up Docker leftovers?,814a8657e2
What TensorFlow version should I use for AWS deployment if I’m running Python 3.11?,71a682959a
Has TensorFlow 2.14 been confirmed to work with Python 3.11 for this deployment?,71a682959a
"If TensorFlow 2.15 gives me trouble on AWS, should I switch to an older version?",71a682959a
Which TensorFlow version is safer to try when the newer one fails in Module 9 serverless deployment?,71a682959a
"Do I need to use a supported Python version, like 3.8, if I install TensorFlow 2.4.4?",71a682959a
"Why do I get ""aws: error: argument operation: Invalid choice"" when I run `aws ecr get-login --no-include-email`?",f067a2c8e6
What should I use instead of `aws ecr get-login` to log Docker into ECR?,f067a2c8e6
How do I authenticate Docker with an AWS ECR registry now that `get-login` is deprecated?,f067a2c8e6
Can you show the current AWS CLI command for ECR login with the region and account ID filled in?,f067a2c8e6
"Is `aws ecr get-login --no-include-email` no longer supported, and what’s the replacement command?",f067a2c8e6
"What IAM policy actions do I need for the Week 9 serverless part, especially for ECR?",ec7b94d408
How do I create the AWS IAM policy for the serverless deep learning assignment in Module 9?,ec7b94d408
Which ECR permissions should be in the JSON policy so I can finish Week 9: Serverless?,ec7b94d408
I’m getting the docker-credential-desktop.exe not found error when building—what’s the fix?,ec7b94d408
Where in AWS Console do I go to add the permissions needed for the Module 9 serverless homework?,ec7b94d408
How can I fix Docker’s temporary failure in name resolution when pulling or building images?,cb7c81f796
What should I put in /etc/docker/daemon.json to make Docker use a working DNS server?,cb7c81f796
"After changing Docker DNS settings, what do I need to do to apply the config?",cb7c81f796
"Why is Docker unable to resolve hostnames, and how do I point it to Google DNS?",cb7c81f796
Is there a quick way to stop Docker name resolution errors on my machine?,cb7c81f796
"Why does my Keras .h5 model fail to load with the ""weight_decay is not a valid argument"" error, and how can I fix it?",69c624cc4e
How do I load a saved Keras model when `load_model()` complains about `optimizer_experimental.Optimizer` and empty kwargs?,69c624cc4e
Is there a way to open a `.h5` model without restoring the optimizer so the model loads correctly?,69c624cc4e
What should I change in `keras.models.load_model()` if a saved model errors out because `weight_decay` isn't accepted?,69c624cc4e
My Keras model won't load after saving in .h5 format — do I need to pass something like `compile=False`?,69c624cc4e
How can I run my AWS Lambda Docker image locally before deploying it?,8a23cfbf67
What port and URL should I use to test a Lambda container built from the AWS base image?,8a23cfbf67
How do I send a test request to a local Lambda container with curl?,8a23cfbf67
Why do I get a JSON serialization error about float32 when I test the Lambda locally?,8a23cfbf67
"If my Lambda response is not JSON serializable, what should I change in lambda_handler()?",8a23cfbf67
"Why do I get ""Unable to import module 'lambda_function': No module named 'tensorflow'"" when I run `python test.py`?",eba3d936f6
What should I change if my `test.py` still imports `tflite` from TensorFlow and the Lambda test fails?,eba3d936f6
"Is the TensorFlow package required for the serverless test script, or can I replace it with something lighter?",eba3d936f6
How do I fix the missing `tensorflow` import error in `test.py` for the deep learning lambda example?,eba3d936f6
"If `lambda_function` crashes because TensorFlow isn't installed, what import should I use instead in `test.py`?",eba3d936f6
How do I set up Docker support in Google Colab using udocker?,c4ad81910b
What commands do I need to run in Colab to install udocker as root?,c4ad81910b
Is there a quick way to check if udocker works in a Colab notebook?,c4ad81910b
Can I use Docker-like containers in Google Colab without a normal Docker install?,c4ad81910b
What should I run in Colab to test that the udocker install was successful?,c4ad81910b
"Why am I getting the error that the Authorization header is missing Credential, Signature, SignedHeaders, and X-Amz-Date/Date when I call my API Gateway endpoint?",18cb2be438
"What does the ""Missing Authentication Token"" error usually mean in API Gateway, and how can I tell if I'm hitting the wrong path or method?",18cb2be438
"Is there a simple way to test an API Gateway method from Python without using the normal URL call, maybe with boto3?",18cb2be438
How can I invoke my API Gateway POST endpoint for /test/predict and send a JSON body using a boto3 script?,18cb2be438
"Do I need to include AWS auth headers manually when testing API Gateway, or can I use test_invoke_method to check my Lambda-backed endpoint?",18cb2be438
How do I install tflite_runtime from a wheel file if the GitHub link install fails?,ffab512d4f
Is there a way to get pip install tflite_runtime working by copying the .whl into my project first?,ffab512d4f
What should I add in the Dockerfile when a wheel link for tflite_runtime won’t install directly?,ffab512d4f
Can I download the .whl locally and then install it inside Docker instead of using the GitHub URL?,ffab512d4f
What’s the simplest fix for a failed pip install of tflite_runtime from GitHub wheel links?,ffab512d4f
"Does TensorFlow Lite 2.17 work with Python 3.12 yet, or is it still unsupported?",8d914fcbe3
I’m on Python 3.12 for the serverless deep learning module — do I need to downgrade for TF Lite?,8d914fcbe3
Where can I find the 2024 update about Python 3.12 and TensorFlow Lite compatibility?,8d914fcbe3
"Has support for Python 3.12 been added in the newest TF Lite release, or not yet?",8d914fcbe3
Is there an official note or README update for the 2024 cohort about this Python 3.12 issue?,8d914fcbe3
"How do I keep track of a model that I deployed on AWS Lambda, and what tools should I look at for logs and alarms?",ed312ff54d
What Lambda metrics should I watch if my deployed model feels slow or starts failing more often than usual?,ed312ff54d
Is there a good way to trace Lambda requests end to end so I can figure out where the latency is coming from?,ed312ff54d
"After deploying a machine learning model, how can I automate retraining and push updated versions without doing everything manually?",ed312ff54d
"How do I tell if a model in production is drifting or getting worse over time, and what should I use to monitor that?",ed312ff54d
How do I start a SAM project for a Lambda container image from scratch?,69fde52a67
What should I change inside the app folder so the Lambda uses tflite-runtime instead of TensorFlow?,69fde52a67
Which files need to go into the Docker image for the Lambda function to work?,69fde52a67
How can I build the SAM app and check that the image was created successfully?,69fde52a67
What’s the easiest way to test the Lambda locally with a JSON event before deploying it?,69fde52a67
"Why does pipenv say there is no matching distribution for tflite_runtime, and how can I fix it?",dc705a3c4e
"Can tflite_runtime be installed on Python 3.10, or do I need to switch to another Python version?",dc705a3c4e
What should I do if pip cannot find any tflite_runtime release for my setup?,dc705a3c4e
Is there a wheel I can install directly from a GitHub link if the normal install fails?,dc705a3c4e
"For local testing, can I just use the TFLite that comes with TensorFlow and test my Lambda in Docker?",dc705a3c4e
"Why does Lambda say the image manifest, config, or layer media type is not supported when I use a Docker image from ECR?",b1cb53ac6a
How can I check if my Docker image is in the old OCI index format before deploying it to AWS Lambda?,b1cb53ac6a
What Docker build command should I use to make the image compatible with Lambda's expected manifest v2 format?,b1cb53ac6a
"I rebuilt and pushed my image, but Lambda still rejects it — how do I make sure ECR got the right manifest type?",b1cb53ac6a
"Does a normal `docker build` always create a Lambda-friendly image, or can it still end up in the older OCI format?",b1cb53ac6a
Why do I get the error saying a module compiled with NumPy 1.x can’t run on NumPy 2.2.0 when I load tflite_runtime in my Docker image?,82cf92503d
What’s the right Dockerfile install order to avoid the NumPy 2.x issue with tflite_runtime-2.14.0 in HW9?,82cf92503d
"Do I need to pin NumPy before installing the tflite_runtime wheel, or can I just install the wheel directly?",82cf92503d
"Why does pip pull NumPy 2.x after installing tflite_runtime-2.14.0, and how do I stop that in a serverless Lambda container?",82cf92503d
Is there a way to install the tflite_runtime AWS Lambda wheel without its dependencies so it works with NumPy 1.23.1?,82cf92503d
"Why does my ONNX or PyTorch model want input shaped like (1, 3, 200, 200) when my image preprocessing gives (1, 200, 200, 3)?",7b7188f8f7
How do I convert an image from NHWC to NCHW before feeding it into a PyTorch/ONNX model?,7b7188f8f7
Should I use np.swapaxes or np.transpose to change the image channels order for this homework?,7b7188f8f7
What is the right order of operations: add the batch dimension first or move the channel axis first?,7b7188f8f7
"In this serverless deep learning assignment, why does TensorFlow-style preprocessing not work directly with the exported model?",7b7188f8f7
"Why is my HW9 prediction like 0.0xyz while the multiple-choice answers are around 0.24, 0.44, 0.64, 0.84?",f0d6914717
"For Module 9 homework, should I use the Xception preprocessing or just divide the image values by 255?",f0d6914717
My model output is way off from the expected options in HW9 — is the preprocessing wrong?,f0d6914717
"When doing Serverless Deep Learning homework, why does `x / 127.5 - 1` not match the provided answer choices?",f0d6914717
What input normalization should I use for the HW9 classifier so the prediction falls near the quiz answers?,f0d6914717
"Why does AWS Lambda say the image manifest, config or layer media type isn’t supported when I deploy my Docker image?",9506089527
How can I build a Docker image for Lambda so it doesn’t get rejected by the manifest type?,9506089527
Do I need to change anything in Docker BuildKit before pushing my image to ECR for Lambda?,9506089527
What is the right Docker build command for an amd64 Lambda container image?,9506089527
"Why does Lambda fail with BuildKit images, and how do I avoid the multi-arch index issue?",9506089527
What are some good tools to run Kubernetes locally when I'm practicing model deployment?,0a166909a0
Which local Kubernetes setup would you recommend for testing TensorFlow Serving on my laptop?,0a166909a0
"Can I use Minikube, Kind, or K3s for a small local Kubernetes cluster for development?",0a166909a0
What lightweight options are there for a local Kubernetes environment instead of using a full cluster?,0a166909a0
"Does Docker Desktop include Kubernetes, or do I need to install something else for local practice?",0a166909a0
"How can I figure out the smallest replica count for a Kubernetes model rollout without any downtime, especially if the pods take a while to start?",ff4074063c
What replica setup should I use in a rolling update so traffic never drops when I replace my ML model in production?,ff4074063c
"Do I really need more than 2 pods for zero-downtime model updates, or is 2 enough if I use readiness and startup probes?",ff4074063c
How do maxUnavailable and maxSurge help keep an inference service up while deploying a new TensorFlow Serving version?,ff4074063c
"When deciding replicas for model deployments, how do startup time and readiness checks change the minimum number I need?",ff4074063c
"TensorFlow keeps throwing ""Allocator (GPU_0_bfc) ran out of memory"" on my machine — is there a fix I can add at the start of the notebook?",4693802714
"What does the GPU_0_bfc out-of-memory error usually mean when I'm training TensorFlow locally, and how do I make it stop?",4693802714
Is there a TensorFlow config for letting the GPU use memory more flexibly when I get this allocation error?,4693802714
I’m seeing an error about not being able to allocate several GiB on the GPU in TensorFlow; should I change the session config or something else?,4693802714
"After I enable the GPU memory growth setting in TensorFlow, do I still need to worry if the memory error shows up during some epochs?",4693802714
I'm getting `Descriptors cannot not be created directly` when I run `gateway.py` in module 10 — is this a protobuf version problem?,c25b3cc5fe
"Do I need to regenerate the `_pb2.py` files with a newer `protoc`, or is there a quicker fix for the protobuf error?",c25b3cc5fe
What protobuf version should I pin in pipenv if the TensorFlow Serving gateway breaks because of that descriptor error?,c25b3cc5fe
Is there an environment variable I can set to make the protobuf issue go away without changing the generated files?,c25b3cc5fe
Which package versions should I install for session 10.3 so the gateway script works without the protobuf crash?,c25b3cc5fe
"Why do I get 'Cannot connect to the Docker daemon at unix:///var/run/docker.sock' in WSL, and how do I fix it?",12d79208b3
Docker works in Windows but not inside my WSL distro — is there a Docker Desktop setting I need to enable?,12d79208b3
How can I make Docker Desktop connect properly to my WSL Linux distribution?,12d79208b3
"I’m seeing the docker.sock daemon error in WSL, what should I check in Docker Desktop Resources/WSL Integration?",12d79208b3
Do I need to enable extra WSL distros in Docker Desktop even if my default distro is already selected?,12d79208b3
My HPA still shows `<unknown>` targets after I installed the latest Metrics Server. Is there an easier fix for this?,f8533d5ffd
"I applied the Metrics Server manifest from Kubernetes SIGs, but the HPA is still not working. What should I do next?",f8533d5ffd
How can I make HPA work if the Metrics Server install doesn’t solve the problem and the metrics stay unknown?,f8533d5ffd
Is there a ready-to-use Metrics Server deployment file with `--kubelet-insecure-tls` that I can apply for the HPA issue?,f8533d5ffd
What command should I run when HPA doesn’t run properly even after updating Metrics Server?,f8533d5ffd
Why are my Kubernetes pods stuck in Pending and never start?,bbced12feb
Could low CPU or memory requests stop a pod from being scheduled?,bbced12feb
What should I check if the Docker image for my pod can’t be pulled?,bbced12feb
How do I know if my pod isn’t starting because of resource limits or an image problem?,bbced12feb
What are the most common reasons a pod won’t start in Kubernetes?,bbced12feb
Why do I get `WinError 5 Access is denied` when I run pip install on Windows?,bcedbb12fe
How can I fix the pip permission error without using admin rights?,bcedbb12fe
Should I use `pip install --user` for `grpcio` and `tensorflow-serving-api` on Windows?,bcedbb12fe
Is it better to install these packages in a virtual environment instead of the system Python?,bcedbb12fe
What is the easiest way to avoid permission issues when installing `grpcio==1.42.0` and `tensorflow-serving-api==2.7.0`?,bcedbb12fe
"Why do I get ""Descriptors cannot not be created directly"" when I run gateway.py with tensorflow_serving?",47408c61b9
"What does this protobuf error actually mean, and is my generated code outdated?",47408c61b9
How can I fix the descriptor error without changing my .proto files?,47408c61b9
Should I downgrade protobuf to 3.20.1 for TensorFlow Serving in this module?,47408c61b9
Is there an environment variable workaround for this protobuf issue on Windows?,47408c61b9
How do I get kubectl on Windows without using a package manager?,02bb92c002
What’s the easiest way to set up kubectl in PowerShell on Windows?,02bb92c002
"After downloading kubectl.exe, where should I put it so VSCode can find it?",02bb92c002
How do I add kubectl to PATH on Windows so I can run it from anywhere?,02bb92c002
"Can I install kind on Windows the same way as kubectl, with curl and PATH?",02bb92c002
How do I install Chocolatey on Windows so I can get kind working?,5b78a9f80a
What PowerShell command should I run to set up the choco package manager?,5b78a9f80a
Do I need to open PowerShell as admin before installing choco?,5b78a9f80a
Is there a one-line command to install Chocolatey from PowerShell?,5b78a9f80a
What’s the exact install command for choco if I want to use it for kind?,5b78a9f80a
I'm having trouble installing Kind on Windows with PowerShell or Choco. Is there a way to install it using Go instead?,92f8926c92
What are the steps to get Kind installed through Go if the usual Windows install methods don't work?,92f8926c92
Do I need to install Go first before I can use `go install` for Kind?,92f8926c92
"After installing Go, what command should I run to install Kind from the Go package?",92f8926c92
How can I check that both Go and Kind were installed correctly on my machine?,92f8926c92
"Why does kubectl say ""The connection to the server localhost:8080 was refused"" when I run kubectl get service?",196b1a962a
How do I fix kubectl if it keeps trying to connect to localhost:8080 instead of my cluster?,196b1a962a
What should I do if my kind cluster is messed up and kubectl is not working anymore?,196b1a962a
Is deleting the cluster and removing ~/.kube the right way to solve the localhost:8080 kubectl error?,196b1a962a
"After running kind create cluster again, why does kubectl get service work нормально?",196b1a962a
Why is my AWS instance still out of disk space after I deleted a bunch of Docker images and containers?,34d0aaa13e
I checked `docker images` and saw tons of old or duplicate images — how do I actually free the storage they’re using?,34d0aaa13e
"`docker rmi` didn’t seem to give me back any space, is there another command I should run to clean up Docker?",34d0aaa13e
"I’m experimenting a lot with Docker on a small 30-GB machine and storage keeps filling up fast, what’s the right way to clear unused stuff?",34d0aaa13e
What’s the difference between removing Docker images manually and doing a full `docker system prune` when disk space is tight?,34d0aaa13e
"For HW10 Q6, what does ""correct value for CPU and memory"" actually mean if those numbers seem arbitrary?",ed397a51ef
"In the Kubernetes homework, do I need to worry about the CPU and memory values in the YAML, or only the port part is checked?",ed397a51ef
Why does the homework mention a correct CPU and memory value when it sounds like any values would work?,ed397a51ef
"For this question, is the grading only about the port in the YAML, while CPU and memory are just required fields?",ed397a51ef
"Am I supposed to choose specific CPU and memory settings for HW10 Q6, or are they not really part of the answer?",ed397a51ef
"In a Kubernetes deployment yaml, why are CPU values written like 100m or 500m — what does the m actually stand for?",1c65bb4c0c
"Is 100m in Kubernetes the same as 100 CPU cores, or is it some kind of smaller unit?",1c65bb4c0c
"When I set cpu: 500m for a container, how much of a CPU core is that supposed to be?",1c65bb4c0c
Why does Kubernetes use milliCPU instead of just using normal CPU numbers in the config?,1c65bb4c0c
What do CPU request and CPU limit mean when they're written in milliCPUs like 100m and 500m?,1c65bb4c0c
"Why do I get `ERROR: no nodes found for cluster ""kind""` when I run `kind load docker-image`?",fd3a06c6ee
How can I load a Docker image into a kind cluster if I already named the cluster?,fd3a06c6ee
What’s the right command to use `kind load docker-image` for a cluster called `clothing-model`?,fd3a06c6ee
Is there a way to tell kind which cluster to target when loading an image?,fd3a06c6ee
"I created a kind cluster with a custom name, but image loading fails — what am I missing?",fd3a06c6ee
Why do people use FastAPI instead of Flask when deploying a machine learning model?,23f5be95ef
Is FastAPI actually faster than Flask for an API that serves predictions?,23f5be95ef
How does FastAPI handle input validation and request parsing compared to Flask?,23f5be95ef
"Does FastAPI give you Swagger docs automatically, or do you need extra tools like with Flask?",23f5be95ef
"If I already know Flask, is it still okay to use it for model deployment, or should I switch to FastAPI?",23f5be95ef
Why does Windows say 'kind is not recognized as an internal or external command' after I downloaded it?,4076e3f3a6
"I got the kind-windows-amd64.exe file, but kind --version still fails on Windows — what am I missing?",4076e3f3a6
Do I need to rename the kind download before I can use it from the command line?,4076e3f3a6
Where should I put the kind executable so Windows can find it?,4076e3f3a6
How do I add the folder with kind.exe to PATH on Windows?,4076e3f3a6
How do I get kind working on Linux if I’m using Rootless Docker?,60b2f26382
Is there anything special I need to change on my Linux system to run kind with Rootless Podman?,60b2f26382
Why does kind need system changes when it’s running on Linux in rootless mode?,60b2f26382
Where can I find the official guide for using kind with rootless Docker or Podman?,60b2f26382
"Can kind run normally on Linux with rootless containers, or do I need to follow a specific setup?",60b2f26382
How do I deploy and access the Kubernetes dashboard for my cluster?,e5c67e3439
What’s the easiest way to open the Kubernetes Dashboard web UI?,e5c67e3439
Can someone point me to the steps for setting up the Kubernetes dashboard?,e5c67e3439
How do I get the Kubernetes dashboard running and log in to it?,e5c67e3439
Is there a guide for accessing the Kubernetes Dashboard after deployment?,e5c67e3439
What AWS CLI version do I need for eksctl to work properly?,afc2e6e77d
How can I check which AWS CLI version is installed on my machine?,afc2e6e77d
Is AWS CLI v2 required when setting up EKS with eksctl?,afc2e6e77d
"I’m getting issues with eksctl, could this be because I’m not using AWS CLI v2?",afc2e6e77d
What command do I use to verify my AWS CLI version before running eksctl?,afc2e6e77d
I'm getting `TypeError: __init__() got an unexpected keyword argument 'unbound_message'` when I import Flask in the test app — is this a Flask/Werkzeug version mismatch?,b062fc29e5
"In module 10.3, my Flask service works in Docker but `python gateway.py` crashes with `unbound_message`; how do I check which package version is causing it?",b062fc29e5
What should I look for in `requirements.txt` if Flask throws `unexpected keyword argument 'unbound_message'` after running the container and then the gateway script?,b062fc29e5
"Why does an old Werkzeug version break Flask with `unbound_message`, and what Flask version should I pin to fix it?",b062fc29e5
How can I fix the Flask import error in the Kubernetes/TensorFlow Serving exercise when `pip freeze` shows Flask 2.2.2 and Werkzeug 2.2.2?,b062fc29e5
"Why does `aws ecr get-login --no-include-email` say ""Invalid choice"", and what’s the new command I should use instead?",b612fa07ec
How do I log in to AWS ECR with the AWS CLI now that `get-login` no longer works?,b612fa07ec
What should I run to authenticate Docker with ECR using my AWS account ID and region?,b612fa07ec
Is there a version of the ECR login command that works without manually typing the account number and region?,b612fa07ec
My `aws ecr get-login --no-include-email` command fails with an argument operation error — how do I fix it in this module?,b612fa07ec
Why does tensorflow/serving:2.7.0 crash with that protobuf/qemu error on my M1 Mac?,1322100525
What Docker image should I use instead of tensorflow/serving:2.7.0 on Apple Silicon?,1322100525
How do I run TensorFlow Serving on an M1 Mac without the abort signal issue?,1322100525
Is there an arm64-friendly tensorflow serving image that works with clothing-model?,1322100525
Can I fix the M1 download/runtime problem by changing the Docker image and run command?,1322100525
Why do I get an illegal instruction error when I run the tensorflow/serving container on my Mac M2?,930f795453
"Is tensorflow/serving broken on Apple Silicon Macs like M1 or M2, or is there a workaround?",930f795453
What Docker image should I use instead of tensorflow/serving on Mac Apple Silicon?,930f795453
How can I start TensorFlow Serving with docker run or docker compose without hitting this error?,930f795453
"Does Docker VMM help with this TensorFlow Serving issue on macOS, and what macOS version do I need?",930f795453
"Why does my HPA show CPU as ""Unknown"" and target like <unknown>/20%, even though the deployment is running?",82bef32bca
"I keep getting FailedGetResourceMetric and ""unable to fetch metrics from resource metrics API"" for CPU autoscaling — what am I missing?",82bef32bca
How do I fix the issue where the HorizontalPodAutoscaler can't read CPU utilization metrics in Kubernetes?,82bef32bca
Is there a step I need to do before recreating my HPA when CPU metrics are not appearing at all?,82bef32bca
What’s the proper way to make CPU-based HPA work again if metrics-server is not returning resource metrics?,82bef32bca
"Why does `kubectl autoscale deployment subscription --name subscription-hpa --cpu-percent=20 --min=1 --max=3` fail in HW10, and what is the actual cause of the error?",c9f27cb21a
How can I fix the autoscaling command in the Kubernetes HW10 optional task when it complains about certificate validation or SAN issues?,c9f27cb21a
What should I change in `metrics-server` if HPA does not work because the node IP certificate doesn't have a valid Subject Alternative Name?,c9f27cb21a
Is there a quick workaround to make `kubectl autoscale` work for the subscription deployment in Module 10 without worrying about TLS verification?,c9f27cb21a
"After patching `metrics-server` with `--kubelet-insecure-tls`, do I need to restart anything for the autoscaling setup to take effect?",c9f27cb21a
Why does kubectl apply fail with a validation error on deployment.yaml when I try it locally?,3a0a22fda9
"Do I need a running Kubernetes cluster before applying the deployment file, and how can I check that?",3a0a22fda9
What's the easiest way to start a local cluster for this module if kubectl says the YAML can't be validated?,3a0a22fda9
"After creating the cluster with kind, what commands should I run to confirm everything is actually up?",3a0a22fda9
"If the error still shows up after the cluster is running, what should I look at in my context or YAML version settings?",3a0a22fda9
"Why does my Kind cluster creation keep failing in Module 10, and is there a specific kindest/node image I should use instead?",57c116dde2
"I’m stuck trying to create the Kubernetes cluster for the TensorFlow Serving lab — do I need to pin an older Kind node image, and if so which one?",57c116dde2
"In Module 10, what should I do if Kind won’t create the cluster and the default node image doesn’t work?",57c116dde2
"Is there a recommended kindest/node version for the Kubernetes exercise in Machine Learning Zoomcamp, since my cluster setup fails with the latest image?",57c116dde2
"My Kind cluster won’t start during the Module 10 labs — should I explicitly set the node image, and what command should I use?",57c116dde2
Why does my HPA in a kind cluster keep showing cpu as <unknown>/20% and never scale up?,74e0f64827
Is there a fix for metrics-server not reading CPU metrics in kind because of kubelet TLS certs?,74e0f64827
How can I patch metrics-server so HPA starts showing real CPU usage instead of unknown?,74e0f64827
Do I need to restart metrics-server after adding the kubelet insecure TLS flag in kind?,74e0f64827
Should I use --kubelet-insecure-tls only for local kind setups or is it okay for production too?,74e0f64827
"Why does tensorflow/serving:2.7.0 crash with an Illegal instruction on Apple Silicon, and what can I do about it?",c1095e75a3
"Is the official tensorflow/serving Docker image incompatible with arm64 Macs, or am I missing a setup step?",c1095e75a3
How do I get TensorFlow Serving working on an M1/M2 Mac without that Illegal instruction error?,c1095e75a3
"Should I switch to bitnami/tensorflow-serving:2 on Apple Silicon, and what changes in the model path or env vars do I need?",c1095e75a3
Do I need Docker Desktop 4.35 with Docker VMM Beta to run the official TensorFlow Serving image on a Mac with Apple Silicon?,c1095e75a3
Why does pipenv fail to lock when I use grpcio==1.42.0 and tensorflow-protobuf==2.7.0 in Module 10?,59afc541fd
"Can I keep the lecture package versions, or do I need to change them for Python 3.11 and newer?",59afc541fd
What Python version should I use inside Docker if I want the original dependencies to work?,59afc541fd
Which package versions actually work on Python 3.11+ Linux for the TensorFlow Serving setup?,59afc541fd
"My pipenv lock hangs on Mac M1/M2 — is this a known issue, and what’s the easiest workaround?",59afc541fd
Why do I still need to add a train.py file if my notebook.ipynb already trains the model?,6aa17f1eab
What is the point of train.py for peer review when the notebook has all my code?,6aa17f1eab
How does train.py help reviewers verify my model on their own machine?,6aa17f1eab
Do I have to make my repo runnable with python train.py even if I worked in a notebook?,6aa17f1eab
"What files should I include so someone can clone my project, install deps, and run the training script without opening the notebook?",6aa17f1eab
How do I open an image with Pillow and turn it into a NumPy array?,17eeab7562
What’s the easiest way to read a PNG file with PIL and convert it to an array?,17eeab7562
Do I need to install anything before using Pillow to load an image into NumPy?,17eeab7562
Can someone show the Python code for loading an image with PIL and using asarray on it?,17eeab7562
I’m trying to convert an image file to a NumPy array with Pillow — what should the code look like?,17eeab7562
Do I need a separate train.py in my midterm project if I already have train.ipynb?,b6d8547280
"Can I use only a notebook for training, or does the script file have to be train.py?",b6d8547280
Why does the project require train.py instead of just keeping training code in a Jupyter notebook?,b6d8547280
"Is a .py training script mandatory for the model training part, even if I made a notebook version?",b6d8547280
What’s the reason we should run training from train.py rather than from a notebook file?,b6d8547280
How can I build a simple form interface so people can enter data for my model to use?,79d7bebfbf
What’s a good way to let users submit inputs to an ML model through a UI or app?,79d7bebfbf
Do I need backend validation too if I already validate fields in the frontend form?,79d7bebfbf
Would Streamlit be a good option for creating a form around a machine learning model?,79d7bebfbf
Is it better to use a mobile app or some other interface for collecting data before sending it to the model?,79d7bebfbf
"Why am I getting '[Errno 12] Cannot allocate memory' in my AWS ECS task logs, and how do I fix it?",3e3a6ddca7
My Elastic Container Service container runs out of memory with '[Errno 12]' — should I change the task definition?,3e3a6ddca7
How can I stop the memory allocation error in ECS when my container starts failing?,3e3a6ddca7
What should I increase in AWS ECS if the task log says it can't allocate memory?,3e3a6ddca7
Is the fix for the AWS ECS '[Errno 12] Cannot allocate memory' error to give the task more RAM and CPU?,3e3a6ddca7
"Why do I get `can't get attribute XXX on module __main__` when I load a pickle model in Waitress, but it works with Flask?",3e621509d2
What's causing the pickle error where it looks for my custom class in `__main__` after I saved the model from `train.py`?,3e621509d2
How do I fix the issue when `pickle.load` fails because my custom transformer was saved from the `__main__` module?,3e621509d2
Do I need to move my custom column transformer into a separate file so both training and prediction scripts can import it?,3e621509d2
"Why does `python predict.py` work locally, but the same model breaks once I serve it through Waitress in Docker?",3e621509d2
What are the usual ways to deal with outliers in a dataset?,091ce4f5ff
"Should I transform the data, like using a log, to reduce the effect of outliers?",091ce4f5ff
Is clipping extreme values a good approach for handling outliers?,091ce4f5ff
When does it make sense to just remove outlier rows from the dataset?,091ce4f5ff
What are the most common techniques people use to handle outliers in machine learning data?,091ce4f5ff
"Do we actually need to run every notebook and script, or is it okay to just review them if some of them don't work on my machine?",128c829dbd
"For reproducibility, what should be included so someone else can follow along without guessing anything?",128c829dbd
"If I can't run the neural network examples locally, is that a problem for the course or the project?",128c829dbd
"Should I try to execute all the files myself even when I can already see the code, or is that optional?",128c829dbd
What's the minimum needed to make my work reproducible for others besides the code itself?,128c829dbd
How can I make my ML model smaller before uploading it to GitHub?,3f5dbbd3b5
Is there a way to compress a trained model with joblib?,3f5dbbd3b5
What’s the easiest way to save a big model so it fits in a repo?,3f5dbbd3b5
Can I use zlib compression when dumping a model with joblib?,3f5dbbd3b5
Why does joblib.dump take a bit longer when I compress the model?,3f5dbbd3b5
"Why do I get an unauthorized error when I try to push my Docker image to Google Container Registry, and how can I fix it?",5a7cdb33f2
What should I do if Docker push to Google Container Registry says I don’t have the needed permissions or my credentials may be invalid?,5a7cdb33f2
How can I set up my machine so I’m allowed to push a Docker image to Google Container Registry?,5a7cdb33f2
"Is there a Google Cloud SDK step needed before pushing Docker to Google Container Registry, and what command should I run?",5a7cdb33f2
What’s the fix for Docker push failing on Google Container Registry because of permission or auth problems?,5a7cdb33f2
Why do I get a name 'scipy' is not defined error when I run ImageDataGenerator.flow_from_dataframe?,424d68d110
How can I fix the scipy not defined error in ImageDataGenerator?,424d68d110
Do I need to install scipy for flow_from_dataframe to work?,424d68d110
What should I do after installing scipy so ImageDataGenerator works again?,424d68d110
Why does my Jupyter notebook still throw a scipy error after pip install scipy?,424d68d110
Why am I getting UnidentifiedImageError when I try to load my test image from a GitHub link with preprocessor.from_url()?,9db0f62601
"My local model test fails with ""cannot identify image file"" for a GitHub .jpg URL — what am I missing?",9db0f62601
How do I make a GitHub-hosted image work as input for from_url without hitting the BytesIO image error?,9db0f62601
Is there a special way to format a GitHub image URL so PIL can read it during local testing?,9db0f62601
"I can open the image in the browser, but my code still throws UnidentifiedImageError on the GitHub file link — how do I fix it?",9db0f62601
"Why does pipenv install fail with a resolution failure about sub-dependencies, and what should I check in my Pipfile or lock file?",0f19932601
I’m getting a warning that my dependencies could not be resolved in pipenv — is this usually caused by mismatched sub-dependencies?,0f19932601
What’s the fix when pipenv says there’s a dependency mismatch and installation won’t complete?,0f19932601
Do I need to update Pipfile and Pipfile.lock manually before running pipenv lock to solve this error?,0f19932601
How can I regenerate the lock file after pipenv reports unresolved dependencies?,0f19932601
"Why do I get ""Error decoding JSON response: Expecting value: line 1 column 1 (char 0)"" when sending test data to my prediction server?",25ff7dd14c
What does it mean if the server gets my input as JSON but the model still fails to predict?,25ff7dd14c
How can I fix my predict-test data if the model says the input shape is wrong?,25ff7dd14c
Do I need to convert the request data from a dict or JSON into numpy arrays before passing it to the model?,25ff7dd14c
Why is my prediction request breaking even though the API response is supposed to be JSON?,25ff7dd14c
Why do I keep getting SIGTERM on Render when I deploy my Docker image? Is it because the app is running out of memory?,e855e1b1b8
What are some cheap or free cloud options for deploying an ML Docker container besides Render?,e855e1b1b8
Does AWS or GCP have any free-tier VM or instance I can use for a small model app?,e855e1b1b8
Is Hugging Face Spaces or Railway good enough if I just want to show a model demo online?,e855e1b1b8
How can I shrink my Docker image so it fits inside tiny free-tier RAM limits?,e855e1b1b8
How can I plot the predicted values for each class after training a neural network?,7efbf0d444
What's a simple way to make a bar chart of class predictions in Python?,7efbf0d444
"After training, how do I visualize predictions per class using matplotlib?",7efbf0d444
Is there a quick snippet to turn classes and predictions into a bar plot?,7efbf0d444
How do I display neural net outputs for each class as a chart?,7efbf0d444
How do I turn a dict of prediction values into a pandas DataFrame with one column?,d2cdec8f35
What's the easiest way to convert my prediction output dictionary to a table in pandas?,d2cdec8f35
Can I use pandas to make a DataFrame from a dictionary and name the column Prediction?,d2cdec8f35
How do I format dictionary values as a DataFrame with keys as rows in Python?,d2cdec8f35
Is there a simple pandas method for converting a prediction dict into a DataFrame?,d2cdec8f35
Where can I find the script that generates the kitchenware competition dataset layout?,0156cf3b62
Why was a dataset generator script made for the kitchenware classification competition?,0156cf3b62
Is there a Kaggle notebook for turning the competition images into the format used in the dino vs dragon lesson?,0156cf3b62
Why does the kitchenware dataset have a different folder structure than the one from the lesson?,0156cf3b62
How can I get the competition data into a layout I'm already familiar with from class?,0156cf3b62
"If I turn in the homework after the deadline, will it still get checked?",1a78bec215
What happens if I submit the assignment late — is there still a chance it’s evaluated?,1a78bec215
"Can I send my homework after the form closes, or is it already too late?",1a78bec215
Will late submissions be accepted as long as the submission form is still open?,1a78bec215
How do I know whether my overdue assignment can still be graded?,1a78bec215
Do I need to make my GitHub repo public for the homework?,5851324f04
Can the person grading my homework access a private repository link?,5851324f04
Why does my GitHub repository have to be public for correction?,5851324f04
Is a public GitHub repo required so the homework checker can open it?,5851324f04
Will my homework be reviewed if my GitHub repo isn't public?,5851324f04
What IDEs do you recommend for machine learning work?,840d7e7ee8
Should I use VSCode or Jupyter for machine learning projects?,840d7e7ee8
Which editor is best to start with for machine learning?,840d7e7ee8
Do you suggest VSCode and Jupyter for ML coding?,840d7e7ee8
"Is VSCode a good choice for machine learning, or should I use Jupyter instead?",840d7e7ee8
How do I check if wget is available in Google Colab before downloading anything?,19e1e5c938
What’s the right way to use wget in Colab to save a file into my Drive Downloads folder?,19e1e5c938
"Do I need to install wget separately in Google Colab, or can I just run it directly?",19e1e5c938
How can I download a file from a URL in Colab and put it under /content/drive/My Drive/Downloads/?,19e1e5c938
What command should I use in Colab if I want wget to download a file to a specific folder in Google Drive?,19e1e5c938
"Why does scikit-learn keep complaining about my feature array shape, and how should I format X?",24713fbf0d
I have a single column as a NumPy array — how do I turn it into something scikit-learn will accept?,24713fbf0d
"When I filter a pandas DataFrame by ocean_proximity values, how can I keep only a specific set of columns afterward?",24713fbf0d
What’s the easiest way to select rows where ocean_proximity is either '<1H OCEAN' or 'INLAND' and then grab just the features I need?,24713fbf0d
"If my feature list is currently 1D, do I need reshape before passing it to sklearn, or is there another workaround?",24713fbf0d
I’m getting `FutureWarning: is_categorical_dtype is deprecated` when I plot with Matplotlib to inspect a median tail. What’s the easiest way to get rid of it?,e5ceadc2f4
"Do I need to update Pandas if Matplotlib throws the `is_categorical_dtype` FutureWarning, or can I just ignore it somehow?",e5ceadc2f4
How can I stop the `FutureWarning` about `is_categorical_dtype` from showing up in my Jupyter notebook?,e5ceadc2f4
What command should I run to upgrade Pandas so this Matplotlib warning goes away?,e5ceadc2f4
Is there a clean way to suppress FutureWarning messages in Python without changing my code logic?,e5ceadc2f4
"Why does rerunning the Docker setup on Windows give a ""Python 3.11 was not found"" error, and how can I fix it?",2490b9e786
"I can run the project in WSL/Linux, but on Windows I get a pipenv/asdf message about missing Python 3.11. What should I do?",2490b9e786
"What does it mean when Docker says it can't find Python 3.11 on my system, and why does adding it to PATH help?",2490b9e786
I'm getting an error that neither pipenv nor asdf can install Python when I rerun the Docker file in Windows. What's the workaround?,2490b9e786
Do I need to change anything in Windows so the Docker build can find Python 3.11 instead of failing with that warning?,2490b9e786
How do I deploy my machine learning project to DigitalOcean App Platform for this course?,0b20afa7bb
What should I do if my app’s source code isn’t in the repo root when creating a DigitalOcean app?,0b20afa7bb
Where do I change the Dockerfile path in DigitalOcean so it points to my project folder correctly?,0b20afa7bb
Do I need to keep the container running on DigitalOcean until the project is evaluated?,0b20afa7bb
"If my model files aren’t generated during the Docker build, how should I include them in the deployment?",0b20afa7bb
"Should I only keep the top important features when training a model, or can the less important ones still help?",3cc0ce528e
How do I know if a feature is worth keeping even if its importance score is low?,3cc0ce528e
"If two features are strongly correlated, is it okay to remove one of them from the model?",3cc0ce528e
What's a good way to test whether dropping a feature hurts my model performance?,3cc0ce528e
Does L1 regularization like Lasso actually do feature selection automatically?,3cc0ce528e
"What are some practical ways to handle a dataset that’s too big to load all at once, like the New York Yellow Taxi data?",7f18a34896
"If I only need to explore a huge dataframe, is it okay to work with a random subset instead of the full data?",7f18a34896
How do people usually process big CSVs in pieces so they still fit into memory?,7f18a34896
Is there a way to reduce RAM usage in pandas by changing column types instead of using the defaults?,7f18a34896
When should I look at Dask instead of plain pandas for working with large datasets?,7f18a34896
"Can I follow this machine learning course in R or Scala instead of Python, or is that going to cause problems with homework and grading?",165122776e
"If I use a language other than Python 3.10 for the course, could the multiple-choice answers or homework checks stop matching up?",165122776e
"Is it okay to submit assignments or a capstone in another language, or would peer review be an issue because people may not understand it?",165122776e
"Technically speaking, can I learn the course material in a different language while still keeping an official Python repo for submissions?",165122776e
"Do you recommend doing the course in R, Scala, or another language for personal practice, even if the official homework is supposed to be in Python?",165122776e
"Can I use fast.ai or Hugging Face in the capstone project, or is that considered too much help?",29ef71cc59
Are libraries like fast.ai and Hugging Face allowed for the competition?,29ef71cc59
"Is it okay to rely on external ML libraries in the capstone, or do they count as cheating?",29ef71cc59
"For the capstone and competition, can we use tools like fast.ai, or should we avoid them?",29ef71cc59
Do course rules let us use Hugging Face in the final project?,29ef71cc59
"Why does my Flask Docker image work, but my TensorFlow Serving image fails to test, and what should I check first?",c04524a66d
"If I get an illegal instruction error when running tf-serving in Docker on Apple Silicon, what usually causes it?",c04524a66d
Do the TensorFlow and TensorFlow Serving versions need to be the same for Docker to run properly?,c04524a66d
I’m on a Mac with Apple Silicon and tf_serving_entrypoint.sh crashes in Docker — is there a known fix or workaround?,c04524a66d
"Can Docker 4.35.0 on Mac help run the native TensorFlow Serving image on Apple Silicon, and if so how?",c04524a66d
How should I add the Machine Learning Zoomcamp to my LinkedIn without making it look like a real job?,d767e50478
What kind of title do people usually put for DataTalksClub experience on LinkedIn?,d767e50478
Should I list Machine Learning Zoomcamp as an internship or official employment on my profile?,d767e50478
Where else on LinkedIn can I mention the Zoomcamp if I don't want it in the Experience section?,d767e50478
Any tips for showing off my Zoomcamp project and progress on LinkedIn or even my CV?,d767e50478
How can I install an extra Python package in Google Colab or Kaggle notebooks?,b75fa5280e
Do I need to use an exclamation mark before pip install in a notebook cell?,b75fa5280e
"How do I install a package with extras, like a CUDA-enabled TensorFlow build, inside Colab?",b75fa5280e
Is there a way to make pip install quieter when adding a package in a notebook?,b75fa5280e
What should I do if I install a package that replaces one already imported in the runtime?,b75fa5280e
How do I open the current WSL folder in Windows Explorer from the terminal?,e53752c5b7
What command can I run in WSL if I want to see my current directory in Explorer before uploading to GitHub?,e53752c5b7
Is there a way to launch the folder I'm working in from WSL directly in Windows Explorer?,e53752c5b7
What’s the terminal command for opening the present directory in Explorer on Windows when I'm inside WSL?,e53752c5b7
"If I’m in WSL and need to browse the same folder in Explorer, what should I type?",e53752c5b7
Why do I get different outputs on Jupyter local vs Colab even when I set random_state=42?,2909275a35
Can NumPy or scikit-learn versions make the same notebook produce different numbers on two machines?,2909275a35
"Does Python version affect reproducibility in ML homework, like 3.8 vs 3.11?",2909275a35
Could MKL or OpenBLAS be the reason my results change across OS or CPU?,2909275a35
How do I make my machine learning results more reproducible across different environments?,2909275a35
How can I turn a Jupyter notebook into a Python script from the terminal?,c5b67c62c1
Is there a quick command to export notebook.ipynb as a .py file?,c5b67c62c1
What’s the easiest way to save a notebook as an executable script in JupyterLab?,c5b67c62c1
"Do I need to use nbconvert to convert a notebook to a script, or is there another way?",c5b67c62c1
How do I make a .py script from a notebook without copying cells manually?,c5b67c62c1
Why do I get GitHub 429: Too Many Requests when I try to download a CSV with wget or pd.read_csv(url)?,28991e4581
What can I do if GitHub is rate-limiting my unauthenticated CSV download request by IP?,28991e4581
Is there a way to make wget from GitHub work again after hitting the 429 error without waiting too long?,28991e4581
How can I avoid the 429 error when loading a CSV from a GitHub URL in Python?,28991e4581
"For a course project, what is the best way to handle a CSV from GitHub so I don’t keep getting blocked by rate limits?",28991e4581
Why am I getting a Pandas ParserError saying it expected 1 field but found more when I read a CSV I downloaded with wget from GitHub?,d6dd8c7f90
I used a GitHub link with wget and ended up with a file that pandas can't parse like a CSV — what am I missing?,d6dd8c7f90
How do I download the real CSV from GitHub instead of the web page version so pandas can read it correctly?,d6dd8c7f90
My downloaded CSV starts with HTML when I run head on it — what's the right GitHub URL to use?,d6dd8c7f90
"Why does using a github.com/blob link with wget break my CSV file, and what should the URL look like instead?",d6dd8c7f90
Why does my sklearn or numpy code suddenly break after upgrading to Python 3.13 or 3.14?,4e51151a36
What Python version should I use for this machine learning course so my libraries keep working?,4e51151a36
"If I already moved to Python 3.13, what's the quickest way to go back to a version that works with the course?",4e51151a36
Did Python 3.13 change something big enough to cause issues with ML packages like sklearn and numpy?,4e51151a36
How do I pin my project to a safer Python version after upgrading and hitting dependency problems?,4e51151a36
Why does my homework result not match any of the multiple-choice answers even though my code runs fine?,ab183bd688
What are the most common reasons a ML Zoomcamp homework answer ends up different from the provided options?,ab183bd688
Could I be getting the wrong homework output because I sliced the columns or applied the filter in the wrong order?,ab183bd688
"Does rounding intermediate values early cause the final homework answer to be off, or should I round only at the end?",ab183bd688
"If my answer still doesn't match any option after checking the split logic, log transform, and versions, what should I do?",ab183bd688
